{"event_name": "login", "timestamp": "2026-09-04 05:01:46.876", "session_id": 64, "login_name": "sa", "program_name": "Microsoft JDBC Driver for SQL Server", "database_name": "SteelNort"}
{"event_name": "login", "timestamp": "2026-09-04 05:01:46.876", "session_id": 65, "login_name": "sa", "program_name": "Microsoft JDBC Driver for SQL Server", "database_name": "SteelNort"}
{"event_name": "login", "timestamp": "2026-09-04 05:01:46.876", "session_id": 66, "login_name": "sa", "program_name": "Microsoft JDBC Driver for SQL Server", "database_name": "SteelNort"}
{"event_name": "login", "timestamp": "2026-09-04 05:01:46.876", "session_id": 67, "login_name": "sa", "program_name": "Microsoft JDBC Driver for SQL Server", "database_name": "SteelNort"}
{"event_name": "login", "timestamp": "2026-09-04 05:01:46.876", "session_id": 68, "login_name": "sa", "program_name": "Microsoft JDBC Driver for SQL Server", "database_name": "SteelNort"}
{"event_name": "login", "timestamp": "2026-09-04 05:01:46.876", "session_id": 69, "login_name": "sa", "program_name": "Microsoft JDBC Driver for SQL Server", "database_name": "SteelNort"}
{"event_name": "login", "timestamp": "2026-09-04 05:01:46.876", "session_id": 70, "login_name": "NT AUTHORITY\\SYSTEM", "program_name": "SQLServerCEIP", "database_name": "SteelNort"}
{"event_name": "login", "timestamp": "2026-09-04 05:01:46.876", "session_id": 71, "login_name": "sa", "program_name": "unknown", "database_name": "SteelNort"}
{"event_name": "login", "timestamp": "2026-09-04 05:01:46.876", "session_id": 72, "login_name": "sa", "program_name": "unknown", "database_name": "SteelNort"}
{"event_name": "login", "timestamp": "2026-09-04 05:01:46.876", "session_id": 73, "login_name": "sa", "program_name": "unknown", "database_name": "SteelNort"}
{"event_name": "login", "timestamp": "2026-09-04 05:01:46.876", "session_id": 74, "login_name": "sa", "program_name": "unknown", "database_name": "SteelNort"}
{"event_name": "login", "timestamp": "2026-09-04 05:01:46.876", "session_id": 75, "login_name": "sa", "program_name": "unknown", "database_name": "SteelNort"}
{"event_name": "login", "timestamp": "2026-09-04 05:01:46.876", "session_id": 76, "login_name": "sa", "program_name": "unknown", "database_name": "SteelNort"}
{"event_name": "login", "timestamp": "2026-09-04 05:01:46.876", "session_id": 77, "login_name": "sa", "program_name": "python3.11", "database_name": "SteelNort"}
{"event_name": "login", "timestamp": "2026-09-04 05:01:46.876", "session_id": 78, "login_name": "sa", "program_name": "python3.11", "database_name": "SteelNort"}
{"event_name": "login", "timestamp": "2026-09-04 05:01:46.876", "session_id": 79, "login_name": "sa", "program_name": "python3.11", "database_name": "SteelNort"}
{"event_name": "login", "timestamp": "2026-09-04 05:01:46.876", "session_id": 51, "login_name": "sa", "program_name": "unknown", "database_name": "SteelNort"}
{"event_name": "login", "timestamp": "2026-09-04 05:01:46.876", "session_id": 52, "login_name": "sa", "program_name": "Microsoft JDBC Driver for SQL Server", "database_name": "SteelNort"}
{"event_name": "login", "timestamp": "2026-09-04 05:01:46.876", "session_id": 53, "login_name": "sa", "program_name": "unknown", "database_name": "SteelNort"}
{"event_name": "login", "timestamp": "2026-09-04 05:01:46.876", "session_id": 54, "login_name": "sa", "program_name": "unknown", "database_name": "SteelNort"}
{"event_name": "login", "timestamp": "2026-09-04 05:01:46.876", "session_id": 55, "login_name": "sa", "program_name": "unknown", "database_name": "SteelNort"}
{"event_name": "login", "timestamp": "2026-09-04 05:01:46.876", "session_id": 56, "login_name": "sa", "program_name": "unknown", "database_name": "SteelNort"}
{"event_name": "login", "timestamp": "2026-09-04 05:01:46.876", "session_id": 57, "login_name": "sa", "program_name": "unknown", "database_name": "SteelNort"}
{"event_name": "login", "timestamp": "2026-09-04 05:01:46.876", "session_id": 58, "login_name": "sa", "program_name": "unknown", "database_name": "SteelNort"}
{"event_name": "login", "timestamp": "2026-09-04 05:01:46.876", "session_id": 59, "login_name": "sa", "program_name": "unknown", "database_name": "SteelNort"}
{"event_name": "login", "timestamp": "2026-09-04 05:01:46.876", "session_id": 60, "login_name": "sa", "program_name": "Microsoft JDBC Driver for SQL Server", "database_name": "SteelNort"}
{"event_name": "login", "timestamp": "2026-09-04 05:01:46.876", "session_id": 61, "login_name": "sa", "program_name": "unknown", "database_name": "SteelNort"}
{"event_name": "login", "timestamp": "2026-09-04 05:01:46.876", "session_id": 62, "login_name": "sa", "program_name": "Microsoft JDBC Driver for SQL Server", "database_name": "SteelNort"}
{"event_name": "login", "timestamp": "2026-09-04 05:01:46.876", "session_id": 63, "login_name": "sa", "program_name": "Microsoft JDBC Driver for SQL Server", "database_name": "SteelNort"}
{"event_name": "sql_batch_completed", "timestamp": "2026-09-04 05:01:46.876", "database_name": "master", "session_id": 51, "command": "TASK MANAGER", "duration": 53931, "cpu_time": 0, "logical_reads": 0, "writes": 0}
{"event_name": "sql_batch_completed", "timestamp": "2026-09-04 05:01:46.876", "database_name": "master", "session_id": 53, "command": "TRACE QUEUE TASK", "duration": 649065, "cpu_time": 20, "logical_reads": 0, "writes": 0, "wait_type": "SQLTRACE_INCREMENTAL_FLUSH_SLEEP"}
{"event_name": "sql_batch_completed", "timestamp": "2026-09-04 05:01:46.876", "database_name": "SteelNort", "session_id": 54, "command": "SYSTEM_HEALTH_MONITOR", "duration": 649060, "cpu_time": 1, "logical_reads": 0, "writes": 0, "wait_type": "SP_SERVER_DIAGNOSTICS_SLEEP"}
{"event_name": "sql_batch_completed", "timestamp": "2026-09-04 05:01:46.876", "database_name": "master", "session_id": 55, "command": "BRKR TASK", "duration": 647075, "cpu_time": 0, "logical_reads": 0, "writes": 0, "wait_type": "BROKER_TRANSMITTER"}
{"event_name": "sql_batch_completed", "timestamp": "2026-09-04 05:01:46.876", "database_name": "master", "session_id": 56, "command": "CHECKPOINT", "duration": 649009, "cpu_time": 0, "logical_reads": 0, "writes": 6, "wait_type": "CHECKPOINT_QUEUE"}
{"event_name": "sql_batch_completed", "timestamp": "2026-09-04 05:01:46.876", "database_name": "master", "session_id": 57, "command": "TASK MANAGER", "duration": 649010, "cpu_time": 0, "logical_reads": 0, "writes": 0, "wait_type": "ONDEMAND_TASK_QUEUE"}
{"event_name": "sql_batch_completed", "timestamp": "2026-09-04 05:01:46.876", "database_name": "master", "session_id": 58, "command": "BRKR TASK", "duration": 647078, "cpu_time": 75, "logical_reads": 0, "writes": 0, "wait_type": "BROKER_TO_FLUSH"}
{"event_name": "sql_batch_completed", "timestamp": "2026-09-04 05:01:46.876", "database_name": "master", "session_id": 59, "command": "BRKR TASK", "duration": 647080, "cpu_time": 227, "logical_reads": 0, "writes": 0, "wait_type": "HADR_FILESTREAM_IOMGR_IOCOMPLETION"}
{"event_name": "sql_batch_completed", "timestamp": "2026-09-04 05:01:46.876", "database_name": "SteelNort", "session_id": 61, "command": "HADR_AR_MGR_NOTIFICATION_WORKER", "duration": 648994, "cpu_time": 0, "logical_reads": 0, "writes": 0, "wait_type": "HADR_NOTIFICATION_DEQUEUE"}
{"event_name": "sql_batch_completed", "timestamp": "2026-09-04 05:01:46.876", "database_name": "master", "session_id": 71, "command": "TASK MANAGER", "duration": 53942, "cpu_time": 0, "logical_reads": 0, "writes": 0}
{"event_name": "sql_batch_completed", "timestamp": "2026-09-04 05:01:46.876", "database_name": "master", "session_id": 72, "command": "TASK MANAGER", "duration": 53943, "cpu_time": 0, "logical_reads": 0, "writes": 0}
{"event_name": "sql_batch_completed", "timestamp": "2026-09-04 05:01:46.876", "database_name": "master", "session_id": 73, "command": "TASK MANAGER", "duration": 53944, "cpu_time": 0, "logical_reads": 0, "writes": 0}
{"event_name": "sql_batch_completed", "timestamp": "2026-09-04 05:01:46.876", "database_name": "master", "session_id": 74, "command": "TASK MANAGER", "duration": 53945, "cpu_time": 0, "logical_reads": 0, "writes": 0}
{"event_name": "sql_batch_completed", "timestamp": "2026-09-04 05:01:46.876", "database_name": "master", "session_id": 75, "command": "TASK MANAGER", "duration": 53946, "cpu_time": 0, "logical_reads": 0, "writes": 0}
{"event_name": "sql_batch_completed", "timestamp": "2026-09-04 05:01:46.876", "database_name": "master", "session_id": 76, "command": "TASK MANAGER", "duration": 53943, "cpu_time": 0, "logical_reads": 0, "writes": 0}
{"event_name": "sql_batch_completed", "timestamp": "2026-09-04 05:01:46.876", "database_name": "SteelNort", "session_id": 77, "command": "EXECUTE", "duration": 72, "cpu_time": 51, "logical_reads": 0, "writes": 0, "wait_type": "MSQL_XP"}
{"event_name": "sql_batch_completed", "timestamp": "2026-09-04 05:01:46.876", "database_name": "SteelNort", "session_id": 79, "command": "SELECT", "duration": 23, "cpu_time": 0, "logical_reads": 0, "writes": 0}
{"event_name": "lock_acquired", "timestamp": "2026-09-04 05:01:46.876", "session_id": 63, "resource_type": "DATABASE", "mode": "S"}
{"event_name": "lock_acquired", "timestamp": "2026-09-04 05:01:46.876", "session_id": 60, "resource_type": "DATABASE", "mode": "S"}
{"event_name": "lock_acquired", "timestamp": "2026-09-04 05:01:46.876", "session_id": 79, "resource_type": "DATABASE", "mode": "S"}
{"event_name": "lock_acquired", "timestamp": "2026-09-04 05:01:46.876", "session_id": 64, "resource_type": "DATABASE", "mode": "S"}
{"event_name": "lock_acquired", "timestamp": "2026-09-04 05:01:46.876", "session_id": 78, "resource_type": "OBJECT", "mode": "Sch-S"}
{"event_name": "lock_acquired", "timestamp": "2026-09-04 05:01:46.876", "session_id": 52, "resource_type": "DATABASE", "mode": "S"}
{"event_name": "lock_acquired", "timestamp": "2026-09-04 05:01:46.876", "session_id": 67, "resource_type": "DATABASE", "mode": "S"}
{"event_name": "lock_acquired", "timestamp": "2026-09-04 05:01:46.876", "session_id": 78, "resource_type": "DATABASE", "mode": "S"}
{"event_name": "lock_acquired", "timestamp": "2026-09-04 05:01:46.876", "session_id": 68, "resource_type": "DATABASE", "mode": "S"}
{"event_name": "lock_acquired", "timestamp": "2026-09-04 05:01:46.876", "session_id": 65, "resource_type": "DATABASE", "mode": "S"}
{"event_name": "lock_acquired", "timestamp": "2026-09-04 05:01:46.876", "session_id": 62, "resource_type": "DATABASE", "mode": "S"}
{"event_name": "lock_acquired", "timestamp": "2026-09-04 05:01:46.876", "session_id": 77, "resource_type": "DATABASE", "mode": "S"}
{"event_name": "lock_acquired", "timestamp": "2026-09-04 05:01:46.876", "session_id": 69, "resource_type": "DATABASE", "mode": "S"}
{"event_name": "lock_acquired", "timestamp": "2026-09-04 05:01:46.876", "session_id": 66, "resource_type": "DATABASE", "mode": "S"}
{"event_name": "wait_info", "timestamp": "2026-09-04 05:01:51.972", "session_id": 58, "wait_type": "SLEEP_TASK", "database_name": "master"}
{"event_name": "sql_batch_completed", "timestamp": "2026-09-04 05:01:51.972", "database_name": "SteelNort", "session_id": 77, "command": "EXECUTE", "duration": 5113, "cpu_time": 51, "logical_reads": 0, "writes": 0, "status": "completed"}
{"event_name": "lock_released", "timestamp": "2026-09-04 05:01:51.972", "session_id": 78, "resource_type": "OBJECT", "mode": "Sch-S"}
{"event_name": "wait_info", "timestamp": "2026-09-04 05:01:56.998", "session_id": 58, "wait_type": "BROKER_TO_FLUSH", "database_name": "master"}
{"event_name": "wait_info", "timestamp": "2026-09-04 05:02:02.018", "session_id": 58, "wait_type": "SLEEP_TASK", "database_name": "master"}
{"event_name": "sql_batch_completed", "timestamp": "2026-09-04 05:02:02.018", "database_name": "SteelNort", "session_id": 63, "command": "EXECUTE", "duration": 8, "cpu_time": 0, "logical_reads": 0, "writes": 0}
{"event_name": "sql_batch_completed", "timestamp": "2026-09-04 05:02:07.047", "database_name": "SteelNort", "session_id": 63, "command": "EXECUTE", "duration": 5035, "cpu_time": 0, "logical_reads": 0, "writes": 0, "status": "completed"}
{"event_name": "wait_info", "timestamp": "2026-09-04 05:02:12.068", "session_id": 58, "wait_type": "BROKER_TO_FLUSH", "database_name": "master"}
{"event_name": "wait_info", "timestamp": "2026-09-04 05:02:17.086", "session_id": 58, "wait_type": "SLEEP_TASK", "database_name": "master"}
{"event_name": "wait_info", "timestamp": "2026-09-04 05:02:22.109", "session_id": 58, "wait_type": "BROKER_TO_FLUSH", "database_name": "master"}
{"event_name": "wait_info", "timestamp": "2026-09-04 05:02:27.145", "session_id": 58, "wait_type": "SLEEP_TASK", "database_name": "master"}
{"event_name": "sql_batch_completed", "timestamp": "2026-09-04 05:02:27.145", "database_name": "SteelNort", "session_id": 60, "command": "AWAITING COMMAND", "duration": 8, "cpu_time": 0, "logical_reads": 0, "writes": 0}
{"event_name": "sql_batch_completed", "timestamp": "2026-09-04 05:02:27.145", "database_name": "SteelNort", "session_id": 68, "command": "EXECUTE", "duration": 9, "cpu_time": 1, "logical_reads": 0, "writes": 0}
{"event_name": "wait_info", "timestamp": "2026-09-04 05:02:32.178", "session_id": 58, "wait_type": "BROKER_TO_FLUSH", "database_name": "master"}
{"event_name": "sql_batch_completed", "timestamp": "2026-09-04 05:02:32.178", "database_name": "SteelNort", "session_id": 60, "command": "AWAITING COMMAND", "duration": 5051, "cpu_time": 0, "logical_reads": 0, "writes": 0, "status": "completed"}
{"event_name": "lock_acquired", "timestamp": "2026-09-04 05:02:32.178", "session_id": 68, "resource_type": "PAGE", "mode": "IX"}
{"event_name": "lock_acquired", "timestamp": "2026-09-04 05:02:32.178", "session_id": 68, "resource_type": "OBJECT", "mode": "IX"}
{"event_name": "lock_acquired", "timestamp": "2026-09-04 05:02:32.178", "session_id": 68, "resource_type": "RID", "mode": "X"}
{"event_name": "lock_acquired", "timestamp": "2026-09-04 05:02:32.178", "session_id": 68, "resource_type": "KEY", "mode": "X"}
{"event_name": "wait_info", "timestamp": "2026-09-04 05:02:37.223", "session_id": 58, "wait_type": "SLEEP_TASK", "database_name": "master"}
{"event_name": "sql_batch_completed", "timestamp": "2026-09-04 05:02:37.223", "database_name": "SteelNort", "session_id": 68, "command": "AWAITING COMMAND", "duration": 5042, "cpu_time": 0, "logical_reads": 0, "writes": 0, "status": "completed"}
{"event_name": "lock_released", "timestamp": "2026-09-04 05:02:37.223", "session_id": 68, "resource_type": "PAGE", "mode": "IX"}
{"event_name": "lock_released", "timestamp": "2026-09-04 05:02:37.223", "session_id": 68, "resource_type": "OBJECT", "mode": "IX"}
{"event_name": "lock_released", "timestamp": "2026-09-04 05:02:37.223", "session_id": 68, "resource_type": "RID", "mode": "X"}
{"event_name": "lock_released", "timestamp": "2026-09-04 05:02:37.223", "session_id": 68, "resource_type": "KEY", "mode": "X"}
{"event_name": "wait_info", "timestamp": "2026-09-04 05:02:42.251", "session_id": 58, "wait_type": "BROKER_TO_FLUSH", "database_name": "master"}
{"event_name": "wait_info", "timestamp": "2026-09-04 05:02:47.273", "session_id": 58, "wait_type": "SLEEP_TASK", "database_name": "master"}
{"event_name": "sql_batch_completed", "timestamp": "2026-09-04 05:02:47.273", "database_name": "SteelNort", "session_id": 65, "command": "SELECT", "duration": 6, "cpu_time": 0, "logical_reads": 0, "writes": 0}
{"event_name": "login", "timestamp": "2026-09-04 05:02:52.300", "session_id": 80, "login_name": "795ec2146175\\Administrator", "program_name": "Microsoft SQL Server", "database_name": "SteelNort"}
{"event_name": "wait_info", "timestamp": "2026-09-04 05:02:52.300", "session_id": 58, "wait_type": "BROKER_TO_FLUSH", "database_name": "master"}
{"event_name": "sql_batch_completed", "timestamp": "2026-09-04 05:02:52.300", "database_name": "SteelNort", "session_id": 60, "command": "AWAITING COMMAND", "duration": 9, "cpu_time": 0, "logical_reads": 0, "writes": 0}
{"event_name": "sql_batch_completed", "timestamp": "2026-09-04 05:02:52.300", "database_name": "SteelNort", "session_id": 66, "command": "AWAITING COMMAND", "duration": 10, "cpu_time": 1, "logical_reads": 0, "writes": 0}
{"event_name": "sql_batch_completed", "timestamp": "2026-09-04 05:02:52.300", "database_name": "SteelNort", "session_id": 77, "command": "EXECUTE", "duration": 344, "cpu_time": 134, "logical_reads": 0, "writes": 0, "wait_type": "MSQL_XP"}
{"event_name": "sql_batch_completed", "timestamp": "2026-09-04 05:02:52.300", "database_name": "SteelNort", "session_id": 65, "command": "SELECT", "duration": 5035, "cpu_time": 0, "logical_reads": 0, "writes": 0, "status": "completed"}
{"event_name": "logout", "timestamp": "2026-09-04 05:02:57.328", "session_id": 80}
{"event_name": "wait_info", "timestamp": "2026-09-04 05:02:57.328", "session_id": 58, "wait_type": "SLEEP_TASK", "database_name": "master"}
{"event_name": "sql_batch_completed", "timestamp": "2026-09-04 05:02:57.328", "database_name": "SteelNort", "session_id": 62, "command": "EXECUTE", "duration": 7, "cpu_time": 0, "logical_reads": 0, "writes": 0}
{"event_name": "sql_batch_completed", "timestamp": "2026-09-04 05:02:57.328", "database_name": "SteelNort", "session_id": 66, "command": "AWAITING COMMAND", "duration": 5035, "cpu_time": 1, "logical_reads": 0, "writes": 0, "status": "completed"}
{"event_name": "sql_batch_completed", "timestamp": "2026-09-04 05:02:57.328", "database_name": "SteelNort", "session_id": 60, "command": "AWAITING COMMAND", "duration": 5036, "cpu_time": 0, "logical_reads": 0, "writes": 0, "status": "completed"}
{"event_name": "sql_batch_completed", "timestamp": "2026-09-04 05:02:57.328", "database_name": "SteelNort", "session_id": 77, "command": "EXECUTE", "duration": 5370, "cpu_time": 134, "logical_reads": 0, "writes": 0, "status": "completed"}
{"event_name": "sql_batch_completed", "timestamp": "2026-09-04 05:03:02.351", "database_name": "SteelNort", "session_id": 62, "command": "EXECUTE", "duration": 5027, "cpu_time": 0, "logical_reads": 0, "writes": 0, "status": "completed"}
{"event_name": "wait_info", "timestamp": "2026-09-04 05:03:07.369", "session_id": 58, "wait_type": "BROKER_TO_FLUSH", "database_name": "master"}
{"event_name": "login", "timestamp": "2026-09-04 05:03:12.397", "session_id": 80, "login_name": "sa", "program_name": "unknown", "database_name": "SteelNort"}
{"event_name": "wait_info", "timestamp": "2026-09-04 05:03:12.397", "session_id": 58, "wait_type": "SLEEP_TASK", "database_name": "master"}
{"event_name": "sql_batch_completed", "timestamp": "2026-09-04 05:03:12.397", "database_name": "master", "session_id": 80, "command": "BRKR TASK", "duration": 3113, "cpu_time": 0, "logical_reads": 0, "writes": 0, "wait_type": "BROKER_TASK_STOP"}
{"event_name": "lock_acquired", "timestamp": "2026-09-04 05:03:12.397", "session_id": 60, "resource_type": "OBJECT", "mode": "IX"}
{"event_name": "lock_acquired", "timestamp": "2026-09-04 05:03:12.397", "session_id": 60, "resource_type": "RID", "mode": "X"}
{"event_name": "lock_acquired", "timestamp": "2026-09-04 05:03:12.397", "session_id": 60, "resource_type": "KEY", "mode": "X"}
{"event_name": "lock_acquired", "timestamp": "2026-09-04 05:03:12.397", "session_id": 60, "resource_type": "PAGE", "mode": "IX"}
{"event_name": "login", "timestamp": "2026-09-04 05:03:17.424", "session_id": 81, "login_name": "795ec2146175\\Administrator", "program_name": "Microsoft SQL Server", "database_name": "SteelNort"}
{"event_name": "wait_info", "timestamp": "2026-09-04 05:03:17.424", "session_id": 58, "wait_type": "BROKER_TO_FLUSH", "database_name": "master"}
{"event_name": "sql_batch_completed", "timestamp": "2026-09-04 05:03:17.424", "database_name": "SteelNort", "session_id": 77, "command": "EXECUTE", "duration": 232, "cpu_time": 131, "logical_reads": 0, "writes": 0, "wait_type": "MSQL_XP"}
{"event_name": "lock_released", "timestamp": "2026-09-04 05:03:17.424", "session_id": 60, "resource_type": "OBJECT", "mode": "IX"}
{"event_name": "lock_released", "timestamp": "2026-09-04 05:03:17.424", "session_id": 60, "resource_type": "RID", "mode": "X"}
{"event_name": "lock_released", "timestamp": "2026-09-04 05:03:17.424", "session_id": 60, "resource_type": "KEY", "mode": "X"}
{"event_name": "lock_released", "timestamp": "2026-09-04 05:03:17.424", "session_id": 60, "resource_type": "PAGE", "mode": "IX"}
{"event_name": "logout", "timestamp": "2026-09-04 05:03:22.464", "session_id": 80}
{"event_name": "logout", "timestamp": "2026-09-04 05:03:22.464", "session_id": 81}
{"event_name": "wait_info", "timestamp": "2026-09-04 05:03:22.464", "session_id": 58, "wait_type": "SLEEP_TASK", "database_name": "master"}
{"event_name": "sql_batch_completed", "timestamp": "2026-09-04 05:03:22.464", "database_name": "master", "session_id": 80, "command": "BRKR TASK", "duration": 13183, "cpu_time": 0, "logical_reads": 0, "writes": 0, "status": "completed"}
{"event_name": "sql_batch_completed", "timestamp": "2026-09-04 05:03:22.464", "database_name": "SteelNort", "session_id": 77, "command": "EXECUTE", "duration": 5270, "cpu_time": 131, "logical_reads": 0, "writes": 0, "status": "completed"}
{"event_name": "sql_batch_completed", "timestamp": "2026-09-04 05:03:27.491", "database_name": "SteelNort", "session_id": 52, "command": "EXECUTE", "duration": 8, "cpu_time": 0, "logical_reads": 0, "writes": 0}
{"event_name": "wait_info", "timestamp": "2026-09-04 05:03:27.491", "session_id": 58, "wait_type": "BROKER_TO_FLUSH", "database_name": "master"}
{"event_name": "sql_batch_completed", "timestamp": "2026-09-04 05:03:27.491", "database_name": "SteelNort", "session_id": 67, "command": "AWAITING COMMAND", "duration": 10, "cpu_time": 0, "logical_reads": 0, "writes": 0}
{"event_name": "wait_info", "timestamp": "2026-09-04 05:03:32.515", "session_id": 58, "wait_type": "SLEEP_TASK", "database_name": "master"}
{"event_name": "sql_batch_completed", "timestamp": "2026-09-04 05:03:32.515", "database_name": "SteelNort", "session_id": 66, "command": "AWAITING COMMAND", "duration": 9, "cpu_time": 0, "logical_reads": 0, "writes": 0}
{"event_name": "sql_batch_completed", "timestamp": "2026-09-04 05:03:32.515", "database_name": "SteelNort", "session_id": 67, "command": "AWAITING COMMAND", "duration": 5047, "cpu_time": 0, "logical_reads": 0, "writes": 0, "status": "completed"}
{"event_name": "sql_batch_completed", "timestamp": "2026-09-04 05:03:32.515", "database_name": "SteelNort", "session_id": 52, "command": "EXECUTE", "duration": 5048, "cpu_time": 0, "logical_reads": 0, "writes": 0, "status": "completed"}
{"event_name": "wait_info", "timestamp": "2026-09-04 05:03:37.565", "session_id": 58, "wait_type": "BROKER_TO_FLUSH", "database_name": "master"}
{"event_name": "sql_batch_completed", "timestamp": "2026-09-04 05:03:37.565", "database_name": "SteelNort", "session_id": 66, "command": "AWAITING COMMAND", "duration": 5045, "cpu_time": 0, "logical_reads": 0, "writes": 0, "status": "completed"}
{"event_name": "lock_acquired", "timestamp": "2026-09-04 05:03:37.565", "session_id": 52, "resource_type": "PAGE", "mode": "IS"}
{"event_name": "wait_info", "timestamp": "2026-09-04 05:03:42.594", "session_id": 58, "wait_type": "SLEEP_TASK", "database_name": "master"}
{"event_name": "lock_released", "timestamp": "2026-09-04 05:03:42.594", "session_id": 52, "resource_type": "PAGE", "mode": "IS"}
{"event_name": "wait_info", "timestamp": "2026-09-04 05:03:47.620", "session_id": 58, "wait_type": "BROKER_TO_FLUSH", "database_name": "master"}
{"event_name": "wait_info", "timestamp": "2026-09-04 05:03:52.642", "session_id": 58, "wait_type": "SLEEP_TASK", "database_name": "master"}
{"event_name": "logout", "timestamp": "2026-09-04 05:03:57.665", "session_id": 73}
{"event_name": "logout", "timestamp": "2026-09-04 05:03:57.665", "session_id": 75}
{"event_name": "logout", "timestamp": "2026-09-04 05:03:57.665", "session_id": 51}
{"event_name": "logout", "timestamp": "2026-09-04 05:03:57.665", "session_id": 76}
{"event_name": "sql_batch_completed", "timestamp": "2026-09-04 05:03:57.665", "database_name": "SteelNort", "session_id": 52, "command": "AWAITING COMMAND", "duration": 2, "cpu_time": 0, "logical_reads": 0, "writes": 0}
{"event_name": "sql_batch_completed", "timestamp": "2026-09-04 05:03:57.665", "database_name": "SteelNort", "session_id": 66, "command": "EXECUTE", "duration": 3, "cpu_time": 0, "logical_reads": 0, "writes": 0}
{"event_name": "sql_batch_completed", "timestamp": "2026-09-04 05:03:57.665", "database_name": "master", "session_id": 73, "command": "TASK MANAGER", "duration": 184691, "cpu_time": 0, "logical_reads": 0, "writes": 0, "status": "completed"}
{"event_name": "sql_batch_completed", "timestamp": "2026-09-04 05:03:57.665", "database_name": "master", "session_id": 75, "command": "TASK MANAGER", "duration": 184692, "cpu_time": 0, "logical_reads": 0, "writes": 0, "status": "completed"}
{"event_name": "sql_batch_completed", "timestamp": "2026-09-04 05:03:57.665", "database_name": "master", "session_id": 76, "command": "TASK MANAGER", "duration": 184689, "cpu_time": 0, "logical_reads": 0, "writes": 0, "status": "completed"}
{"event_name": "sql_batch_completed", "timestamp": "2026-09-04 05:03:57.665", "database_name": "master", "session_id": 51, "command": "TASK MANAGER", "duration": 184694, "cpu_time": 0, "logical_reads": 0, "writes": 0, "status": "completed"}
{"event_name": "wait_info", "timestamp": "2026-09-04 05:04:02.698", "session_id": 58, "wait_type": "BROKER_TO_FLUSH", "database_name": "master"}
{"event_name": "sql_batch_completed", "timestamp": "2026-09-04 05:04:02.698", "database_name": "SteelNort", "session_id": 66, "command": "EXECUTE", "duration": 5028, "cpu_time": 0, "logical_reads": 0, "writes": 0, "status": "completed"}
{"event_name": "sql_batch_completed", "timestamp": "2026-09-04 05:04:02.698", "database_name": "SteelNort", "session_id": 52, "command": "AWAITING COMMAND", "duration": 5029, "cpu_time": 0, "logical_reads": 0, "writes": 0, "status": "completed"}
{"event_name": "lock_acquired", "timestamp": "2026-09-04 05:04:02.698", "session_id": 63, "resource_type": "OBJECT", "mode": "IS"}
{"event_name": "wait_info", "timestamp": "2026-09-04 05:04:07.723", "session_id": 58, "wait_type": "SLEEP_TASK", "database_name": "master"}
{"event_name": "lock_released", "timestamp": "2026-09-04 05:04:07.723", "session_id": 63, "resource_type": "OBJECT", "mode": "IS"}
{"event_name": "wait_info", "timestamp": "2026-09-04 05:04:12.743", "session_id": 58, "wait_type": "BROKER_TO_FLUSH", "database_name": "master"}
{"event_name": "sql_batch_completed", "timestamp": "2026-09-04 05:04:12.743", "database_name": "SteelNort", "session_id": 65, "command": "AWAITING COMMAND", "duration": 4, "cpu_time": 1, "logical_reads": 0, "writes": 0}
{"event_name": "lock_acquired", "timestamp": "2026-09-04 05:04:12.743", "session_id": 66, "resource_type": "KEY", "mode": "X"}
{"event_name": "lock_acquired", "timestamp": "2026-09-04 05:04:12.743", "session_id": 66, "resource_type": "OBJECT", "mode": "IX"}
{"event_name": "lock_acquired", "timestamp": "2026-09-04 05:04:12.743", "session_id": 66, "resource_type": "PAGE", "mode": "IX"}
{"event_name": "lock_acquired", "timestamp": "2026-09-04 05:04:12.743", "session_id": 66, "resource_type": "RID", "mode": "X"}
{"event_name": "wait_info", "timestamp": "2026-09-04 05:04:17.773", "session_id": 58, "wait_type": "SLEEP_TASK", "database_name": "master"}
{"event_name": "sql_batch_completed", "timestamp": "2026-09-04 05:04:17.773", "database_name": "SteelNort", "session_id": 66, "command": "AWAITING COMMAND", "duration": 7, "cpu_time": 0, "logical_reads": 0, "writes": 0}
{"event_name": "sql_batch_completed", "timestamp": "2026-09-04 05:04:17.773", "database_name": "SteelNort", "session_id": 65, "command": "AWAITING COMMAND", "duration": 5038, "cpu_time": 1, "logical_reads": 0, "writes": 0, "status": "completed"}
{"event_name": "lock_released", "timestamp": "2026-09-04 05:04:17.773", "session_id": 66, "resource_type": "KEY", "mode": "X"}
{"event_name": "lock_released", "timestamp": "2026-09-04 05:04:17.773", "session_id": 66, "resource_type": "OBJECT", "mode": "IX"}
{"event_name": "lock_released", "timestamp": "2026-09-04 05:04:17.773", "session_id": 66, "resource_type": "PAGE", "mode": "IX"}
{"event_name": "lock_released", "timestamp": "2026-09-04 05:04:17.773", "session_id": 66, "resource_type": "RID", "mode": "X"}
{"event_name": "wait_info", "timestamp": "2026-09-04 05:04:22.809", "session_id": 58, "wait_type": "BROKER_TO_FLUSH", "database_name": "master"}
{"event_name": "sql_batch_completed", "timestamp": "2026-09-04 05:04:22.809", "database_name": "SteelNort", "session_id": 66, "command": "AWAITING COMMAND", "duration": 5043, "cpu_time": 0, "logical_reads": 0, "writes": 0, "status": "completed"}
{"event_name": "wait_info", "timestamp": "2026-09-04 05:04:27.832", "session_id": 58, "wait_type": "SLEEP_TASK", "database_name": "master"}
{"event_name": "sql_batch_completed", "timestamp": "2026-09-04 05:04:32.851", "database_name": "SteelNort", "session_id": 52, "command": "AWAITING COMMAND", "duration": 8, "cpu_time": 0, "logical_reads": 0, "writes": 0}
{"event_name": "wait_info", "timestamp": "2026-09-04 05:04:32.851", "session_id": 58, "wait_type": "BROKER_TO_FLUSH", "database_name": "master"}
{"event_name": "sql_batch_completed", "timestamp": "2026-09-04 05:04:32.851", "database_name": "SteelNort", "session_id": 63, "command": "EXECUTE", "duration": 7, "cpu_time": 0, "logical_reads": 0, "writes": 0}
{"event_name": "wait_info", "timestamp": "2026-09-04 05:04:37.874", "session_id": 58, "wait_type": "SLEEP_TASK", "database_name": "master"}
{"event_name": "sql_batch_completed", "timestamp": "2026-09-04 05:04:37.874", "database_name": "SteelNort", "session_id": 52, "command": "AWAITING COMMAND", "duration": 5033, "cpu_time": 0, "logical_reads": 0, "writes": 0, "status": "completed"}
{"event_name": "sql_batch_completed", "timestamp": "2026-09-04 05:04:37.874", "database_name": "SteelNort", "session_id": 63, "command": "EXECUTE", "duration": 5030, "cpu_time": 0, "logical_reads": 0, "writes": 0, "status": "completed"}
{"event_name": "wait_info", "timestamp": "2026-09-04 05:04:42.902", "session_id": 58, "wait_type": "BROKER_TO_FLUSH", "database_name": "master"}
{"event_name": "login", "timestamp": "2026-09-04 05:04:52.943", "session_id": 51, "login_name": "795ec2146175\\Administrator", "program_name": "Microsoft SQL Server", "database_name": "SteelNort"}
{"event_name": "wait_info", "timestamp": "2026-09-04 05:04:52.943", "session_id": 58, "wait_type": "SLEEP_TASK", "database_name": "master"}
{"event_name": "sql_batch_completed", "timestamp": "2026-09-04 05:04:52.943", "database_name": "SteelNort", "session_id": 77, "command": "EXECUTE", "duration": 164, "cpu_time": 82, "logical_reads": 0, "writes": 0, "wait_type": "MSQL_XP"}
{"event_name": "logout", "timestamp": "2026-09-04 05:04:57.973", "session_id": 51}
{"event_name": "wait_info", "timestamp": "2026-09-04 05:04:57.973", "session_id": 58, "wait_type": "BROKER_TO_FLUSH", "database_name": "master"}
{"event_name": "sql_batch_completed", "timestamp": "2026-09-04 05:04:57.973", "database_name": "SteelNort", "session_id": 60, "command": "AWAITING COMMAND", "duration": 5, "cpu_time": 0, "logical_reads": 0, "writes": 0}
{"event_name": "sql_batch_completed", "timestamp": "2026-09-04 05:04:57.973", "database_name": "SteelNort", "session_id": 77, "command": "EXECUTE", "duration": 5193, "cpu_time": 82, "logical_reads": 0, "writes": 0, "status": "completed"}
{"event_name": "wait_info", "timestamp": "2026-09-04 05:05:02.996", "session_id": 58, "wait_type": "SLEEP_TASK", "database_name": "master"}
{"event_name": "sql_batch_completed", "timestamp": "2026-09-04 05:05:02.996", "database_name": "SteelNort", "session_id": 60, "command": "AWAITING COMMAND", "duration": 5030, "cpu_time": 0, "logical_reads": 0, "writes": 0, "status": "completed"}
{"event_name": "wait_info", "timestamp": "2026-09-04 05:05:08.020", "session_id": 58, "wait_type": "BROKER_TO_FLUSH", "database_name": "master"}
{"event_name": "wait_info", "timestamp": "2026-09-04 05:05:13.041", "session_id": 58, "wait_type": "SLEEP_TASK", "database_name": "master"}
{"event_name": "sql_batch_completed", "timestamp": "2026-09-04 05:05:13.041", "database_name": "SteelNort", "session_id": 77, "command": "EXECUTE", "duration": 14, "cpu_time": 2, "logical_reads": 0, "writes": 0, "wait_type": "MSQL_XP"}
{"event_name": "lock_acquired", "timestamp": "2026-09-04 05:05:13.041", "session_id": 52, "resource_type": "RID", "mode": "X"}
{"event_name": "wait_info", "timestamp": "2026-09-04 05:05:18.067", "session_id": 58, "wait_type": "BROKER_TO_FLUSH", "database_name": "master"}
{"event_name": "sql_batch_completed", "timestamp": "2026-09-04 05:05:18.067", "database_name": "SteelNort", "session_id": 77, "command": "EXECUTE", "duration": 5035, "cpu_time": 2, "logical_reads": 0, "writes": 0, "status": "completed"}
{"event_name": "lock_released", "timestamp": "2026-09-04 05:05:18.067", "session_id": 52, "resource_type": "RID", "mode": "X"}
{"event_name": "wait_info", "timestamp": "2026-09-04 05:05:23.092", "session_id": 58, "wait_type": "SLEEP_TASK", "database_name": "master"}
{"event_name": "wait_info", "timestamp": "2026-09-04 05:05:28.114", "session_id": 58, "wait_type": "BROKER_TO_FLUSH", "database_name": "master"}
{"event_name": "lock_acquired", "timestamp": "2026-09-04 05:05:28.114", "session_id": 68, "resource_type": "PAGE", "mode": "IX"}
{"event_name": "lock_acquired", "timestamp": "2026-09-04 05:05:28.114", "session_id": 68, "resource_type": "OBJECT", "mode": "IX"}
{"event_name": "lock_acquired", "timestamp": "2026-09-04 05:05:28.114", "session_id": 68, "resource_type": "RID", "mode": "X"}
{"event_name": "lock_acquired", "timestamp": "2026-09-04 05:05:28.114", "session_id": 68, "resource_type": "KEY", "mode": "X"}
{"event_name": "wait_info", "timestamp": "2026-09-04 05:05:33.142", "session_id": 58, "wait_type": "SLEEP_TASK", "database_name": "master"}
{"event_name": "sql_batch_completed", "timestamp": "2026-09-04 05:05:33.142", "database_name": "SteelNort", "session_id": 67, "command": "AWAITING COMMAND", "duration": 6, "cpu_time": 0, "logical_reads": 0, "writes": 0}
{"event_name": "sql_batch_completed", "timestamp": "2026-09-04 05:05:33.142", "database_name": "SteelNort", "session_id": 68, "command": "EXECUTE", "duration": 7, "cpu_time": 0, "logical_reads": 0, "writes": 0}
{"event_name": "lock_acquired", "timestamp": "2026-09-04 05:05:33.142", "session_id": 67, "resource_type": "KEY", "mode": "X"}
{"event_name": "lock_acquired", "timestamp": "2026-09-04 05:05:33.142", "session_id": 67, "resource_type": "RID", "mode": "X"}
{"event_name": "lock_released", "timestamp": "2026-09-04 05:05:33.142", "session_id": 68, "resource_type": "PAGE", "mode": "IX"}
{"event_name": "lock_released", "timestamp": "2026-09-04 05:05:33.142", "session_id": 68, "resource_type": "OBJECT", "mode": "IX"}
{"event_name": "lock_released", "timestamp": "2026-09-04 05:05:33.142", "session_id": 68, "resource_type": "RID", "mode": "X"}
{"event_name": "lock_released", "timestamp": "2026-09-04 05:05:33.142", "session_id": 68, "resource_type": "KEY", "mode": "X"}
{"event_name": "wait_info", "timestamp": "2026-09-04 05:05:38.171", "session_id": 58, "wait_type": "BROKER_TO_FLUSH", "database_name": "master"}
{"event_name": "sql_batch_completed", "timestamp": "2026-09-04 05:05:38.171", "database_name": "SteelNort", "session_id": 67, "command": "AWAITING COMMAND", "duration": 5035, "cpu_time": 0, "logical_reads": 0, "writes": 0, "status": "completed"}
{"event_name": "sql_batch_completed", "timestamp": "2026-09-04 05:05:38.171", "database_name": "SteelNort", "session_id": 68, "command": "EXECUTE", "duration": 5036, "cpu_time": 0, "logical_reads": 0, "writes": 0, "status": "completed"}
{"event_name": "lock_released", "timestamp": "2026-09-04 05:05:38.171", "session_id": 67, "resource_type": "KEY", "mode": "X"}
{"event_name": "lock_released", "timestamp": "2026-09-04 05:05:38.171", "session_id": 67, "resource_type": "RID", "mode": "X"}
{"event_name": "sql_batch_completed", "timestamp": "2026-09-04 05:05:43.198", "database_name": "SteelNort", "session_id": 66, "command": "SELECT", "duration": 6, "cpu_time": 0, "logical_reads": 0, "writes": 0}
{"event_name": "wait_info", "timestamp": "2026-09-04 05:05:48.223", "session_id": 58, "wait_type": "SLEEP_TASK", "database_name": "master"}
{"event_name": "sql_batch_completed", "timestamp": "2026-09-04 05:05:48.223", "database_name": "SteelNort", "session_id": 66, "command": "SELECT", "duration": 5033, "cpu_time": 0, "logical_reads": 0, "writes": 0, "status": "completed"}
{"event_name": "login", "timestamp": "2026-09-04 05:05:53.253", "session_id": 73, "login_name": "sa", "program_name": "unknown", "database_name": "SteelNort"}
{"event_name": "login", "timestamp": "2026-09-04 05:05:53.253", "session_id": 75, "login_name": "sa", "program_name": "unknown", "database_name": "SteelNort"}
{"event_name": "login", "timestamp": "2026-09-04 05:05:53.253", "session_id": 51, "login_name": "sa", "program_name": "unknown", "database_name": "SteelNort"}
{"event_name": "login", "timestamp": "2026-09-04 05:05:53.253", "session_id": 76, "login_name": "sa", "program_name": "unknown", "database_name": "SteelNort"}
{"event_name": "sql_batch_completed", "timestamp": "2026-09-04 05:05:53.253", "database_name": "master", "session_id": 51, "command": "TASK MANAGER", "duration": 205, "cpu_time": 0, "logical_reads": 0, "writes": 0}
{"event_name": "wait_info", "timestamp": "2026-09-04 05:05:53.253", "session_id": 58, "wait_type": "BROKER_TO_FLUSH", "database_name": "master"}
{"event_name": "sql_batch_completed", "timestamp": "2026-09-04 05:05:53.253", "database_name": "master", "session_id": 73, "command": "TASK MANAGER", "duration": 204, "cpu_time": 0, "logical_reads": 0, "writes": 0}
{"event_name": "sql_batch_completed", "timestamp": "2026-09-04 05:05:53.253", "database_name": "master", "session_id": 75, "command": "TASK MANAGER", "duration": 205, "cpu_time": 0, "logical_reads": 0, "writes": 0}
{"event_name": "sql_batch_completed", "timestamp": "2026-09-04 05:05:53.253", "database_name": "master", "session_id": 76, "command": "TASK MANAGER", "duration": 206, "cpu_time": 0, "logical_reads": 0, "writes": 0}
{"event_name": "login", "timestamp": "2026-09-04 05:05:58.288", "session_id": 80, "login_name": "795ec2146175\\Administrator", "program_name": "Microsoft SQL Server", "database_name": "SteelNort"}
{"event_name": "sql_batch_completed", "timestamp": "2026-09-04 05:05:58.288", "database_name": "SteelNort", "session_id": 52, "command": "AWAITING COMMAND", "duration": 5, "cpu_time": 0, "logical_reads": 0, "writes": 0}
{"event_name": "wait_info", "timestamp": "2026-09-04 05:05:58.288", "session_id": 58, "wait_type": "SLEEP_TASK", "database_name": "master"}
{"event_name": "sql_batch_completed", "timestamp": "2026-09-04 05:05:58.288", "database_name": "SteelNort", "session_id": 77, "command": "EXECUTE", "duration": 180, "cpu_time": 100, "logical_reads": 0, "writes": 0, "wait_type": "MSQL_XP"}
{"event_name": "logout", "timestamp": "2026-09-04 05:06:03.322", "session_id": 80}
{"event_name": "wait_info", "timestamp": "2026-09-04 05:06:03.322", "session_id": 58, "wait_type": "BROKER_TO_FLUSH", "database_name": "master"}
{"event_name": "sql_batch_completed", "timestamp": "2026-09-04 05:06:03.322", "database_name": "SteelNort", "session_id": 69, "command": "COMMIT TRANSACTION", "duration": 33, "cpu_time": 24, "logical_reads": 0, "writes": 0, "wait_type": "PREEMPTIVE_OS_FLUSHFILEBUFFERS"}
{"event_name": "sql_batch_completed", "timestamp": "2026-09-04 05:06:03.322", "database_name": "SteelNort", "session_id": 52, "command": "AWAITING COMMAND", "duration": 5034, "cpu_time": 0, "logical_reads": 0, "writes": 0, "status": "completed"}
{"event_name": "sql_batch_completed", "timestamp": "2026-09-04 05:06:03.322", "database_name": "SteelNort", "session_id": 77, "command": "EXECUTE", "duration": 5208, "cpu_time": 100, "logical_reads": 0, "writes": 0, "status": "completed"}
{"event_name": "lock_acquired", "timestamp": "2026-09-04 05:06:03.322", "session_id": 69, "resource_type": "PAGE", "mode": "IX"}
{"event_name": "lock_acquired", "timestamp": "2026-09-04 05:06:03.322", "session_id": 69, "resource_type": "OBJECT", "mode": "IX"}
{"event_name": "lock_acquired", "timestamp": "2026-09-04 05:06:03.322", "session_id": 69, "resource_type": "KEY", "mode": "X"}
{"event_name": "lock_acquired", "timestamp": "2026-09-04 05:06:03.322", "session_id": 69, "resource_type": "RID", "mode": "X"}
{"event_name": "wait_info", "timestamp": "2026-09-04 05:06:08.365", "session_id": 58, "wait_type": "SLEEP_TASK", "database_name": "master"}
{"event_name": "sql_batch_completed", "timestamp": "2026-09-04 05:06:08.365", "database_name": "SteelNort", "session_id": 69, "command": "COMMIT TRANSACTION", "duration": 5072, "cpu_time": 24, "logical_reads": 0, "writes": 0, "status": "completed"}
{"event_name": "lock_released", "timestamp": "2026-09-04 05:06:08.365", "session_id": 69, "resource_type": "PAGE", "mode": "IX"}
{"event_name": "lock_released", "timestamp": "2026-09-04 05:06:08.365", "session_id": 69, "resource_type": "OBJECT", "mode": "IX"}
{"event_name": "lock_released", "timestamp": "2026-09-04 05:06:08.365", "session_id": 69, "resource_type": "KEY", "mode": "X"}
{"event_name": "lock_released", "timestamp": "2026-09-04 05:06:08.365", "session_id": 69, "resource_type": "RID", "mode": "X"}
{"event_name": "wait_info", "timestamp": "2026-09-04 05:06:13.391", "session_id": 58, "wait_type": "BROKER_TO_FLUSH", "database_name": "master"}
{"event_name": "lock_acquired", "timestamp": "2026-09-04 05:06:13.391", "session_id": 67, "resource_type": "KEY", "mode": "X"}
{"event_name": "wait_info", "timestamp": "2026-09-04 05:06:18.413", "session_id": 58, "wait_type": "SLEEP_TASK", "database_name": "master"}
{"event_name": "sql_batch_completed", "timestamp": "2026-09-04 05:06:18.413", "database_name": "SteelNort", "session_id": 65, "command": "AWAITING COMMAND", "duration": 6, "cpu_time": 0, "logical_reads": 0, "writes": 0}
{"event_name": "lock_released", "timestamp": "2026-09-04 05:06:18.413", "session_id": 67, "resource_type": "KEY", "mode": "X"}
{"event_name": "sql_batch_completed", "timestamp": "2026-09-04 05:06:23.443", "database_name": "SteelNort", "session_id": 52, "command": "EXECUTE", "duration": 3, "cpu_time": 0, "logical_reads": 0, "writes": 0}
{"event_name": "wait_info", "timestamp": "2026-09-04 05:06:23.443", "session_id": 58, "wait_type": "BROKER_TO_FLUSH", "database_name": "master"}
{"event_name": "sql_batch_completed", "timestamp": "2026-09-04 05:06:23.443", "database_name": "SteelNort", "session_id": 69, "command": "EXECUTE", "duration": 5, "cpu_time": 0, "logical_reads": 0, "writes": 0}
{"event_name": "sql_batch_completed", "timestamp": "2026-09-04 05:06:23.443", "database_name": "SteelNort", "session_id": 65, "command": "AWAITING COMMAND", "duration": 5036, "cpu_time": 0, "logical_reads": 0, "writes": 0, "status": "completed"}
{"event_name": "wait_info", "timestamp": "2026-09-04 05:06:28.471", "session_id": 58, "wait_type": "SLEEP_TASK", "database_name": "master"}
{"event_name": "sql_batch_completed", "timestamp": "2026-09-04 05:06:28.471", "database_name": "SteelNort", "session_id": 52, "command": "EXECUTE", "duration": 5031, "cpu_time": 0, "logical_reads": 0, "writes": 0, "status": "completed"}
{"event_name": "sql_batch_completed", "timestamp": "2026-09-04 05:06:28.471", "database_name": "SteelNort", "session_id": 69, "command": "EXECUTE", "duration": 5032, "cpu_time": 0, "logical_reads": 0, "writes": 0, "status": "completed"}
{"event_name": "wait_info", "timestamp": "2026-09-04 05:06:38.518", "session_id": 58, "wait_type": "BROKER_TO_FLUSH", "database_name": "master"}
{"event_name": "wait_info", "timestamp": "2026-09-04 05:06:43.540", "session_id": 58, "wait_type": "SLEEP_TASK", "database_name": "master"}
{"event_name": "wait_info", "timestamp": "2026-09-04 05:06:48.565", "session_id": 58, "wait_type": "BROKER_TO_FLUSH", "database_name": "master"}
{"event_name": "sql_batch_completed", "timestamp": "2026-09-04 05:06:48.565", "database_name": "SteelNort", "session_id": 69, "command": "EXECUTE", "duration": 5, "cpu_time": 0, "logical_reads": 0, "writes": 0}
{"event_name": "login", "timestamp": "2026-09-04 05:06:53.588", "session_id": 81, "login_name": "sa", "program_name": "unknown", "database_name": "SteelNort"}
{"event_name": "wait_info", "timestamp": "2026-09-04 05:06:53.588", "session_id": 58, "wait_type": "SLEEP_TASK", "database_name": "master"}
{"event_name": "sql_batch_completed", "timestamp": "2026-09-04 05:06:53.588", "database_name": "SteelNort", "session_id": 81, "command": "BRKR TASK", "duration": 260, "cpu_time": 17, "logical_reads": 0, "writes": 0, "wait_type": "PREEMPTIVE_OS_FLUSHFILEBUFFERS"}
{"event_name": "sql_batch_completed", "timestamp": "2026-09-04 05:06:53.588", "database_name": "SteelNort", "session_id": 69, "command": "EXECUTE", "duration": 5031, "cpu_time": 0, "logical_reads": 0, "writes": 0, "status": "completed"}
{"event_name": "lock_acquired", "timestamp": "2026-09-04 05:06:53.588", "session_id": 81, "resource_type": "METADATA", "mode": "X"}
{"event_name": "lock_acquired", "timestamp": "2026-09-04 05:06:53.588", "session_id": 81, "resource_type": "DATABASE", "mode": "S"}
{"event_name": "lock_acquired", "timestamp": "2026-09-04 05:06:53.588", "session_id": 81, "resource_type": "OBJECT", "mode": "IX"}
{"event_name": "lock_acquired", "timestamp": "2026-09-04 05:06:53.588", "session_id": 81, "resource_type": "PAGE", "mode": "IX"}
{"event_name": "lock_acquired", "timestamp": "2026-09-04 05:06:53.588", "session_id": 81, "resource_type": "KEY", "mode": "X"}
{"event_name": "login", "timestamp": "2026-09-04 05:06:58.621", "session_id": 80, "login_name": "sa", "program_name": "unknown", "database_name": "SteelNort"}
{"event_name": "wait_info", "timestamp": "2026-09-04 05:06:58.621", "session_id": 58, "wait_type": "BROKER_TO_FLUSH", "database_name": "master"}
{"event_name": "sql_batch_completed", "timestamp": "2026-09-04 05:06:58.621", "database_name": "master", "session_id": 80, "command": "BRKR TASK", "duration": 3883, "cpu_time": 0, "logical_reads": 0, "writes": 0, "wait_type": "BROKER_TASK_STOP"}
{"event_name": "wait_info", "timestamp": "2026-09-04 05:06:58.621", "session_id": 81, "wait_type": "BROKER_TASK_STOP", "database_name": "master"}
{"event_name": "lock_released", "timestamp": "2026-09-04 05:06:58.621", "session_id": 81, "resource_type": "METADATA", "mode": "X"}
{"event_name": "lock_released", "timestamp": "2026-09-04 05:06:58.621", "session_id": 81, "resource_type": "DATABASE", "mode": "S"}
{"event_name": "lock_released", "timestamp": "2026-09-04 05:06:58.621", "session_id": 81, "resource_type": "OBJECT", "mode": "IX"}
{"event_name": "lock_released", "timestamp": "2026-09-04 05:06:58.621", "session_id": 81, "resource_type": "PAGE", "mode": "IX"}
{"event_name": "lock_released", "timestamp": "2026-09-04 05:06:58.621", "session_id": 81, "resource_type": "KEY", "mode": "X"}
{"event_name": "wait_info", "timestamp": "2026-09-04 05:07:03.658", "session_id": 58, "wait_type": "SLEEP_TASK", "database_name": "master"}
{"event_name": "sql_batch_completed", "timestamp": "2026-09-04 05:07:03.658", "database_name": "SteelNort", "session_id": 65, "command": "EXECUTE", "duration": 4, "cpu_time": 0, "logical_reads": 0, "writes": 0}
{"event_name": "logout", "timestamp": "2026-09-04 05:07:08.678", "session_id": 80}
{"event_name": "logout", "timestamp": "2026-09-04 05:07:08.678", "session_id": 81}
{"event_name": "sql_batch_completed", "timestamp": "2026-09-04 05:07:08.678", "database_name": "SteelNort", "session_id": 52, "command": "EXECUTE", "duration": 6, "cpu_time": 0, "logical_reads": 0, "writes": 0}
{"event_name": "wait_info", "timestamp": "2026-09-04 05:07:08.678", "session_id": 58, "wait_type": "BROKER_TO_FLUSH", "database_name": "master"}
{"event_name": "sql_batch_completed", "timestamp": "2026-09-04 05:07:08.678", "database_name": "SteelNort", "session_id": 69, "command": "AWAITING COMMAND", "duration": 8, "cpu_time": 0, "logical_reads": 0, "writes": 0}
{"event_name": "sql_batch_completed", "timestamp": "2026-09-04 05:07:08.678", "database_name": "master", "session_id": 80, "command": "BRKR TASK", "duration": 13943, "cpu_time": 0, "logical_reads": 0, "writes": 0, "status": "completed"}
{"event_name": "sql_batch_completed", "timestamp": "2026-09-04 05:07:08.678", "database_name": "SteelNort", "session_id": 65, "command": "EXECUTE", "duration": 5033, "cpu_time": 0, "logical_reads": 0, "writes": 0, "status": "completed"}
{"event_name": "sql_batch_completed", "timestamp": "2026-09-04 05:07:08.678", "database_name": "master", "session_id": 81, "command": "BRKR TASK", "duration": 14417, "cpu_time": 0, "logical_reads": 0, "writes": 0, "status": "completed"}
{"event_name": "wait_info", "timestamp": "2026-09-04 05:07:13.709", "session_id": 58, "wait_type": "SLEEP_TASK", "database_name": "master"}
{"event_name": "sql_batch_completed", "timestamp": "2026-09-04 05:07:13.709", "database_name": "SteelNort", "session_id": 52, "command": "EXECUTE", "duration": 5034, "cpu_time": 0, "logical_reads": 0, "writes": 0, "status": "completed"}
{"event_name": "sql_batch_completed", "timestamp": "2026-09-04 05:07:13.709", "database_name": "SteelNort", "session_id": 69, "command": "AWAITING COMMAND", "duration": 5035, "cpu_time": 0, "logical_reads": 0, "writes": 0, "status": "completed"}
{"event_name": "wait_info", "timestamp": "2026-09-04 05:07:18.734", "session_id": 58, "wait_type": "BROKER_TO_FLUSH", "database_name": "master"}
{"event_name": "sql_batch_completed", "timestamp": "2026-09-04 05:07:23.758", "database_name": "SteelNort", "session_id": 52, "command": "EXECUTE", "duration": 5, "cpu_time": 0, "logical_reads": 0, "writes": 0}
{"event_name": "wait_info", "timestamp": "2026-09-04 05:07:23.758", "session_id": 58, "wait_type": "SLEEP_TASK", "database_name": "master"}
{"event_name": "sql_batch_completed", "timestamp": "2026-09-04 05:07:28.784", "database_name": "SteelNort", "session_id": 52, "command": "EXECUTE", "duration": 5033, "cpu_time": 0, "logical_reads": 0, "writes": 0, "status": "completed"}
{"event_name": "login", "timestamp": "2026-09-04 05:07:33.813", "session_id": 80, "login_name": "sa", "program_name": "unknown", "database_name": "SteelNort"}
{"event_name": "wait_info", "timestamp": "2026-09-04 05:07:33.813", "session_id": 58, "wait_type": "BROKER_TO_FLUSH", "database_name": "master"}
{"event_name": "sql_batch_completed", "timestamp": "2026-09-04 05:07:33.813", "database_name": "SteelNort", "session_id": 63, "command": "AWAITING COMMAND", "duration": 7, "cpu_time": 0, "logical_reads": 0, "writes": 0}
{"event_name": "sql_batch_completed", "timestamp": "2026-09-04 05:07:33.813", "database_name": "master", "session_id": 80, "command": "BRKR TASK", "duration": 745, "cpu_time": 0, "logical_reads": 0, "writes": 0, "wait_type": "BROKER_TASK_STOP"}
{"event_name": "wait_info", "timestamp": "2026-09-04 05:07:38.839", "session_id": 58, "wait_type": "SLEEP_TASK", "database_name": "master"}
{"event_name": "sql_batch_completed", "timestamp": "2026-09-04 05:07:38.839", "database_name": "SteelNort", "session_id": 63, "command": "AWAITING COMMAND", "duration": 5030, "cpu_time": 0, "logical_reads": 0, "writes": 0, "status": "completed"}
{"event_name": "logout", "timestamp": "2026-09-04 05:07:43.865", "session_id": 80}
{"event_name": "wait_info", "timestamp": "2026-09-04 05:07:43.865", "session_id": 58, "wait_type": "BROKER_TO_FLUSH", "database_name": "master"}
{"event_name": "sql_batch_completed", "timestamp": "2026-09-04 05:07:43.865", "database_name": "master", "session_id": 80, "command": "BRKR TASK", "duration": 10793, "cpu_time": 0, "logical_reads": 0, "writes": 0, "status": "completed"}
{"event_name": "wait_info", "timestamp": "2026-09-04 05:07:48.894", "session_id": 58, "wait_type": "SLEEP_TASK", "database_name": "master"}
{"event_name": "wait_info", "timestamp": "2026-09-04 05:07:53.916", "session_id": 58, "wait_type": "BROKER_TO_FLUSH", "database_name": "master"}
{"event_name": "sql_batch_completed", "timestamp": "2026-09-04 05:07:53.916", "database_name": "SteelNort", "session_id": 69, "command": "AWAITING COMMAND", "duration": 6, "cpu_time": 0, "logical_reads": 0, "writes": 0}
{"event_name": "wait_info", "timestamp": "2026-09-04 05:07:53.916", "session_id": 75, "wait_type": "SLEEP_TASK", "database_name": "master"}
{"event_name": "wait_info", "timestamp": "2026-09-04 05:07:58.943", "session_id": 58, "wait_type": "SLEEP_TASK", "database_name": "master"}
{"event_name": "sql_batch_completed", "timestamp": "2026-09-04 05:07:58.943", "database_name": "SteelNort", "session_id": 69, "command": "AWAITING COMMAND", "duration": 5032, "cpu_time": 0, "logical_reads": 0, "writes": 0, "status": "completed"}
{"event_name": "lock_acquired", "timestamp": "2026-09-04 05:07:58.943", "session_id": 68, "resource_type": "PAGE", "mode": "IX"}
{"event_name": "lock_acquired", "timestamp": "2026-09-04 05:07:58.943", "session_id": 68, "resource_type": "OBJECT", "mode": "IX"}
{"event_name": "lock_acquired", "timestamp": "2026-09-04 05:07:58.943", "session_id": 68, "resource_type": "RID", "mode": "X"}
{"event_name": "lock_acquired", "timestamp": "2026-09-04 05:07:58.943", "session_id": 68, "resource_type": "KEY", "mode": "X"}
{"event_name": "wait_info", "timestamp": "2026-09-04 05:08:03.973", "session_id": 58, "wait_type": "BROKER_TO_FLUSH", "database_name": "master"}
{"event_name": "lock_released", "timestamp": "2026-09-04 05:08:03.973", "session_id": 68, "resource_type": "PAGE", "mode": "IX"}
{"event_name": "lock_released", "timestamp": "2026-09-04 05:08:03.973", "session_id": 68, "resource_type": "OBJECT", "mode": "IX"}
{"event_name": "lock_released", "timestamp": "2026-09-04 05:08:03.973", "session_id": 68, "resource_type": "RID", "mode": "X"}
{"event_name": "lock_released", "timestamp": "2026-09-04 05:08:03.973", "session_id": 68, "resource_type": "KEY", "mode": "X"}
{"event_name": "wait_info", "timestamp": "2026-09-04 05:08:09.000", "session_id": 58, "wait_type": "SLEEP_TASK", "database_name": "master"}
{"event_name": "wait_info", "timestamp": "2026-09-04 05:08:14.022", "session_id": 58, "wait_type": "BROKER_TO_FLUSH", "database_name": "master"}
{"event_name": "wait_info", "timestamp": "2026-09-04 05:08:19.053", "session_id": 58, "wait_type": "SLEEP_TASK", "database_name": "master"}
{"event_name": "sql_batch_completed", "timestamp": "2026-09-04 05:08:24.076", "database_name": "SteelNort", "session_id": 68, "command": "EXECUTE", "duration": 6, "cpu_time": 0, "logical_reads": 0, "writes": 0}
{"event_name": "sql_batch_completed", "timestamp": "2026-09-04 05:08:29.105", "database_name": "SteelNort", "session_id": 52, "command": "AWAITING COMMAND", "duration": 6, "cpu_time": 0, "logical_reads": 0, "writes": 0}
{"event_name": "wait_info", "timestamp": "2026-09-04 05:08:29.105", "session_id": 58, "wait_type": "BROKER_TO_FLUSH", "database_name": "master"}
{"event_name": "sql_batch_completed", "timestamp": "2026-09-04 05:08:29.105", "database_name": "SteelNort", "session_id": 62, "command": "AWAITING COMMAND", "duration": 8, "cpu_time": 0, "logical_reads": 0, "writes": 0}
{"event_name": "sql_batch_completed", "timestamp": "2026-09-04 05:08:29.105", "database_name": "SteelNort", "session_id": 68, "command": "EXECUTE", "duration": 5040, "cpu_time": 0, "logical_reads": 0, "writes": 0, "status": "completed"}
{"event_name": "wait_info", "timestamp": "2026-09-04 05:08:34.132", "session_id": 58, "wait_type": "SLEEP_TASK", "database_name": "master"}
{"event_name": "sql_batch_completed", "timestamp": "2026-09-04 05:08:34.132", "database_name": "SteelNort", "session_id": 52, "command": "AWAITING COMMAND", "duration": 5034, "cpu_time": 0, "logical_reads": 0, "writes": 0, "status": "completed"}
{"event_name": "wait_info", "timestamp": "2026-09-04 05:08:39.159", "session_id": 58, "wait_type": "BROKER_TO_FLUSH", "database_name": "master"}
{"event_name": "sql_batch_completed", "timestamp": "2026-09-04 05:08:39.159", "database_name": "SteelNort", "session_id": 62, "command": "AWAITING COMMAND", "duration": 5037, "cpu_time": 0, "logical_reads": 0, "writes": 0, "status": "completed"}
{"event_name": "wait_info", "timestamp": "2026-09-04 05:08:44.189", "session_id": 58, "wait_type": "SLEEP_TASK", "database_name": "master"}
{"event_name": "sql_batch_completed", "timestamp": "2026-09-04 05:08:44.189", "database_name": "SteelNort", "session_id": 62, "command": "EXECUTE", "duration": 7, "cpu_time": 0, "logical_reads": 0, "writes": 0}
{"event_name": "wait_info", "timestamp": "2026-09-04 05:08:49.214", "session_id": 58, "wait_type": "BROKER_TO_FLUSH", "database_name": "master"}
{"event_name": "sql_batch_completed", "timestamp": "2026-09-04 05:08:49.214", "database_name": "SteelNort", "session_id": 62, "command": "EXECUTE", "duration": 5034, "cpu_time": 0, "logical_reads": 0, "writes": 0, "status": "completed"}
{"event_name": "logout", "timestamp": "2026-09-04 05:08:54.233", "session_id": 72}
{"event_name": "logout", "timestamp": "2026-09-04 05:08:54.233", "session_id": 74}
{"event_name": "logout", "timestamp": "2026-09-04 05:08:54.233", "session_id": 75}
{"event_name": "wait_info", "timestamp": "2026-09-04 05:08:54.233", "session_id": 58, "wait_type": "SLEEP_TASK", "database_name": "master"}
{"event_name": "sql_batch_completed", "timestamp": "2026-09-04 05:08:54.233", "database_name": "SteelNort", "session_id": 62, "command": "EXECUTE", "duration": 7, "cpu_time": 0, "logical_reads": 0, "writes": 0}
{"event_name": "sql_batch_completed", "timestamp": "2026-09-04 05:08:54.233", "database_name": "master", "session_id": 72, "command": "TASK MANAGER", "duration": 481262, "cpu_time": 0, "logical_reads": 0, "writes": 0, "status": "completed"}
{"event_name": "sql_batch_completed", "timestamp": "2026-09-04 05:08:54.233", "database_name": "master", "session_id": 74, "command": "TASK MANAGER", "duration": 481263, "cpu_time": 0, "logical_reads": 0, "writes": 0, "status": "completed"}
{"event_name": "sql_batch_completed", "timestamp": "2026-09-04 05:08:54.233", "database_name": "master", "session_id": 75, "command": "TASK MANAGER", "duration": 181191, "cpu_time": 0, "logical_reads": 0, "writes": 0, "status": "completed"}
{"event_name": "lock_acquired", "timestamp": "2026-09-04 05:08:54.233", "session_id": 67, "resource_type": "KEY", "mode": "X"}
{"event_name": "lock_acquired", "timestamp": "2026-09-04 05:08:54.233", "session_id": 67, "resource_type": "OBJECT", "mode": "IX"}
{"event_name": "lock_acquired", "timestamp": "2026-09-04 05:08:54.233", "session_id": 67, "resource_type": "RID", "mode": "X"}
{"event_name": "lock_acquired", "timestamp": "2026-09-04 05:08:54.233", "session_id": 67, "resource_type": "PAGE", "mode": "IX"}
{"event_name": "wait_info", "timestamp": "2026-09-04 05:08:59.276", "session_id": 58, "wait_type": "BROKER_TO_FLUSH", "database_name": "master"}
{"event_name": "sql_batch_completed", "timestamp": "2026-09-04 05:08:59.276", "database_name": "SteelNort", "session_id": 62, "command": "EXECUTE", "duration": 5040, "cpu_time": 0, "logical_reads": 0, "writes": 0, "status": "completed"}
{"event_name": "lock_released", "timestamp": "2026-09-04 05:08:59.276", "session_id": 67, "resource_type": "KEY", "mode": "X"}
{"event_name": "lock_released", "timestamp": "2026-09-04 05:08:59.276", "session_id": 67, "resource_type": "OBJECT", "mode": "IX"}
{"event_name": "lock_released", "timestamp": "2026-09-04 05:08:59.276", "session_id": 67, "resource_type": "RID", "mode": "X"}
{"event_name": "lock_released", "timestamp": "2026-09-04 05:08:59.276", "session_id": 67, "resource_type": "PAGE", "mode": "IX"}
{"event_name": "wait_info", "timestamp": "2026-09-04 05:09:04.306", "session_id": 58, "wait_type": "SLEEP_TASK", "database_name": "master"}
{"event_name": "wait_info", "timestamp": "2026-09-04 05:09:09.327", "session_id": 58, "wait_type": "BROKER_TO_FLUSH", "database_name": "master"}
{"event_name": "sql_batch_completed", "timestamp": "2026-09-04 05:09:14.351", "database_name": "SteelNort", "session_id": 60, "command": "EXECUTE", "duration": 7, "cpu_time": 0, "logical_reads": 0, "writes": 0}
{"event_name": "sql_batch_completed", "timestamp": "2026-09-04 05:09:14.351", "database_name": "SteelNort", "session_id": 78, "command": "SELECT", "duration": 15, "cpu_time": 6, "logical_reads": 0, "writes": 0}
{"event_name": "lock_acquired", "timestamp": "2026-09-04 05:09:14.351", "session_id": 78, "resource_type": "OBJECT", "mode": "Sch-S"}
{"event_name": "wait_info", "timestamp": "2026-09-04 05:09:19.375", "session_id": 58, "wait_type": "SLEEP_TASK", "database_name": "master"}
{"event_name": "sql_batch_completed", "timestamp": "2026-09-04 05:09:19.375", "database_name": "SteelNort", "session_id": 60, "command": "EXECUTE", "duration": 5030, "cpu_time": 0, "logical_reads": 0, "writes": 0, "status": "completed"}
{"event_name": "sql_batch_completed", "timestamp": "2026-09-04 05:09:19.375", "database_name": "SteelNort", "session_id": 78, "command": "SELECT", "duration": 5037, "cpu_time": 6, "logical_reads": 0, "writes": 0, "status": "completed"}
{"event_name": "lock_released", "timestamp": "2026-09-04 05:09:19.375", "session_id": 78, "resource_type": "OBJECT", "mode": "Sch-S"}
{"event_name": "wait_info", "timestamp": "2026-09-04 05:09:24.398", "session_id": 58, "wait_type": "BROKER_TO_FLUSH", "database_name": "master"}
{"event_name": "sql_batch_completed", "timestamp": "2026-09-04 05:09:24.398", "database_name": "SteelNort", "session_id": 62, "command": "EXECUTE", "duration": 8, "cpu_time": 0, "logical_reads": 0, "writes": 0}
{"event_name": "wait_info", "timestamp": "2026-09-04 05:09:29.423", "session_id": 58, "wait_type": "SLEEP_TASK", "database_name": "master"}
{"event_name": "sql_batch_completed", "timestamp": "2026-09-04 05:09:29.423", "database_name": "SteelNort", "session_id": 62, "command": "EXECUTE", "duration": 5034, "cpu_time": 0, "logical_reads": 0, "writes": 0, "status": "completed"}
{"event_name": "wait_info", "timestamp": "2026-09-04 05:09:34.449", "session_id": 58, "wait_type": "BROKER_TO_FLUSH", "database_name": "master"}
{"event_name": "wait_info", "timestamp": "2026-09-04 05:09:39.471", "session_id": 58, "wait_type": "SLEEP_TASK", "database_name": "master"}
{"event_name": "wait_info", "timestamp": "2026-09-04 05:09:44.495", "session_id": 58, "wait_type": "BROKER_TO_FLUSH", "database_name": "master"}
{"event_name": "wait_info", "timestamp": "2026-09-04 05:09:49.517", "session_id": 58, "wait_type": "SLEEP_TASK", "database_name": "master"}
{"event_name": "login", "timestamp": "2026-09-04 05:09:54.538", "session_id": 72, "login_name": "795ec2146175\\Administrator", "program_name": "Microsoft SQL Server", "database_name": "SteelNort"}
{"event_name": "sql_batch_completed", "timestamp": "2026-09-04 05:09:54.538", "database_name": "SteelNort", "session_id": 52, "command": "AWAITING COMMAND", "duration": 6, "cpu_time": 0, "logical_reads": 0, "writes": 0}
{"event_name": "wait_info", "timestamp": "2026-09-04 05:09:54.538", "session_id": 58, "wait_type": "BROKER_TO_FLUSH", "database_name": "master"}
{"event_name": "sql_batch_completed", "timestamp": "2026-09-04 05:09:54.538", "database_name": "SteelNort", "session_id": 60, "command": "EXECUTE", "duration": 9, "cpu_time": 0, "logical_reads": 0, "writes": 0}
{"event_name": "sql_batch_completed", "timestamp": "2026-09-04 05:09:54.538", "database_name": "SteelNort", "session_id": 77, "command": "EXECUTE", "duration": 113, "cpu_time": 98, "logical_reads": 0, "writes": 0, "wait_type": "MSQL_XP"}
{"event_name": "logout", "timestamp": "2026-09-04 05:09:59.569", "session_id": 72}
{"event_name": "wait_info", "timestamp": "2026-09-04 05:09:59.569", "session_id": 58, "wait_type": "SLEEP_TASK", "database_name": "master"}
{"event_name": "sql_batch_completed", "timestamp": "2026-09-04 05:09:59.569", "database_name": "SteelNort", "session_id": 52, "command": "AWAITING COMMAND", "duration": 5041, "cpu_time": 0, "logical_reads": 0, "writes": 0, "status": "completed"}
{"event_name": "sql_batch_completed", "timestamp": "2026-09-04 05:09:59.569", "database_name": "SteelNort", "session_id": 77, "command": "EXECUTE", "duration": 5145, "cpu_time": 98, "logical_reads": 0, "writes": 0, "status": "completed"}
{"event_name": "sql_batch_completed", "timestamp": "2026-09-04 05:09:59.569", "database_name": "SteelNort", "session_id": 60, "command": "EXECUTE", "duration": 5043, "cpu_time": 0, "logical_reads": 0, "writes": 0, "status": "completed"}
{"event_name": "wait_info", "timestamp": "2026-09-04 05:10:04.600", "session_id": 58, "wait_type": "BROKER_TO_FLUSH", "database_name": "master"}
{"event_name": "lock_acquired", "timestamp": "2026-09-04 05:10:04.600", "session_id": 60, "resource_type": "OBJECT", "mode": "IX"}
{"event_name": "lock_acquired", "timestamp": "2026-09-04 05:10:04.600", "session_id": 60, "resource_type": "RID", "mode": "X"}
{"event_name": "lock_acquired", "timestamp": "2026-09-04 05:10:04.600", "session_id": 60, "resource_type": "KEY", "mode": "X"}
{"event_name": "lock_acquired", "timestamp": "2026-09-04 05:10:04.600", "session_id": 60, "resource_type": "PAGE", "mode": "IX"}
{"event_name": "lock_released", "timestamp": "2026-09-04 05:10:09.633", "session_id": 60, "resource_type": "OBJECT", "mode": "IX"}
{"event_name": "lock_released", "timestamp": "2026-09-04 05:10:09.633", "session_id": 60, "resource_type": "RID", "mode": "X"}
{"event_name": "lock_released", "timestamp": "2026-09-04 05:10:09.633", "session_id": 60, "resource_type": "KEY", "mode": "X"}
{"event_name": "lock_released", "timestamp": "2026-09-04 05:10:09.633", "session_id": 60, "resource_type": "PAGE", "mode": "IX"}
{"event_name": "wait_info", "timestamp": "2026-09-04 05:10:14.660", "session_id": 58, "wait_type": "SLEEP_TASK", "database_name": "master"}
{"event_name": "wait_info", "timestamp": "2026-09-04 05:10:19.688", "session_id": 58, "wait_type": "BROKER_TO_FLUSH", "database_name": "master"}
{"event_name": "sql_batch_completed", "timestamp": "2026-09-04 05:10:19.688", "database_name": "SteelNort", "session_id": 66, "command": "AWAITING COMMAND", "duration": 9, "cpu_time": 0, "logical_reads": 0, "writes": 0}
{"event_name": "wait_info", "timestamp": "2026-09-04 05:10:24.717", "session_id": 58, "wait_type": "SLEEP_TASK", "database_name": "master"}
{"event_name": "sql_batch_completed", "timestamp": "2026-09-04 05:10:24.717", "database_name": "SteelNort", "session_id": 66, "command": "AWAITING COMMAND", "duration": 5036, "cpu_time": 0, "logical_reads": 0, "writes": 0, "status": "completed"}
{"event_name": "wait_info", "timestamp": "2026-09-04 05:10:29.742", "session_id": 58, "wait_type": "BROKER_TO_FLUSH", "database_name": "master"}
{"event_name": "sql_batch_completed", "timestamp": "2026-09-04 05:10:29.742", "database_name": "SteelNort", "session_id": 63, "command": "SET OPTION OFF", "duration": 5, "cpu_time": 0, "logical_reads": 0, "writes": 0}
{"event_name": "sql_batch_completed", "timestamp": "2026-09-04 05:10:29.742", "database_name": "SteelNort", "session_id": 77, "command": "EXECUTE", "duration": 16, "cpu_time": 6, "logical_reads": 0, "writes": 0, "wait_type": "MSQL_XP"}
{"event_name": "wait_info", "timestamp": "2026-09-04 05:10:34.770", "session_id": 58, "wait_type": "SLEEP_TASK", "database_name": "master"}
{"event_name": "sql_batch_completed", "timestamp": "2026-09-04 05:10:34.770", "database_name": "SteelNort", "session_id": 77, "command": "EXECUTE", "duration": 5042, "cpu_time": 6, "logical_reads": 0, "writes": 0, "status": "completed"}
{"event_name": "sql_batch_completed", "timestamp": "2026-09-04 05:10:34.770", "database_name": "SteelNort", "session_id": 63, "command": "SET OPTION OFF", "duration": 5034, "cpu_time": 0, "logical_reads": 0, "writes": 0, "status": "completed"}
{"event_name": "wait_info", "timestamp": "2026-09-04 05:10:39.798", "session_id": 58, "wait_type": "BROKER_TO_FLUSH", "database_name": "master"}
{"event_name": "sql_batch_completed", "timestamp": "2026-09-04 05:10:39.798", "database_name": "SteelNort", "session_id": 69, "command": "CONDITIONAL", "duration": 4, "cpu_time": 0, "logical_reads": 0, "writes": 0}
{"event_name": "wait_info", "timestamp": "2026-09-04 05:10:44.817", "session_id": 58, "wait_type": "SLEEP_TASK", "database_name": "master"}
{"event_name": "sql_batch_completed", "timestamp": "2026-09-04 05:10:44.817", "database_name": "SteelNort", "session_id": 69, "command": "CONDITIONAL", "duration": 5025, "cpu_time": 0, "logical_reads": 0, "writes": 0, "status": "completed"}
{"event_name": "wait_info", "timestamp": "2026-09-04 05:10:49.845", "session_id": 58, "wait_type": "BROKER_TO_FLUSH", "database_name": "master"}
{"event_name": "sql_batch_completed", "timestamp": "2026-09-04 05:10:49.845", "database_name": "SteelNort", "session_id": 77, "command": "EXECUTE", "duration": 37, "cpu_time": 30, "logical_reads": 0, "writes": 0, "wait_type": "MSQL_XP"}
{"event_name": "wait_info", "timestamp": "2026-09-04 05:10:54.871", "session_id": 58, "wait_type": "SLEEP_TASK", "database_name": "master"}
{"event_name": "wait_info", "timestamp": "2026-09-04 05:10:54.871", "session_id": 71, "wait_type": "SLEEP_TASK", "database_name": "master"}
{"event_name": "sql_batch_completed", "timestamp": "2026-09-04 05:10:54.871", "database_name": "SteelNort", "session_id": 77, "command": "EXECUTE", "duration": 5067, "cpu_time": 30, "logical_reads": 0, "writes": 0, "status": "completed"}
{"event_name": "sql_batch_completed", "timestamp": "2026-09-04 05:10:59.904", "database_name": "SteelNort", "session_id": 52, "command": "EXECUTE", "duration": 5, "cpu_time": 0, "logical_reads": 0, "writes": 0}
{"event_name": "lock_acquired", "timestamp": "2026-09-04 05:10:59.904", "session_id": 66, "resource_type": "OBJECT", "mode": "IS"}
{"event_name": "lock_acquired", "timestamp": "2026-09-04 05:10:59.904", "session_id": 52, "resource_type": "KEY", "mode": "X"}
{"event_name": "lock_acquired", "timestamp": "2026-09-04 05:10:59.904", "session_id": 52, "resource_type": "OBJECT", "mode": "IX"}
{"event_name": "lock_acquired", "timestamp": "2026-09-04 05:10:59.904", "session_id": 66, "resource_type": "PAGE", "mode": "IS"}
{"event_name": "lock_acquired", "timestamp": "2026-09-04 05:10:59.904", "session_id": 66, "resource_type": "KEY", "mode": "S"}
{"event_name": "lock_acquired", "timestamp": "2026-09-04 05:10:59.904", "session_id": 52, "resource_type": "PAGE", "mode": "IX"}
{"event_name": "wait_info", "timestamp": "2026-09-04 05:11:04.942", "session_id": 58, "wait_type": "BROKER_TO_FLUSH", "database_name": "master"}
{"event_name": "sql_batch_completed", "timestamp": "2026-09-04 05:11:04.942", "database_name": "SteelNort", "session_id": 63, "command": "SET OPTION OFF", "duration": 6, "cpu_time": 0, "logical_reads": 0, "writes": 0}
{"event_name": "sql_batch_completed", "timestamp": "2026-09-04 05:11:04.942", "database_name": "SteelNort", "session_id": 52, "command": "EXECUTE", "duration": 5047, "cpu_time": 0, "logical_reads": 0, "writes": 0, "status": "completed"}
{"event_name": "lock_released", "timestamp": "2026-09-04 05:11:04.942", "session_id": 66, "resource_type": "OBJECT", "mode": "IS"}
{"event_name": "lock_released", "timestamp": "2026-09-04 05:11:04.942", "session_id": 52, "resource_type": "KEY", "mode": "X"}
{"event_name": "lock_released", "timestamp": "2026-09-04 05:11:04.942", "session_id": 52, "resource_type": "OBJECT", "mode": "IX"}
{"event_name": "lock_released", "timestamp": "2026-09-04 05:11:04.942", "session_id": 66, "resource_type": "PAGE", "mode": "IS"}
{"event_name": "lock_released", "timestamp": "2026-09-04 05:11:04.942", "session_id": 66, "resource_type": "KEY", "mode": "S"}
{"event_name": "lock_released", "timestamp": "2026-09-04 05:11:04.942", "session_id": 52, "resource_type": "PAGE", "mode": "IX"}
{"event_name": "wait_info", "timestamp": "2026-09-04 05:11:09.981", "session_id": 58, "wait_type": "SLEEP_TASK", "database_name": "master"}
{"event_name": "sql_batch_completed", "timestamp": "2026-09-04 05:11:09.981", "database_name": "SteelNort", "session_id": 63, "command": "SET OPTION OFF", "duration": 5040, "cpu_time": 0, "logical_reads": 0, "writes": 0, "status": "completed"}
{"event_name": "wait_info", "timestamp": "2026-09-04 05:11:15.002", "session_id": 58, "wait_type": "BROKER_TO_FLUSH", "database_name": "master"}
{"event_name": "sql_batch_completed", "timestamp": "2026-09-04 05:11:15.002", "database_name": "SteelNort", "session_id": 65, "command": "AWAITING COMMAND", "duration": 4, "cpu_time": 0, "logical_reads": 0, "writes": 0}
{"event_name": "wait_info", "timestamp": "2026-09-04 05:11:20.028", "session_id": 58, "wait_type": "SLEEP_TASK", "database_name": "master"}
{"event_name": "sql_batch_completed", "timestamp": "2026-09-04 05:11:20.028", "database_name": "SteelNort", "session_id": 65, "command": "AWAITING COMMAND", "duration": 5028, "cpu_time": 0, "logical_reads": 0, "writes": 0, "status": "completed"}
{"event_name": "wait_info", "timestamp": "2026-09-04 05:11:25.049", "session_id": 58, "wait_type": "BROKER_TO_FLUSH", "database_name": "master"}
{"event_name": "sql_batch_completed", "timestamp": "2026-09-04 05:11:25.049", "database_name": "SteelNort", "session_id": 60, "command": "SELECT", "duration": 4, "cpu_time": 0, "logical_reads": 0, "writes": 0}
{"event_name": "sql_batch_completed", "timestamp": "2026-09-04 05:11:25.049", "database_name": "SteelNort", "session_id": 62, "command": "AWAITING COMMAND", "duration": 6, "cpu_time": 0, "logical_reads": 0, "writes": 0}
{"event_name": "wait_info", "timestamp": "2026-09-04 05:11:30.073", "session_id": 58, "wait_type": "SLEEP_TASK", "database_name": "master"}
{"event_name": "sql_batch_completed", "timestamp": "2026-09-04 05:11:30.073", "database_name": "SteelNort", "session_id": 60, "command": "SELECT", "duration": 5028, "cpu_time": 0, "logical_reads": 0, "writes": 0, "status": "completed"}
{"event_name": "sql_batch_completed", "timestamp": "2026-09-04 05:11:30.073", "database_name": "SteelNort", "session_id": 62, "command": "AWAITING COMMAND", "duration": 5029, "cpu_time": 0, "logical_reads": 0, "writes": 0, "status": "completed"}
{"event_name": "wait_info", "timestamp": "2026-09-04 05:11:35.101", "session_id": 58, "wait_type": "BROKER_TO_FLUSH", "database_name": "master"}
{"event_name": "wait_info", "timestamp": "2026-09-04 05:11:40.127", "session_id": 58, "wait_type": "SLEEP_TASK", "database_name": "master"}
{"event_name": "logout", "timestamp": "2026-09-04 05:11:45.155", "session_id": 70}
{"event_name": "wait_info", "timestamp": "2026-09-04 05:11:45.155", "session_id": 58, "wait_type": "BROKER_TO_FLUSH", "database_name": "master"}
{"event_name": "sql_batch_completed", "timestamp": "2026-09-04 05:11:45.155", "database_name": "SteelNort", "session_id": 68, "command": "AWAITING COMMAND", "duration": 8, "cpu_time": 0, "logical_reads": 0, "writes": 0}
{"event_name": "login", "timestamp": "2026-09-04 05:11:50.182", "session_id": 70, "login_name": "795ec2146175\\Administrator", "program_name": "Microsoft SQL Server", "database_name": "SteelNort"}
{"event_name": "wait_info", "timestamp": "2026-09-04 05:11:50.182", "session_id": 58, "wait_type": "SLEEP_TASK", "database_name": "master"}
{"event_name": "sql_batch_completed", "timestamp": "2026-09-04 05:11:50.182", "database_name": "SteelNort", "session_id": 60, "command": "SELECT", "duration": 4, "cpu_time": 0, "logical_reads": 0, "writes": 0}
{"event_name": "sql_batch_completed", "timestamp": "2026-09-04 05:11:50.182", "database_name": "SteelNort", "session_id": 77, "command": "EXECUTE", "duration": 154, "cpu_time": 102, "logical_reads": 0, "writes": 0, "wait_type": "MSQL_XP"}
{"event_name": "sql_batch_completed", "timestamp": "2026-09-04 05:11:50.182", "database_name": "SteelNort", "session_id": 68, "command": "AWAITING COMMAND", "duration": 5035, "cpu_time": 0, "logical_reads": 0, "writes": 0, "status": "completed"}
{"event_name": "logout", "timestamp": "2026-09-04 05:11:55.209", "session_id": 70}
{"event_name": "sql_batch_completed", "timestamp": "2026-09-04 05:11:55.209", "database_name": "SteelNort", "session_id": 60, "command": "SELECT", "duration": 5033, "cpu_time": 0, "logical_reads": 0, "writes": 0, "status": "completed"}
{"event_name": "sql_batch_completed", "timestamp": "2026-09-04 05:11:55.209", "database_name": "SteelNort", "session_id": 77, "command": "EXECUTE", "duration": 5184, "cpu_time": 102, "logical_reads": 0, "writes": 0, "status": "completed"}
{"event_name": "wait_info", "timestamp": "2026-09-04 05:12:00.238", "session_id": 58, "wait_type": "BROKER_TO_FLUSH", "database_name": "master"}
{"event_name": "wait_info", "timestamp": "2026-09-04 05:12:05.259", "session_id": 58, "wait_type": "SLEEP_TASK", "database_name": "master"}
{"event_name": "sql_batch_completed", "timestamp": "2026-09-04 05:12:10.281", "database_name": "SteelNort", "session_id": 52, "command": "AWAITING COMMAND", "duration": 5, "cpu_time": 0, "logical_reads": 0, "writes": 0}
{"event_name": "wait_info", "timestamp": "2026-09-04 05:12:10.281", "session_id": 58, "wait_type": "BROKER_TO_FLUSH", "database_name": "master"}
{"event_name": "sql_batch_completed", "timestamp": "2026-09-04 05:12:10.281", "database_name": "SteelNort", "session_id": 77, "command": "EXECUTE", "duration": 33, "cpu_time": 27, "logical_reads": 0, "writes": 0, "wait_type": "MSQL_XP"}
{"event_name": "wait_info", "timestamp": "2026-09-04 05:12:15.308", "session_id": 58, "wait_type": "SLEEP_TASK", "database_name": "master"}
{"event_name": "sql_batch_completed", "timestamp": "2026-09-04 05:12:15.308", "database_name": "SteelNort", "session_id": 52, "command": "AWAITING COMMAND", "duration": 5035, "cpu_time": 0, "logical_reads": 0, "writes": 0, "status": "completed"}
{"event_name": "sql_batch_completed", "timestamp": "2026-09-04 05:12:15.308", "database_name": "SteelNort", "session_id": 77, "command": "EXECUTE", "duration": 5062, "cpu_time": 27, "logical_reads": 0, "writes": 0, "status": "completed"}
{"event_name": "wait_info", "timestamp": "2026-09-04 05:12:20.331", "session_id": 58, "wait_type": "BROKER_TO_FLUSH", "database_name": "master"}
{"event_name": "wait_info", "timestamp": "2026-09-04 05:12:25.356", "session_id": 58, "wait_type": "SLEEP_TASK", "database_name": "master"}
{"event_name": "lock_acquired", "timestamp": "2026-09-04 05:12:25.356", "session_id": 67, "resource_type": "OBJECT", "mode": "IS"}
{"event_name": "wait_info", "timestamp": "2026-09-04 05:12:30.379", "session_id": 58, "wait_type": "BROKER_TO_FLUSH", "database_name": "master"}
{"event_name": "lock_released", "timestamp": "2026-09-04 05:12:30.379", "session_id": 67, "resource_type": "OBJECT", "mode": "IS"}
{"event_name": "wait_info", "timestamp": "2026-09-04 05:12:35.405", "session_id": 58, "wait_type": "SLEEP_TASK", "database_name": "master"}
{"event_name": "wait_info", "timestamp": "2026-09-04 05:12:40.431", "session_id": 58, "wait_type": "BROKER_TO_FLUSH", "database_name": "master"}
{"event_name": "login", "timestamp": "2026-09-04 05:12:50.471", "session_id": 70, "login_name": "795ec2146175\\Administrator", "program_name": "Microsoft SQL Server", "database_name": "SteelNort"}
{"event_name": "wait_info", "timestamp": "2026-09-04 05:12:50.471", "session_id": 58, "wait_type": "SLEEP_TASK", "database_name": "master"}
{"event_name": "sql_batch_completed", "timestamp": "2026-09-04 05:12:50.471", "database_name": "SteelNort", "session_id": 77, "command": "EXECUTE", "duration": 146, "cpu_time": 90, "logical_reads": 0, "writes": 0, "wait_type": "MSQL_XP"}
{"event_name": "logout", "timestamp": "2026-09-04 05:12:55.496", "session_id": 70}
{"event_name": "wait_info", "timestamp": "2026-09-04 05:12:55.496", "session_id": 58, "wait_type": "BROKER_TO_FLUSH", "database_name": "master"}
{"event_name": "sql_batch_completed", "timestamp": "2026-09-04 05:12:55.496", "database_name": "SteelNort", "session_id": 77, "command": "EXECUTE", "duration": 5170, "cpu_time": 90, "logical_reads": 0, "writes": 0, "status": "completed"}
{"event_name": "wait_info", "timestamp": "2026-09-04 05:13:00.524", "session_id": 58, "wait_type": "SLEEP_TASK", "database_name": "master"}
{"event_name": "wait_info", "timestamp": "2026-09-04 05:13:05.552", "session_id": 58, "wait_type": "BROKER_TO_FLUSH", "database_name": "master"}
{"event_name": "wait_info", "timestamp": "2026-09-04 05:13:10.579", "session_id": 58, "wait_type": "SLEEP_TASK", "database_name": "master"}
{"event_name": "sql_batch_completed", "timestamp": "2026-09-04 05:13:10.579", "database_name": "SteelNort", "session_id": 67, "command": "AWAITING COMMAND", "duration": 8, "cpu_time": 0, "logical_reads": 0, "writes": 0}
{"event_name": "sql_batch_completed", "timestamp": "2026-09-04 05:13:10.579", "database_name": "SteelNort", "session_id": 77, "command": "EXECUTE", "duration": 93, "cpu_time": 82, "logical_reads": 0, "writes": 0, "wait_type": "MSQL_XP"}
{"event_name": "lock_acquired", "timestamp": "2026-09-04 05:13:10.579", "session_id": 70, "resource_type": "DATABASE", "mode": "S"}
{"event_name": "wait_info", "timestamp": "2026-09-04 05:13:15.615", "session_id": 58, "wait_type": "BROKER_TO_FLUSH", "database_name": "master"}
{"event_name": "sql_batch_completed", "timestamp": "2026-09-04 05:13:15.615", "database_name": "SteelNort", "session_id": 67, "command": "AWAITING COMMAND", "duration": 5046, "cpu_time": 0, "logical_reads": 0, "writes": 0, "status": "completed"}
{"event_name": "sql_batch_completed", "timestamp": "2026-09-04 05:13:15.615", "database_name": "SteelNort", "session_id": 77, "command": "EXECUTE", "duration": 5130, "cpu_time": 82, "logical_reads": 0, "writes": 0, "status": "completed"}
{"event_name": "lock_released", "timestamp": "2026-09-04 05:13:15.615", "session_id": 70, "resource_type": "DATABASE", "mode": "S"}
{"event_name": "wait_info", "timestamp": "2026-09-04 05:13:20.643", "session_id": 58, "wait_type": "SLEEP_TASK", "database_name": "master"}
{"event_name": "lock_acquired", "timestamp": "2026-09-04 05:13:20.643", "session_id": 69, "resource_type": "KEY", "mode": "S"}
{"event_name": "wait_info", "timestamp": "2026-09-04 05:13:25.667", "session_id": 58, "wait_type": "BROKER_TO_FLUSH", "database_name": "master"}
{"event_name": "sql_batch_completed", "timestamp": "2026-09-04 05:13:25.667", "database_name": "SteelNort", "session_id": 69, "command": "AWAITING COMMAND", "duration": 6, "cpu_time": 0, "logical_reads": 0, "writes": 0}
{"event_name": "lock_released", "timestamp": "2026-09-04 05:13:25.667", "session_id": 69, "resource_type": "KEY", "mode": "S"}
{"event_name": "wait_info", "timestamp": "2026-09-04 05:13:30.693", "session_id": 58, "wait_type": "SLEEP_TASK", "database_name": "master"}
{"event_name": "login", "timestamp": "2026-09-04 05:13:35.721", "session_id": 70, "login_name": "NT AUTHORITY\\SYSTEM", "program_name": "SQLServerCEIP", "database_name": "SteelNort"}
{"event_name": "wait_info", "timestamp": "2026-09-04 05:13:35.721", "session_id": 58, "wait_type": "BROKER_TO_FLUSH", "database_name": "master"}
{"event_name": "sql_batch_completed", "timestamp": "2026-09-04 05:13:35.721", "database_name": "SteelNort", "session_id": 69, "command": "EXECUTE", "duration": 5033, "cpu_time": 0, "logical_reads": 0, "writes": 0, "status": "completed"}
{"event_name": "wait_info", "timestamp": "2026-09-04 05:13:45.767", "session_id": 58, "wait_type": "SLEEP_TASK", "database_name": "master"}
{"event_name": "sql_batch_completed", "timestamp": "2026-09-04 05:13:45.767", "database_name": "SteelNort", "session_id": 62, "command": "AWAITING COMMAND", "duration": 8, "cpu_time": 0, "logical_reads": 0, "writes": 0}
{"event_name": "wait_info", "timestamp": "2026-09-04 05:13:50.787", "session_id": 58, "wait_type": "BROKER_TO_FLUSH", "database_name": "master"}
{"event_name": "sql_batch_completed", "timestamp": "2026-09-04 05:13:50.787", "database_name": "SteelNort", "session_id": 62, "command": "AWAITING COMMAND", "duration": 5033, "cpu_time": 0, "logical_reads": 0, "writes": 0, "status": "completed"}
{"event_name": "logout", "timestamp": "2026-09-04 05:13:55.814", "session_id": 73}
{"event_name": "logout", "timestamp": "2026-09-04 05:13:55.814", "session_id": 76}
{"event_name": "logout", "timestamp": "2026-09-04 05:13:55.814", "session_id": 71}
{"event_name": "wait_info", "timestamp": "2026-09-04 05:13:55.814", "session_id": 58, "wait_type": "SLEEP_TASK", "database_name": "master"}
{"event_name": "sql_batch_completed", "timestamp": "2026-09-04 05:13:55.814", "database_name": "master", "session_id": 73, "command": "TASK MANAGER", "duration": 482759, "cpu_time": 0, "logical_reads": 0, "writes": 0, "status": "completed"}
{"event_name": "sql_batch_completed", "timestamp": "2026-09-04 05:13:55.814", "database_name": "master", "session_id": 76, "command": "TASK MANAGER", "duration": 482760, "cpu_time": 0, "logical_reads": 0, "writes": 0, "status": "completed"}
{"event_name": "sql_batch_completed", "timestamp": "2026-09-04 05:13:55.814", "database_name": "master", "session_id": 71, "command": "TASK MANAGER", "duration": 782835, "cpu_time": 0, "logical_reads": 0, "writes": 0, "status": "completed"}
{"event_name": "wait_info", "timestamp": "2026-09-04 05:14:00.837", "session_id": 58, "wait_type": "BROKER_TO_FLUSH", "database_name": "master"}
{"event_name": "sql_batch_completed", "timestamp": "2026-09-04 05:14:00.837", "database_name": "SteelNort", "session_id": 63, "command": "CONDITIONAL", "duration": 7, "cpu_time": 1, "logical_reads": 0, "writes": 0}
{"event_name": "wait_info", "timestamp": "2026-09-04 05:14:05.861", "session_id": 58, "wait_type": "SLEEP_TASK", "database_name": "master"}
{"event_name": "sql_batch_completed", "timestamp": "2026-09-04 05:14:05.861", "database_name": "SteelNort", "session_id": 63, "command": "CONDITIONAL", "duration": 5032, "cpu_time": 1, "logical_reads": 0, "writes": 0, "status": "completed"}
{"event_name": "wait_info", "timestamp": "2026-09-04 05:14:10.889", "session_id": 58, "wait_type": "BROKER_TO_FLUSH", "database_name": "master"}
{"event_name": "login", "timestamp": "2026-09-04 05:14:15.911", "session_id": 71, "login_name": "795ec2146175\\Administrator", "program_name": "Microsoft SQL Server", "database_name": "SteelNort"}
{"event_name": "wait_info", "timestamp": "2026-09-04 05:14:15.911", "session_id": 58, "wait_type": "SLEEP_TASK", "database_name": "master"}
{"event_name": "sql_batch_completed", "timestamp": "2026-09-04 05:14:15.911", "database_name": "SteelNort", "session_id": 77, "command": "EXECUTE", "duration": 216, "cpu_time": 114, "logical_reads": 0, "writes": 0, "wait_type": "MSQL_XP"}
{"event_name": "logout", "timestamp": "2026-09-04 05:14:20.939", "session_id": 71}
{"event_name": "wait_info", "timestamp": "2026-09-04 05:14:20.939", "session_id": 58, "wait_type": "BROKER_TO_FLUSH", "database_name": "master"}
{"event_name": "sql_batch_completed", "timestamp": "2026-09-04 05:14:20.939", "database_name": "SteelNort", "session_id": 77, "command": "EXECUTE", "duration": 5245, "cpu_time": 114, "logical_reads": 0, "writes": 0, "status": "completed"}
{"event_name": "wait_info", "timestamp": "2026-09-04 05:14:25.968", "session_id": 58, "wait_type": "SLEEP_TASK", "database_name": "master"}
{"event_name": "lock_acquired", "timestamp": "2026-09-04 05:14:25.968", "session_id": 64, "resource_type": "OBJECT", "mode": "IS"}
{"event_name": "sql_batch_completed", "timestamp": "2026-09-04 05:14:30.989", "database_name": "SteelNort", "session_id": 64, "command": "AWAITING COMMAND", "duration": 3, "cpu_time": 0, "logical_reads": 0, "writes": 0}
{"event_name": "sql_batch_completed", "timestamp": "2026-09-04 05:14:30.989", "database_name": "SteelNort", "session_id": 69, "command": "EXECUTE", "duration": 5, "cpu_time": 0, "logical_reads": 0, "writes": 0}
{"event_name": "lock_released", "timestamp": "2026-09-04 05:14:30.989", "session_id": 64, "resource_type": "OBJECT", "mode": "IS"}
{"event_name": "wait_info", "timestamp": "2026-09-04 05:14:36.020", "session_id": 58, "wait_type": "BROKER_TO_FLUSH", "database_name": "master"}
{"event_name": "sql_batch_completed", "timestamp": "2026-09-04 05:14:36.020", "database_name": "SteelNort", "session_id": 64, "command": "AWAITING COMMAND", "duration": 5037, "cpu_time": 0, "logical_reads": 0, "writes": 0, "status": "completed"}
{"event_name": "sql_batch_completed", "timestamp": "2026-09-04 05:14:36.020", "database_name": "SteelNort", "session_id": 69, "command": "EXECUTE", "duration": 5038, "cpu_time": 0, "logical_reads": 0, "writes": 0, "status": "completed"}
{"event_name": "wait_info", "timestamp": "2026-09-04 05:14:41.047", "session_id": 58, "wait_type": "SLEEP_TASK", "database_name": "master"}
{"event_name": "sql_batch_completed", "timestamp": "2026-09-04 05:14:41.047", "database_name": "SteelNort", "session_id": 68, "command": "INSERT", "duration": 6, "cpu_time": 0, "logical_reads": 0, "writes": 0}
{"event_name": "lock_acquired", "timestamp": "2026-09-04 05:14:41.047", "session_id": 68, "resource_type": "PAGE", "mode": "IX"}
{"event_name": "lock_acquired", "timestamp": "2026-09-04 05:14:41.047", "session_id": 68, "resource_type": "OBJECT", "mode": "IX"}
{"event_name": "lock_acquired", "timestamp": "2026-09-04 05:14:41.047", "session_id": 68, "resource_type": "RID", "mode": "X"}
{"event_name": "lock_acquired", "timestamp": "2026-09-04 05:14:41.047", "session_id": 68, "resource_type": "KEY", "mode": "X"}
{"event_name": "wait_info", "timestamp": "2026-09-04 05:14:46.079", "session_id": 58, "wait_type": "BROKER_TO_FLUSH", "database_name": "master"}
{"event_name": "sql_batch_completed", "timestamp": "2026-09-04 05:14:46.079", "database_name": "SteelNort", "session_id": 68, "command": "INSERT", "duration": 5036, "cpu_time": 0, "logical_reads": 0, "writes": 0, "status": "completed"}
{"event_name": "lock_released", "timestamp": "2026-09-04 05:14:46.079", "session_id": 68, "resource_type": "PAGE", "mode": "IX"}
{"event_name": "lock_released", "timestamp": "2026-09-04 05:14:46.079", "session_id": 68, "resource_type": "OBJECT", "mode": "IX"}
{"event_name": "lock_released", "timestamp": "2026-09-04 05:14:46.079", "session_id": 68, "resource_type": "RID", "mode": "X"}
{"event_name": "lock_released", "timestamp": "2026-09-04 05:14:46.079", "session_id": 68, "resource_type": "KEY", "mode": "X"}
{"event_name": "wait_info", "timestamp": "2026-09-04 05:14:51.107", "session_id": 58, "wait_type": "SLEEP_TASK", "database_name": "master"}
{"event_name": "sql_batch_completed", "timestamp": "2026-09-04 05:14:51.107", "database_name": "SteelNort", "session_id": 69, "command": "EXECUTE", "duration": 9, "cpu_time": 0, "logical_reads": 0, "writes": 0}
{"event_name": "wait_info", "timestamp": "2026-09-04 05:14:56.139", "session_id": 58, "wait_type": "BROKER_TO_FLUSH", "database_name": "master"}
{"event_name": "sql_batch_completed", "timestamp": "2026-09-04 05:14:56.139", "database_name": "SteelNort", "session_id": 69, "command": "EXECUTE", "duration": 5038, "cpu_time": 0, "logical_reads": 0, "writes": 0, "status": "completed"}
{"event_name": "login", "timestamp": "2026-09-04 05:15:01.171", "session_id": 71, "login_name": "795ec2146175\\Administrator", "program_name": "Microsoft SQL Server", "database_name": "SteelNort"}
{"event_name": "wait_info", "timestamp": "2026-09-04 05:15:01.171", "session_id": 58, "wait_type": "SLEEP_TASK", "database_name": "master"}
{"event_name": "sql_batch_completed", "timestamp": "2026-09-04 05:15:01.171", "database_name": "SteelNort", "session_id": 64, "command": "EXECUTE", "duration": 6, "cpu_time": 0, "logical_reads": 0, "writes": 0}
{"event_name": "sql_batch_completed", "timestamp": "2026-09-04 05:15:01.171", "database_name": "SteelNort", "session_id": 77, "command": "EXECUTE", "duration": 187, "cpu_time": 100, "logical_reads": 0, "writes": 0, "wait_type": "MSQL_XP"}
{"event_name": "logout", "timestamp": "2026-09-04 05:15:06.196", "session_id": 71}
{"event_name": "wait_info", "timestamp": "2026-09-04 05:15:06.196", "session_id": 58, "wait_type": "BROKER_TO_FLUSH", "database_name": "master"}
{"event_name": "sql_batch_completed", "timestamp": "2026-09-04 05:15:06.196", "database_name": "SteelNort", "session_id": 64, "command": "EXECUTE", "duration": 5027, "cpu_time": 0, "logical_reads": 0, "writes": 0, "status": "completed"}
{"event_name": "sql_batch_completed", "timestamp": "2026-09-04 05:15:06.196", "database_name": "SteelNort", "session_id": 77, "command": "EXECUTE", "duration": 5208, "cpu_time": 100, "logical_reads": 0, "writes": 0, "status": "completed"}
{"event_name": "wait_info", "timestamp": "2026-09-04 05:15:11.215", "session_id": 58, "wait_type": "SLEEP_TASK", "database_name": "master"}
{"event_name": "wait_info", "timestamp": "2026-09-04 05:15:16.239", "session_id": 58, "wait_type": "BROKER_TO_FLUSH", "database_name": "master"}
{"event_name": "wait_info", "timestamp": "2026-09-04 05:15:21.260", "session_id": 58, "wait_type": "SLEEP_TASK", "database_name": "master"}
{"event_name": "lock_acquired", "timestamp": "2026-09-04 05:15:21.260", "session_id": 62, "resource_type": "OBJECT", "mode": "IX"}
{"event_name": "lock_acquired", "timestamp": "2026-09-04 05:15:21.260", "session_id": 62, "resource_type": "RID", "mode": "X"}
{"event_name": "lock_acquired", "timestamp": "2026-09-04 05:15:21.260", "session_id": 62, "resource_type": "KEY", "mode": "X"}
{"event_name": "lock_acquired", "timestamp": "2026-09-04 05:15:21.260", "session_id": 62, "resource_type": "PAGE", "mode": "IX"}
{"event_name": "sql_batch_completed", "timestamp": "2026-09-04 05:15:26.284", "database_name": "SteelNort", "session_id": 62, "command": "EXECUTE", "duration": 3, "cpu_time": 0, "logical_reads": 0, "writes": 0}
{"event_name": "sql_batch_completed", "timestamp": "2026-09-04 05:15:26.284", "database_name": "SteelNort", "session_id": 63, "command": "AWAITING COMMAND", "duration": 5, "cpu_time": 0, "logical_reads": 0, "writes": 0}
{"event_name": "lock_released", "timestamp": "2026-09-04 05:15:26.284", "session_id": 62, "resource_type": "OBJECT", "mode": "IX"}
{"event_name": "lock_released", "timestamp": "2026-09-04 05:15:26.284", "session_id": 62, "resource_type": "RID", "mode": "X"}
{"event_name": "lock_released", "timestamp": "2026-09-04 05:15:26.284", "session_id": 62, "resource_type": "KEY", "mode": "X"}
{"event_name": "lock_released", "timestamp": "2026-09-04 05:15:26.284", "session_id": 62, "resource_type": "PAGE", "mode": "IX"}
{"event_name": "wait_info", "timestamp": "2026-09-04 05:15:31.312", "session_id": 58, "wait_type": "BROKER_TO_FLUSH", "database_name": "master"}
{"event_name": "sql_batch_completed", "timestamp": "2026-09-04 05:15:31.312", "database_name": "SteelNort", "session_id": 62, "command": "EXECUTE", "duration": 5032, "cpu_time": 0, "logical_reads": 0, "writes": 0, "status": "completed"}
{"event_name": "sql_batch_completed", "timestamp": "2026-09-04 05:15:31.312", "database_name": "SteelNort", "session_id": 63, "command": "AWAITING COMMAND", "duration": 5033, "cpu_time": 0, "logical_reads": 0, "writes": 0, "status": "completed"}
{"event_name": "wait_info", "timestamp": "2026-09-04 05:15:36.339", "session_id": 58, "wait_type": "SLEEP_TASK", "database_name": "master"}
{"event_name": "sql_batch_completed", "timestamp": "2026-09-04 05:15:36.339", "database_name": "SteelNort", "session_id": 67, "command": "EXECUTE", "duration": 4, "cpu_time": 0, "logical_reads": 0, "writes": 0}
{"event_name": "wait_info", "timestamp": "2026-09-04 05:15:41.364", "session_id": 58, "wait_type": "BROKER_TO_FLUSH", "database_name": "master"}
{"event_name": "sql_batch_completed", "timestamp": "2026-09-04 05:15:41.364", "database_name": "SteelNort", "session_id": 67, "command": "EXECUTE", "duration": 5029, "cpu_time": 0, "logical_reads": 0, "writes": 0, "status": "completed"}
{"event_name": "login", "timestamp": "2026-09-04 05:15:46.386", "session_id": 71, "login_name": "795ec2146175\\Administrator", "program_name": "Microsoft SQL Server", "database_name": "SteelNort"}
{"event_name": "wait_info", "timestamp": "2026-09-04 05:15:46.386", "session_id": 58, "wait_type": "SLEEP_TASK", "database_name": "master"}
{"event_name": "sql_batch_completed", "timestamp": "2026-09-04 05:15:46.386", "database_name": "SteelNort", "session_id": 77, "command": "EXECUTE", "duration": 197, "cpu_time": 103, "logical_reads": 0, "writes": 0, "wait_type": "MSQL_XP"}
{"event_name": "logout", "timestamp": "2026-09-04 05:15:51.408", "session_id": 71}
{"event_name": "wait_info", "timestamp": "2026-09-04 05:15:51.408", "session_id": 58, "wait_type": "BROKER_TO_FLUSH", "database_name": "master"}
{"event_name": "sql_batch_completed", "timestamp": "2026-09-04 05:15:51.408", "database_name": "SteelNort", "session_id": 77, "command": "EXECUTE", "duration": 5225, "cpu_time": 103, "logical_reads": 0, "writes": 0, "status": "completed"}
{"event_name": "login", "timestamp": "2026-09-04 05:15:56.437", "session_id": 72, "login_name": "sa", "program_name": "unknown", "database_name": "SteelNort"}
{"event_name": "login", "timestamp": "2026-09-04 05:15:56.437", "session_id": 73, "login_name": "sa", "program_name": "unknown", "database_name": "SteelNort"}
{"event_name": "wait_info", "timestamp": "2026-09-04 05:15:56.437", "session_id": 58, "wait_type": "SLEEP_TASK", "database_name": "master"}
{"event_name": "sql_batch_completed", "timestamp": "2026-09-04 05:15:56.437", "database_name": "master", "session_id": 72, "command": "TASK MANAGER", "duration": 3257, "cpu_time": 0, "logical_reads": 0, "writes": 0}
{"event_name": "sql_batch_completed", "timestamp": "2026-09-04 05:15:56.437", "database_name": "master", "session_id": 73, "command": "TASK MANAGER", "duration": 3258, "cpu_time": 0, "logical_reads": 0, "writes": 0}
{"event_name": "wait_info", "timestamp": "2026-09-04 05:16:01.463", "session_id": 58, "wait_type": "BROKER_TO_FLUSH", "database_name": "master"}
{"event_name": "sql_batch_completed", "timestamp": "2026-09-04 05:16:01.463", "database_name": "SteelNort", "session_id": 62, "command": "EXECUTE", "duration": 7, "cpu_time": 0, "logical_reads": 0, "writes": 0}
{"event_name": "lock_acquired", "timestamp": "2026-09-04 05:16:01.463", "session_id": 60, "resource_type": "KEY", "mode": "S"}
{"event_name": "lock_acquired", "timestamp": "2026-09-04 05:16:01.463", "session_id": 60, "resource_type": "PAGE", "mode": "IS"}
{"event_name": "lock_acquired", "timestamp": "2026-09-04 05:16:01.463", "session_id": 60, "resource_type": "OBJECT", "mode": "IS"}
{"event_name": "wait_info", "timestamp": "2026-09-04 05:16:06.497", "session_id": 58, "wait_type": "SLEEP_TASK", "database_name": "master"}
{"event_name": "sql_batch_completed", "timestamp": "2026-09-04 05:16:06.497", "database_name": "SteelNort", "session_id": 62, "command": "EXECUTE", "duration": 5039, "cpu_time": 0, "logical_reads": 0, "writes": 0, "status": "completed"}
{"event_name": "lock_released", "timestamp": "2026-09-04 05:16:06.497", "session_id": 60, "resource_type": "KEY", "mode": "S"}
{"event_name": "lock_released", "timestamp": "2026-09-04 05:16:06.497", "session_id": 60, "resource_type": "PAGE", "mode": "IS"}
{"event_name": "lock_released", "timestamp": "2026-09-04 05:16:06.497", "session_id": 60, "resource_type": "OBJECT", "mode": "IS"}
{"event_name": "wait_info", "timestamp": "2026-09-04 05:16:11.528", "session_id": 58, "wait_type": "BROKER_TO_FLUSH", "database_name": "master"}
{"event_name": "wait_info", "timestamp": "2026-09-04 05:16:21.582", "session_id": 58, "wait_type": "SLEEP_TASK", "database_name": "master"}
{"event_name": "wait_info", "timestamp": "2026-09-04 05:16:26.614", "session_id": 58, "wait_type": "BROKER_TO_FLUSH", "database_name": "master"}
{"event_name": "login", "timestamp": "2026-09-04 05:16:31.639", "session_id": 71, "login_name": "795ec2146175\\Administrator", "program_name": "Microsoft SQL Server", "database_name": "SteelNort"}
{"event_name": "wait_info", "timestamp": "2026-09-04 05:16:31.639", "session_id": 58, "wait_type": "SLEEP_TASK", "database_name": "master"}
{"event_name": "sql_batch_completed", "timestamp": "2026-09-04 05:16:31.639", "database_name": "SteelNort", "session_id": 77, "command": "EXECUTE", "duration": 180, "cpu_time": 169, "logical_reads": 0, "writes": 0, "wait_type": "MSQL_XP"}
{"event_name": "logout", "timestamp": "2026-09-04 05:16:36.675", "session_id": 71}
{"event_name": "wait_info", "timestamp": "2026-09-04 05:16:36.675", "session_id": 58, "wait_type": "BROKER_TO_FLUSH", "database_name": "master"}
{"event_name": "sql_batch_completed", "timestamp": "2026-09-04 05:16:36.675", "database_name": "SteelNort", "session_id": 77, "command": "EXECUTE", "duration": 5213, "cpu_time": 169, "logical_reads": 0, "writes": 0, "status": "completed"}
{"event_name": "wait_info", "timestamp": "2026-09-04 05:16:41.696", "session_id": 58, "wait_type": "SLEEP_TASK", "database_name": "master"}
{"event_name": "wait_info", "timestamp": "2026-09-04 05:16:46.717", "session_id": 58, "wait_type": "BROKER_TO_FLUSH", "database_name": "master"}
{"event_name": "wait_info", "timestamp": "2026-09-04 05:16:51.736", "session_id": 58, "wait_type": "SLEEP_TASK", "database_name": "master"}
{"event_name": "sql_batch_completed", "timestamp": "2026-09-04 05:16:51.736", "database_name": "SteelNort", "session_id": 62, "command": "AWAITING COMMAND", "duration": 7, "cpu_time": 0, "logical_reads": 0, "writes": 0}
{"event_name": "sql_batch_completed", "timestamp": "2026-09-04 05:16:56.774", "database_name": "SteelNort", "session_id": 52, "command": "EXECUTE", "duration": 4, "cpu_time": 0, "logical_reads": 0, "writes": 0}
{"event_name": "wait_info", "timestamp": "2026-09-04 05:16:56.774", "session_id": 58, "wait_type": "BROKER_TO_FLUSH", "database_name": "master"}
{"event_name": "sql_batch_completed", "timestamp": "2026-09-04 05:16:56.774", "database_name": "SteelNort", "session_id": 62, "command": "AWAITING COMMAND", "duration": 5044, "cpu_time": 0, "logical_reads": 0, "writes": 0, "status": "completed"}
{"event_name": "wait_info", "timestamp": "2026-09-04 05:17:01.798", "session_id": 58, "wait_type": "SLEEP_TASK", "database_name": "master"}
{"event_name": "sql_batch_completed", "timestamp": "2026-09-04 05:17:01.798", "database_name": "SteelNort", "session_id": 52, "command": "EXECUTE", "duration": 5038, "cpu_time": 0, "logical_reads": 0, "writes": 0, "status": "completed"}
{"event_name": "wait_info", "timestamp": "2026-09-04 05:17:06.829", "session_id": 58, "wait_type": "BROKER_TO_FLUSH", "database_name": "master"}
{"event_name": "sql_batch_completed", "timestamp": "2026-09-04 05:17:06.829", "database_name": "SteelNort", "session_id": 66, "command": "AWAITING COMMAND", "duration": 5, "cpu_time": 0, "logical_reads": 0, "writes": 0}
