event_name,timestamp,session_id,login_name,program_name,database_name,_linea,command,duration,cpu_time,logical_reads,writes,wait_type,resource_type,mode,status,process_type,run_name
login,2026-09-04 05:01:46.876,64,sa,Microsoft JDBC Driver for SQL Server,SteelNort,"{""event_name"": ""login"", ""timestamp"": ""2026-09-04 05:01:46.876"", ""session_id"": 64, ""login_name"": ""sa"", ""program_name"": ""Microsoft JDBC Driver for SQL Server"", ""database_name"": ""SteelNort""}",,,,,,,,,,UNKNOWN,carga1
login,2026-09-04 05:01:46.876,65,sa,Microsoft JDBC Driver for SQL Server,SteelNort,"{""event_name"": ""login"", ""timestamp"": ""2026-09-04 05:01:46.876"", ""session_id"": 65, ""login_name"": ""sa"", ""program_name"": ""Microsoft JDBC Driver for SQL Server"", ""database_name"": ""SteelNort""}",,,,,,,,,,UNKNOWN,carga1
login,2026-09-04 05:01:46.876,66,sa,Microsoft JDBC Driver for SQL Server,SteelNort,"{""event_name"": ""login"", ""timestamp"": ""2026-09-04 05:01:46.876"", ""session_id"": 66, ""login_name"": ""sa"", ""program_name"": ""Microsoft JDBC Driver for SQL Server"", ""database_name"": ""SteelNort""}",,,,,,,,,,UNKNOWN,carga1
login,2026-09-04 05:01:46.876,67,sa,Microsoft JDBC Driver for SQL Server,SteelNort,"{""event_name"": ""login"", ""timestamp"": ""2026-09-04 05:01:46.876"", ""session_id"": 67, ""login_name"": ""sa"", ""program_name"": ""Microsoft JDBC Driver for SQL Server"", ""database_name"": ""SteelNort""}",,,,,,,,,,UNKNOWN,carga1
login,2026-09-04 05:01:46.876,68,sa,Microsoft JDBC Driver for SQL Server,SteelNort,"{""event_name"": ""login"", ""timestamp"": ""2026-09-04 05:01:46.876"", ""session_id"": 68, ""login_name"": ""sa"", ""program_name"": ""Microsoft JDBC Driver for SQL Server"", ""database_name"": ""SteelNort""}",,,,,,,,,,UNKNOWN,carga1
login,2026-09-04 05:01:46.876,69,sa,Microsoft JDBC Driver for SQL Server,SteelNort,"{""event_name"": ""login"", ""timestamp"": ""2026-09-04 05:01:46.876"", ""session_id"": 69, ""login_name"": ""sa"", ""program_name"": ""Microsoft JDBC Driver for SQL Server"", ""database_name"": ""SteelNort""}",,,,,,,,,,UNKNOWN,carga1
login,2026-09-04 05:01:46.876,70,NT AUTHORITY\SYSTEM,SQLServerCEIP,SteelNort,"{""event_name"": ""login"", ""timestamp"": ""2026-09-04 05:01:46.876"", ""session_id"": 70, ""login_name"": ""NT AUTHORITY\\SYSTEM"", ""program_name"": ""SQLServerCEIP"", ""database_name"": ""SteelNort""}",,,,,,,,,,UNKNOWN,carga1
login,2026-09-04 05:01:46.876,71,sa,unknown,SteelNort,"{""event_name"": ""login"", ""timestamp"": ""2026-09-04 05:01:46.876"", ""session_id"": 71, ""login_name"": ""sa"", ""program_name"": ""unknown"", ""database_name"": ""SteelNort""}",,,,,,,,,,UNKNOWN,carga1
login,2026-09-04 05:01:46.876,72,sa,unknown,SteelNort,"{""event_name"": ""login"", ""timestamp"": ""2026-09-04 05:01:46.876"", ""session_id"": 72, ""login_name"": ""sa"", ""program_name"": ""unknown"", ""database_name"": ""SteelNort""}",,,,,,,,,,UNKNOWN,carga1
login,2026-09-04 05:01:46.876,73,sa,unknown,SteelNort,"{""event_name"": ""login"", ""timestamp"": ""2026-09-04 05:01:46.876"", ""session_id"": 73, ""login_name"": ""sa"", ""program_name"": ""unknown"", ""database_name"": ""SteelNort""}",,,,,,,,,,UNKNOWN,carga1
login,2026-09-04 05:01:46.876,74,sa,unknown,SteelNort,"{""event_name"": ""login"", ""timestamp"": ""2026-09-04 05:01:46.876"", ""session_id"": 74, ""login_name"": ""sa"", ""program_name"": ""unknown"", ""database_name"": ""SteelNort""}",,,,,,,,,,UNKNOWN,carga1
login,2026-09-04 05:01:46.876,75,sa,unknown,SteelNort,"{""event_name"": ""login"", ""timestamp"": ""2026-09-04 05:01:46.876"", ""session_id"": 75, ""login_name"": ""sa"", ""program_name"": ""unknown"", ""database_name"": ""SteelNort""}",,,,,,,,,,UNKNOWN,carga1
login,2026-09-04 05:01:46.876,76,sa,unknown,SteelNort,"{""event_name"": ""login"", ""timestamp"": ""2026-09-04 05:01:46.876"", ""session_id"": 76, ""login_name"": ""sa"", ""program_name"": ""unknown"", ""database_name"": ""SteelNort""}",,,,,,,,,,UNKNOWN,carga1
login,2026-09-04 05:01:46.876,77,sa,python3.11,SteelNort,"{""event_name"": ""login"", ""timestamp"": ""2026-09-04 05:01:46.876"", ""session_id"": 77, ""login_name"": ""sa"", ""program_name"": ""python3.11"", ""database_name"": ""SteelNort""}",,,,,,,,,,UNKNOWN,carga1
login,2026-09-04 05:01:46.876,78,sa,python3.11,SteelNort,"{""event_name"": ""login"", ""timestamp"": ""2026-09-04 05:01:46.876"", ""session_id"": 78, ""login_name"": ""sa"", ""program_name"": ""python3.11"", ""database_name"": ""SteelNort""}",,,,,,,,,,UNKNOWN,carga1
login,2026-09-04 05:01:46.876,79,sa,python3.11,SteelNort,"{""event_name"": ""login"", ""timestamp"": ""2026-09-04 05:01:46.876"", ""session_id"": 79, ""login_name"": ""sa"", ""program_name"": ""python3.11"", ""database_name"": ""SteelNort""}",,,,,,,,,,UNKNOWN,carga1
login,2026-09-04 05:01:46.876,51,sa,unknown,SteelNort,"{""event_name"": ""login"", ""timestamp"": ""2026-09-04 05:01:46.876"", ""session_id"": 51, ""login_name"": ""sa"", ""program_name"": ""unknown"", ""database_name"": ""SteelNort""}",,,,,,,,,,UNKNOWN,carga1
login,2026-09-04 05:01:46.876,52,sa,Microsoft JDBC Driver for SQL Server,SteelNort,"{""event_name"": ""login"", ""timestamp"": ""2026-09-04 05:01:46.876"", ""session_id"": 52, ""login_name"": ""sa"", ""program_name"": ""Microsoft JDBC Driver for SQL Server"", ""database_name"": ""SteelNort""}",,,,,,,,,,UNKNOWN,carga1
login,2026-09-04 05:01:46.876,53,sa,unknown,SteelNort,"{""event_name"": ""login"", ""timestamp"": ""2026-09-04 05:01:46.876"", ""session_id"": 53, ""login_name"": ""sa"", ""program_name"": ""unknown"", ""database_name"": ""SteelNort""}",,,,,,,,,,UNKNOWN,carga1
login,2026-09-04 05:01:46.876,54,sa,unknown,SteelNort,"{""event_name"": ""login"", ""timestamp"": ""2026-09-04 05:01:46.876"", ""session_id"": 54, ""login_name"": ""sa"", ""program_name"": ""unknown"", ""database_name"": ""SteelNort""}",,,,,,,,,,UNKNOWN,carga1
login,2026-09-04 05:01:46.876,55,sa,unknown,SteelNort,"{""event_name"": ""login"", ""timestamp"": ""2026-09-04 05:01:46.876"", ""session_id"": 55, ""login_name"": ""sa"", ""program_name"": ""unknown"", ""database_name"": ""SteelNort""}",,,,,,,,,,UNKNOWN,carga1
login,2026-09-04 05:01:46.876,56,sa,unknown,SteelNort,"{""event_name"": ""login"", ""timestamp"": ""2026-09-04 05:01:46.876"", ""session_id"": 56, ""login_name"": ""sa"", ""program_name"": ""unknown"", ""database_name"": ""SteelNort""}",,,,,,,,,,UNKNOWN,carga1
login,2026-09-04 05:01:46.876,57,sa,unknown,SteelNort,"{""event_name"": ""login"", ""timestamp"": ""2026-09-04 05:01:46.876"", ""session_id"": 57, ""login_name"": ""sa"", ""program_name"": ""unknown"", ""database_name"": ""SteelNort""}",,,,,,,,,,UNKNOWN,carga1
login,2026-09-04 05:01:46.876,58,sa,unknown,SteelNort,"{""event_name"": ""login"", ""timestamp"": ""2026-09-04 05:01:46.876"", ""session_id"": 58, ""login_name"": ""sa"", ""program_name"": ""unknown"", ""database_name"": ""SteelNort""}",,,,,,,,,,UNKNOWN,carga1
login,2026-09-04 05:01:46.876,59,sa,unknown,SteelNort,"{""event_name"": ""login"", ""timestamp"": ""2026-09-04 05:01:46.876"", ""session_id"": 59, ""login_name"": ""sa"", ""program_name"": ""unknown"", ""database_name"": ""SteelNort""}",,,,,,,,,,UNKNOWN,carga1
login,2026-09-04 05:01:46.876,60,sa,Microsoft JDBC Driver for SQL Server,SteelNort,"{""event_name"": ""login"", ""timestamp"": ""2026-09-04 05:01:46.876"", ""session_id"": 60, ""login_name"": ""sa"", ""program_name"": ""Microsoft JDBC Driver for SQL Server"", ""database_name"": ""SteelNort""}",,,,,,,,,,UNKNOWN,carga1
login,2026-09-04 05:01:46.876,61,sa,unknown,SteelNort,"{""event_name"": ""login"", ""timestamp"": ""2026-09-04 05:01:46.876"", ""session_id"": 61, ""login_name"": ""sa"", ""program_name"": ""unknown"", ""database_name"": ""SteelNort""}",,,,,,,,,,UNKNOWN,carga1
login,2026-09-04 05:01:46.876,62,sa,Microsoft JDBC Driver for SQL Server,SteelNort,"{""event_name"": ""login"", ""timestamp"": ""2026-09-04 05:01:46.876"", ""session_id"": 62, ""login_name"": ""sa"", ""program_name"": ""Microsoft JDBC Driver for SQL Server"", ""database_name"": ""SteelNort""}",,,,,,,,,,UNKNOWN,carga1
login,2026-09-04 05:01:46.876,63,sa,Microsoft JDBC Driver for SQL Server,SteelNort,"{""event_name"": ""login"", ""timestamp"": ""2026-09-04 05:01:46.876"", ""session_id"": 63, ""login_name"": ""sa"", ""program_name"": ""Microsoft JDBC Driver for SQL Server"", ""database_name"": ""SteelNort""}",,,,,,,,,,UNKNOWN,carga1
sql_batch_completed,2026-09-04 05:01:46.876,51,,,master,"{""event_name"": ""sql_batch_completed"", ""timestamp"": ""2026-09-04 05:01:46.876"", ""database_name"": ""master"", ""session_id"": 51, ""command"": ""TASK MANAGER"", ""duration"": 53931, ""cpu_time"": 0, ""logical_reads"": 0, ""writes"": 0}",TASK MANAGER,53931.0,0.0,0.0,0.0,,,,,SQL_SERVER_INTERNAL,carga1
sql_batch_completed,2026-09-04 05:01:46.876,53,,,master,"{""event_name"": ""sql_batch_completed"", ""timestamp"": ""2026-09-04 05:01:46.876"", ""database_name"": ""master"", ""session_id"": 53, ""command"": ""TRACE QUEUE TASK"", ""duration"": 649065, ""cpu_time"": 20, ""logical_reads"": 0, ""writes"": 0, ""wait_type"": ""SQLTRACE_INCREMENTAL_FLUSH_SLEEP""}",TRACE QUEUE TASK,649065.0,20.0,0.0,0.0,SQLTRACE_INCREMENTAL_FLUSH_SLEEP,,,,SQL_SERVER_INTERNAL,carga1
sql_batch_completed,2026-09-04 05:01:46.876,54,,,SteelNort,"{""event_name"": ""sql_batch_completed"", ""timestamp"": ""2026-09-04 05:01:46.876"", ""database_name"": ""SteelNort"", ""session_id"": 54, ""command"": ""SYSTEM_HEALTH_MONITOR"", ""duration"": 649060, ""cpu_time"": 1, ""logical_reads"": 0, ""writes"": 0, ""wait_type"": ""SP_SERVER_DIAGNOSTICS_SLEEP""}",SYSTEM_HEALTH_MONITOR,649060.0,1.0,0.0,0.0,SP_SERVER_DIAGNOSTICS_SLEEP,,,,SQL_SERVER_INTERNAL,carga1
sql_batch_completed,2026-09-04 05:01:46.876,55,,,master,"{""event_name"": ""sql_batch_completed"", ""timestamp"": ""2026-09-04 05:01:46.876"", ""database_name"": ""master"", ""session_id"": 55, ""command"": ""BRKR TASK"", ""duration"": 647075, ""cpu_time"": 0, ""logical_reads"": 0, ""writes"": 0, ""wait_type"": ""BROKER_TRANSMITTER""}",BRKR TASK,647075.0,0.0,0.0,0.0,BROKER_TRANSMITTER,,,,SQL_SERVER_INTERNAL,carga1
sql_batch_completed,2026-09-04 05:01:46.876,56,,,master,"{""event_name"": ""sql_batch_completed"", ""timestamp"": ""2026-09-04 05:01:46.876"", ""database_name"": ""master"", ""session_id"": 56, ""command"": ""CHECKPOINT"", ""duration"": 649009, ""cpu_time"": 0, ""logical_reads"": 0, ""writes"": 6, ""wait_type"": ""CHECKPOINT_QUEUE""}",CHECKPOINT,649009.0,0.0,0.0,6.0,CHECKPOINT_QUEUE,,,,SQL_SERVER_INTERNAL,carga1
sql_batch_completed,2026-09-04 05:01:46.876,57,,,master,"{""event_name"": ""sql_batch_completed"", ""timestamp"": ""2026-09-04 05:01:46.876"", ""database_name"": ""master"", ""session_id"": 57, ""command"": ""TASK MANAGER"", ""duration"": 649010, ""cpu_time"": 0, ""logical_reads"": 0, ""writes"": 0, ""wait_type"": ""ONDEMAND_TASK_QUEUE""}",TASK MANAGER,649010.0,0.0,0.0,0.0,ONDEMAND_TASK_QUEUE,,,,SQL_SERVER_INTERNAL,carga1
sql_batch_completed,2026-09-04 05:01:46.876,58,,,master,"{""event_name"": ""sql_batch_completed"", ""timestamp"": ""2026-09-04 05:01:46.876"", ""database_name"": ""master"", ""session_id"": 58, ""command"": ""BRKR TASK"", ""duration"": 647078, ""cpu_time"": 75, ""logical_reads"": 0, ""writes"": 0, ""wait_type"": ""BROKER_TO_FLUSH""}",BRKR TASK,647078.0,75.0,0.0,0.0,BROKER_TO_FLUSH,,,,SQL_SERVER_INTERNAL,carga1
sql_batch_completed,2026-09-04 05:01:46.876,59,,,master,"{""event_name"": ""sql_batch_completed"", ""timestamp"": ""2026-09-04 05:01:46.876"", ""database_name"": ""master"", ""session_id"": 59, ""command"": ""BRKR TASK"", ""duration"": 647080, ""cpu_time"": 227, ""logical_reads"": 0, ""writes"": 0, ""wait_type"": ""HADR_FILESTREAM_IOMGR_IOCOMPLETION""}",BRKR TASK,647080.0,227.0,0.0,0.0,HADR_FILESTREAM_IOMGR_IOCOMPLETION,,,,SQL_SERVER_INTERNAL,carga1
sql_batch_completed,2026-09-04 05:01:46.876,61,,,SteelNort,"{""event_name"": ""sql_batch_completed"", ""timestamp"": ""2026-09-04 05:01:46.876"", ""database_name"": ""SteelNort"", ""session_id"": 61, ""command"": ""HADR_AR_MGR_NOTIFICATION_WORKER"", ""duration"": 648994, ""cpu_time"": 0, ""logical_reads"": 0, ""writes"": 0, ""wait_type"": ""HADR_NOTIFICATION_DEQUEUE""}",HADR_AR_MGR_NOTIFICATION_WORKER,648994.0,0.0,0.0,0.0,HADR_NOTIFICATION_DEQUEUE,,,,SQL_SERVER_INTERNAL,carga1
sql_batch_completed,2026-09-04 05:01:46.876,71,,,master,"{""event_name"": ""sql_batch_completed"", ""timestamp"": ""2026-09-04 05:01:46.876"", ""database_name"": ""master"", ""session_id"": 71, ""command"": ""TASK MANAGER"", ""duration"": 53942, ""cpu_time"": 0, ""logical_reads"": 0, ""writes"": 0}",TASK MANAGER,53942.0,0.0,0.0,0.0,,,,,SQL_SERVER_INTERNAL,carga1
sql_batch_completed,2026-09-04 05:01:46.876,72,,,master,"{""event_name"": ""sql_batch_completed"", ""timestamp"": ""2026-09-04 05:01:46.876"", ""database_name"": ""master"", ""session_id"": 72, ""command"": ""TASK MANAGER"", ""duration"": 53943, ""cpu_time"": 0, ""logical_reads"": 0, ""writes"": 0}",TASK MANAGER,53943.0,0.0,0.0,0.0,,,,,SQL_SERVER_INTERNAL,carga1
sql_batch_completed,2026-09-04 05:01:46.876,73,,,master,"{""event_name"": ""sql_batch_completed"", ""timestamp"": ""2026-09-04 05:01:46.876"", ""database_name"": ""master"", ""session_id"": 73, ""command"": ""TASK MANAGER"", ""duration"": 53944, ""cpu_time"": 0, ""logical_reads"": 0, ""writes"": 0}",TASK MANAGER,53944.0,0.0,0.0,0.0,,,,,SQL_SERVER_INTERNAL,carga1
sql_batch_completed,2026-09-04 05:01:46.876,74,,,master,"{""event_name"": ""sql_batch_completed"", ""timestamp"": ""2026-09-04 05:01:46.876"", ""database_name"": ""master"", ""session_id"": 74, ""command"": ""TASK MANAGER"", ""duration"": 53945, ""cpu_time"": 0, ""logical_reads"": 0, ""writes"": 0}",TASK MANAGER,53945.0,0.0,0.0,0.0,,,,,SQL_SERVER_INTERNAL,carga1
sql_batch_completed,2026-09-04 05:01:46.876,75,,,master,"{""event_name"": ""sql_batch_completed"", ""timestamp"": ""2026-09-04 05:01:46.876"", ""database_name"": ""master"", ""session_id"": 75, ""command"": ""TASK MANAGER"", ""duration"": 53946, ""cpu_time"": 0, ""logical_reads"": 0, ""writes"": 0}",TASK MANAGER,53946.0,0.0,0.0,0.0,,,,,SQL_SERVER_INTERNAL,carga1
sql_batch_completed,2026-09-04 05:01:46.876,76,,,master,"{""event_name"": ""sql_batch_completed"", ""timestamp"": ""2026-09-04 05:01:46.876"", ""database_name"": ""master"", ""session_id"": 76, ""command"": ""TASK MANAGER"", ""duration"": 53943, ""cpu_time"": 0, ""logical_reads"": 0, ""writes"": 0}",TASK MANAGER,53943.0,0.0,0.0,0.0,,,,,SQL_SERVER_INTERNAL,carga1
sql_batch_completed,2026-09-04 05:01:46.876,77,,,SteelNort,"{""event_name"": ""sql_batch_completed"", ""timestamp"": ""2026-09-04 05:01:46.876"", ""database_name"": ""SteelNort"", ""session_id"": 77, ""command"": ""EXECUTE"", ""duration"": 72, ""cpu_time"": 51, ""logical_reads"": 0, ""writes"": 0, ""wait_type"": ""MSQL_XP""}",EXECUTE,72.0,51.0,0.0,0.0,MSQL_XP,,,,USER,carga1
sql_batch_completed,2026-09-04 05:01:46.876,79,,,SteelNort,"{""event_name"": ""sql_batch_completed"", ""timestamp"": ""2026-09-04 05:01:46.876"", ""database_name"": ""SteelNort"", ""session_id"": 79, ""command"": ""SELECT"", ""duration"": 23, ""cpu_time"": 0, ""logical_reads"": 0, ""writes"": 0}",SELECT,23.0,0.0,0.0,0.0,,,,,USER,carga1
lock_acquired,2026-09-04 05:01:46.876,63,,,,"{""event_name"": ""lock_acquired"", ""timestamp"": ""2026-09-04 05:01:46.876"", ""session_id"": 63, ""resource_type"": ""DATABASE"", ""mode"": ""S""}",,,,,,,DATABASE,S,,UNKNOWN,carga1
lock_acquired,2026-09-04 05:01:46.876,60,,,,"{""event_name"": ""lock_acquired"", ""timestamp"": ""2026-09-04 05:01:46.876"", ""session_id"": 60, ""resource_type"": ""DATABASE"", ""mode"": ""S""}",,,,,,,DATABASE,S,,UNKNOWN,carga1
lock_acquired,2026-09-04 05:01:46.876,79,,,,"{""event_name"": ""lock_acquired"", ""timestamp"": ""2026-09-04 05:01:46.876"", ""session_id"": 79, ""resource_type"": ""DATABASE"", ""mode"": ""S""}",,,,,,,DATABASE,S,,UNKNOWN,carga1
lock_acquired,2026-09-04 05:01:46.876,64,,,,"{""event_name"": ""lock_acquired"", ""timestamp"": ""2026-09-04 05:01:46.876"", ""session_id"": 64, ""resource_type"": ""DATABASE"", ""mode"": ""S""}",,,,,,,DATABASE,S,,UNKNOWN,carga1
lock_acquired,2026-09-04 05:01:46.876,78,,,,"{""event_name"": ""lock_acquired"", ""timestamp"": ""2026-09-04 05:01:46.876"", ""session_id"": 78, ""resource_type"": ""OBJECT"", ""mode"": ""Sch-S""}",,,,,,,OBJECT,Sch-S,,UNKNOWN,carga1
lock_acquired,2026-09-04 05:01:46.876,52,,,,"{""event_name"": ""lock_acquired"", ""timestamp"": ""2026-09-04 05:01:46.876"", ""session_id"": 52, ""resource_type"": ""DATABASE"", ""mode"": ""S""}",,,,,,,DATABASE,S,,UNKNOWN,carga1
lock_acquired,2026-09-04 05:01:46.876,67,,,,"{""event_name"": ""lock_acquired"", ""timestamp"": ""2026-09-04 05:01:46.876"", ""session_id"": 67, ""resource_type"": ""DATABASE"", ""mode"": ""S""}",,,,,,,DATABASE,S,,UNKNOWN,carga1
lock_acquired,2026-09-04 05:01:46.876,78,,,,"{""event_name"": ""lock_acquired"", ""timestamp"": ""2026-09-04 05:01:46.876"", ""session_id"": 78, ""resource_type"": ""DATABASE"", ""mode"": ""S""}",,,,,,,DATABASE,S,,UNKNOWN,carga1
lock_acquired,2026-09-04 05:01:46.876,68,,,,"{""event_name"": ""lock_acquired"", ""timestamp"": ""2026-09-04 05:01:46.876"", ""session_id"": 68, ""resource_type"": ""DATABASE"", ""mode"": ""S""}",,,,,,,DATABASE,S,,UNKNOWN,carga1
lock_acquired,2026-09-04 05:01:46.876,65,,,,"{""event_name"": ""lock_acquired"", ""timestamp"": ""2026-09-04 05:01:46.876"", ""session_id"": 65, ""resource_type"": ""DATABASE"", ""mode"": ""S""}",,,,,,,DATABASE,S,,UNKNOWN,carga1
lock_acquired,2026-09-04 05:01:46.876,62,,,,"{""event_name"": ""lock_acquired"", ""timestamp"": ""2026-09-04 05:01:46.876"", ""session_id"": 62, ""resource_type"": ""DATABASE"", ""mode"": ""S""}",,,,,,,DATABASE,S,,UNKNOWN,carga1
lock_acquired,2026-09-04 05:01:46.876,77,,,,"{""event_name"": ""lock_acquired"", ""timestamp"": ""2026-09-04 05:01:46.876"", ""session_id"": 77, ""resource_type"": ""DATABASE"", ""mode"": ""S""}",,,,,,,DATABASE,S,,UNKNOWN,carga1
lock_acquired,2026-09-04 05:01:46.876,69,,,,"{""event_name"": ""lock_acquired"", ""timestamp"": ""2026-09-04 05:01:46.876"", ""session_id"": 69, ""resource_type"": ""DATABASE"", ""mode"": ""S""}",,,,,,,DATABASE,S,,UNKNOWN,carga1
lock_acquired,2026-09-04 05:01:46.876,66,,,,"{""event_name"": ""lock_acquired"", ""timestamp"": ""2026-09-04 05:01:46.876"", ""session_id"": 66, ""resource_type"": ""DATABASE"", ""mode"": ""S""}",,,,,,,DATABASE,S,,UNKNOWN,carga1
wait_info,2026-09-04 05:01:51.972,58,,,master,"{""event_name"": ""wait_info"", ""timestamp"": ""2026-09-04 05:01:51.972"", ""session_id"": 58, ""wait_type"": ""SLEEP_TASK"", ""database_name"": ""master""}",,,,,,SLEEP_TASK,,,,UNKNOWN,carga1
sql_batch_completed,2026-09-04 05:01:51.972,77,,,SteelNort,"{""event_name"": ""sql_batch_completed"", ""timestamp"": ""2026-09-04 05:01:51.972"", ""database_name"": ""SteelNort"", ""session_id"": 77, ""command"": ""EXECUTE"", ""duration"": 5113, ""cpu_time"": 51, ""logical_reads"": 0, ""writes"": 0, ""status"": ""completed""}",EXECUTE,5113.0,51.0,0.0,0.0,,,,completed,USER,carga1
lock_released,2026-09-04 05:01:51.972,78,,,,"{""event_name"": ""lock_released"", ""timestamp"": ""2026-09-04 05:01:51.972"", ""session_id"": 78, ""resource_type"": ""OBJECT"", ""mode"": ""Sch-S""}",,,,,,,OBJECT,Sch-S,,UNKNOWN,carga1
wait_info,2026-09-04 05:01:56.998,58,,,master,"{""event_name"": ""wait_info"", ""timestamp"": ""2026-09-04 05:01:56.998"", ""session_id"": 58, ""wait_type"": ""BROKER_TO_FLUSH"", ""database_name"": ""master""}",,,,,,BROKER_TO_FLUSH,,,,UNKNOWN,carga1
wait_info,2026-09-04 05:02:02.018,58,,,master,"{""event_name"": ""wait_info"", ""timestamp"": ""2026-09-04 05:02:02.018"", ""session_id"": 58, ""wait_type"": ""SLEEP_TASK"", ""database_name"": ""master""}",,,,,,SLEEP_TASK,,,,UNKNOWN,carga1
sql_batch_completed,2026-09-04 05:02:02.018,63,,,SteelNort,"{""event_name"": ""sql_batch_completed"", ""timestamp"": ""2026-09-04 05:02:02.018"", ""database_name"": ""SteelNort"", ""session_id"": 63, ""command"": ""EXECUTE"", ""duration"": 8, ""cpu_time"": 0, ""logical_reads"": 0, ""writes"": 0}",EXECUTE,8.0,0.0,0.0,0.0,,,,,USER,carga1
sql_batch_completed,2026-09-04 05:02:07.047,63,,,SteelNort,"{""event_name"": ""sql_batch_completed"", ""timestamp"": ""2026-09-04 05:02:07.047"", ""database_name"": ""SteelNort"", ""session_id"": 63, ""command"": ""EXECUTE"", ""duration"": 5035, ""cpu_time"": 0, ""logical_reads"": 0, ""writes"": 0, ""status"": ""completed""}",EXECUTE,5035.0,0.0,0.0,0.0,,,,completed,USER,carga1
wait_info,2026-09-04 05:02:12.068,58,,,master,"{""event_name"": ""wait_info"", ""timestamp"": ""2026-09-04 05:02:12.068"", ""session_id"": 58, ""wait_type"": ""BROKER_TO_FLUSH"", ""database_name"": ""master""}",,,,,,BROKER_TO_FLUSH,,,,UNKNOWN,carga1
wait_info,2026-09-04 05:02:17.086,58,,,master,"{""event_name"": ""wait_info"", ""timestamp"": ""2026-09-04 05:02:17.086"", ""session_id"": 58, ""wait_type"": ""SLEEP_TASK"", ""database_name"": ""master""}",,,,,,SLEEP_TASK,,,,UNKNOWN,carga1
wait_info,2026-09-04 05:02:22.109,58,,,master,"{""event_name"": ""wait_info"", ""timestamp"": ""2026-09-04 05:02:22.109"", ""session_id"": 58, ""wait_type"": ""BROKER_TO_FLUSH"", ""database_name"": ""master""}",,,,,,BROKER_TO_FLUSH,,,,UNKNOWN,carga1
wait_info,2026-09-04 05:02:27.145,58,,,master,"{""event_name"": ""wait_info"", ""timestamp"": ""2026-09-04 05:02:27.145"", ""session_id"": 58, ""wait_type"": ""SLEEP_TASK"", ""database_name"": ""master""}",,,,,,SLEEP_TASK,,,,UNKNOWN,carga1
sql_batch_completed,2026-09-04 05:02:27.145,60,,,SteelNort,"{""event_name"": ""sql_batch_completed"", ""timestamp"": ""2026-09-04 05:02:27.145"", ""database_name"": ""SteelNort"", ""session_id"": 60, ""command"": ""AWAITING COMMAND"", ""duration"": 8, ""cpu_time"": 0, ""logical_reads"": 0, ""writes"": 0}",AWAITING COMMAND,8.0,0.0,0.0,0.0,,,,,UNKNOWN,carga1
sql_batch_completed,2026-09-04 05:02:27.145,68,,,SteelNort,"{""event_name"": ""sql_batch_completed"", ""timestamp"": ""2026-09-04 05:02:27.145"", ""database_name"": ""SteelNort"", ""session_id"": 68, ""command"": ""EXECUTE"", ""duration"": 9, ""cpu_time"": 1, ""logical_reads"": 0, ""writes"": 0}",EXECUTE,9.0,1.0,0.0,0.0,,,,,USER,carga1
wait_info,2026-09-04 05:02:32.178,58,,,master,"{""event_name"": ""wait_info"", ""timestamp"": ""2026-09-04 05:02:32.178"", ""session_id"": 58, ""wait_type"": ""BROKER_TO_FLUSH"", ""database_name"": ""master""}",,,,,,BROKER_TO_FLUSH,,,,UNKNOWN,carga1
sql_batch_completed,2026-09-04 05:02:32.178,60,,,SteelNort,"{""event_name"": ""sql_batch_completed"", ""timestamp"": ""2026-09-04 05:02:32.178"", ""database_name"": ""SteelNort"", ""session_id"": 60, ""command"": ""AWAITING COMMAND"", ""duration"": 5051, ""cpu_time"": 0, ""logical_reads"": 0, ""writes"": 0, ""status"": ""completed""}",AWAITING COMMAND,5051.0,0.0,0.0,0.0,,,,completed,UNKNOWN,carga1
lock_acquired,2026-09-04 05:02:32.178,68,,,,"{""event_name"": ""lock_acquired"", ""timestamp"": ""2026-09-04 05:02:32.178"", ""session_id"": 68, ""resource_type"": ""PAGE"", ""mode"": ""IX""}",,,,,,,PAGE,IX,,UNKNOWN,carga1
lock_acquired,2026-09-04 05:02:32.178,68,,,,"{""event_name"": ""lock_acquired"", ""timestamp"": ""2026-09-04 05:02:32.178"", ""session_id"": 68, ""resource_type"": ""OBJECT"", ""mode"": ""IX""}",,,,,,,OBJECT,IX,,UNKNOWN,carga1
lock_acquired,2026-09-04 05:02:32.178,68,,,,"{""event_name"": ""lock_acquired"", ""timestamp"": ""2026-09-04 05:02:32.178"", ""session_id"": 68, ""resource_type"": ""RID"", ""mode"": ""X""}",,,,,,,RID,X,,UNKNOWN,carga1
lock_acquired,2026-09-04 05:02:32.178,68,,,,"{""event_name"": ""lock_acquired"", ""timestamp"": ""2026-09-04 05:02:32.178"", ""session_id"": 68, ""resource_type"": ""KEY"", ""mode"": ""X""}",,,,,,,KEY,X,,UNKNOWN,carga1
wait_info,2026-09-04 05:02:37.223,58,,,master,"{""event_name"": ""wait_info"", ""timestamp"": ""2026-09-04 05:02:37.223"", ""session_id"": 58, ""wait_type"": ""SLEEP_TASK"", ""database_name"": ""master""}",,,,,,SLEEP_TASK,,,,UNKNOWN,carga1
sql_batch_completed,2026-09-04 05:02:37.223,68,,,SteelNort,"{""event_name"": ""sql_batch_completed"", ""timestamp"": ""2026-09-04 05:02:37.223"", ""database_name"": ""SteelNort"", ""session_id"": 68, ""command"": ""AWAITING COMMAND"", ""duration"": 5042, ""cpu_time"": 0, ""logical_reads"": 0, ""writes"": 0, ""status"": ""completed""}",AWAITING COMMAND,5042.0,0.0,0.0,0.0,,,,completed,UNKNOWN,carga1
lock_released,2026-09-04 05:02:37.223,68,,,,"{""event_name"": ""lock_released"", ""timestamp"": ""2026-09-04 05:02:37.223"", ""session_id"": 68, ""resource_type"": ""PAGE"", ""mode"": ""IX""}",,,,,,,PAGE,IX,,UNKNOWN,carga1
lock_released,2026-09-04 05:02:37.223,68,,,,"{""event_name"": ""lock_released"", ""timestamp"": ""2026-09-04 05:02:37.223"", ""session_id"": 68, ""resource_type"": ""OBJECT"", ""mode"": ""IX""}",,,,,,,OBJECT,IX,,UNKNOWN,carga1
lock_released,2026-09-04 05:02:37.223,68,,,,"{""event_name"": ""lock_released"", ""timestamp"": ""2026-09-04 05:02:37.223"", ""session_id"": 68, ""resource_type"": ""RID"", ""mode"": ""X""}",,,,,,,RID,X,,UNKNOWN,carga1
lock_released,2026-09-04 05:02:37.223,68,,,,"{""event_name"": ""lock_released"", ""timestamp"": ""2026-09-04 05:02:37.223"", ""session_id"": 68, ""resource_type"": ""KEY"", ""mode"": ""X""}",,,,,,,KEY,X,,UNKNOWN,carga1
wait_info,2026-09-04 05:02:42.251,58,,,master,"{""event_name"": ""wait_info"", ""timestamp"": ""2026-09-04 05:02:42.251"", ""session_id"": 58, ""wait_type"": ""BROKER_TO_FLUSH"", ""database_name"": ""master""}",,,,,,BROKER_TO_FLUSH,,,,UNKNOWN,carga1
wait_info,2026-09-04 05:02:47.273,58,,,master,"{""event_name"": ""wait_info"", ""timestamp"": ""2026-09-04 05:02:47.273"", ""session_id"": 58, ""wait_type"": ""SLEEP_TASK"", ""database_name"": ""master""}",,,,,,SLEEP_TASK,,,,UNKNOWN,carga1
sql_batch_completed,2026-09-04 05:02:47.273,65,,,SteelNort,"{""event_name"": ""sql_batch_completed"", ""timestamp"": ""2026-09-04 05:02:47.273"", ""database_name"": ""SteelNort"", ""session_id"": 65, ""command"": ""SELECT"", ""duration"": 6, ""cpu_time"": 0, ""logical_reads"": 0, ""writes"": 0}",SELECT,6.0,0.0,0.0,0.0,,,,,USER,carga1
login,2026-09-04 05:02:52.300,80,795ec2146175\Administrator,Microsoft SQL Server,SteelNort,"{""event_name"": ""login"", ""timestamp"": ""2026-09-04 05:02:52.300"", ""session_id"": 80, ""login_name"": ""795ec2146175\\Administrator"", ""program_name"": ""Microsoft SQL Server"", ""database_name"": ""SteelNort""}",,,,,,,,,,UNKNOWN,carga1
wait_info,2026-09-04 05:02:52.300,58,,,master,"{""event_name"": ""wait_info"", ""timestamp"": ""2026-09-04 05:02:52.300"", ""session_id"": 58, ""wait_type"": ""BROKER_TO_FLUSH"", ""database_name"": ""master""}",,,,,,BROKER_TO_FLUSH,,,,UNKNOWN,carga1
sql_batch_completed,2026-09-04 05:02:52.300,60,,,SteelNort,"{""event_name"": ""sql_batch_completed"", ""timestamp"": ""2026-09-04 05:02:52.300"", ""database_name"": ""SteelNort"", ""session_id"": 60, ""command"": ""AWAITING COMMAND"", ""duration"": 9, ""cpu_time"": 0, ""logical_reads"": 0, ""writes"": 0}",AWAITING COMMAND,9.0,0.0,0.0,0.0,,,,,UNKNOWN,carga1
sql_batch_completed,2026-09-04 05:02:52.300,66,,,SteelNort,"{""event_name"": ""sql_batch_completed"", ""timestamp"": ""2026-09-04 05:02:52.300"", ""database_name"": ""SteelNort"", ""session_id"": 66, ""command"": ""AWAITING COMMAND"", ""duration"": 10, ""cpu_time"": 1, ""logical_reads"": 0, ""writes"": 0}",AWAITING COMMAND,10.0,1.0,0.0,0.0,,,,,UNKNOWN,carga1
sql_batch_completed,2026-09-04 05:02:52.300,77,,,SteelNort,"{""event_name"": ""sql_batch_completed"", ""timestamp"": ""2026-09-04 05:02:52.300"", ""database_name"": ""SteelNort"", ""session_id"": 77, ""command"": ""EXECUTE"", ""duration"": 344, ""cpu_time"": 134, ""logical_reads"": 0, ""writes"": 0, ""wait_type"": ""MSQL_XP""}",EXECUTE,344.0,134.0,0.0,0.0,MSQL_XP,,,,USER,carga1
sql_batch_completed,2026-09-04 05:02:52.300,65,,,SteelNort,"{""event_name"": ""sql_batch_completed"", ""timestamp"": ""2026-09-04 05:02:52.300"", ""database_name"": ""SteelNort"", ""session_id"": 65, ""command"": ""SELECT"", ""duration"": 5035, ""cpu_time"": 0, ""logical_reads"": 0, ""writes"": 0, ""status"": ""completed""}",SELECT,5035.0,0.0,0.0,0.0,,,,completed,USER,carga1
logout,2026-09-04 05:02:57.328,80,,,,"{""event_name"": ""logout"", ""timestamp"": ""2026-09-04 05:02:57.328"", ""session_id"": 80}",,,,,,,,,,UNKNOWN,carga1
wait_info,2026-09-04 05:02:57.328,58,,,master,"{""event_name"": ""wait_info"", ""timestamp"": ""2026-09-04 05:02:57.328"", ""session_id"": 58, ""wait_type"": ""SLEEP_TASK"", ""database_name"": ""master""}",,,,,,SLEEP_TASK,,,,UNKNOWN,carga1
sql_batch_completed,2026-09-04 05:02:57.328,62,,,SteelNort,"{""event_name"": ""sql_batch_completed"", ""timestamp"": ""2026-09-04 05:02:57.328"", ""database_name"": ""SteelNort"", ""session_id"": 62, ""command"": ""EXECUTE"", ""duration"": 7, ""cpu_time"": 0, ""logical_reads"": 0, ""writes"": 0}",EXECUTE,7.0,0.0,0.0,0.0,,,,,USER,carga1
sql_batch_completed,2026-09-04 05:02:57.328,66,,,SteelNort,"{""event_name"": ""sql_batch_completed"", ""timestamp"": ""2026-09-04 05:02:57.328"", ""database_name"": ""SteelNort"", ""session_id"": 66, ""command"": ""AWAITING COMMAND"", ""duration"": 5035, ""cpu_time"": 1, ""logical_reads"": 0, ""writes"": 0, ""status"": ""completed""}",AWAITING COMMAND,5035.0,1.0,0.0,0.0,,,,completed,UNKNOWN,carga1
sql_batch_completed,2026-09-04 05:02:57.328,60,,,SteelNort,"{""event_name"": ""sql_batch_completed"", ""timestamp"": ""2026-09-04 05:02:57.328"", ""database_name"": ""SteelNort"", ""session_id"": 60, ""command"": ""AWAITING COMMAND"", ""duration"": 5036, ""cpu_time"": 0, ""logical_reads"": 0, ""writes"": 0, ""status"": ""completed""}",AWAITING COMMAND,5036.0,0.0,0.0,0.0,,,,completed,UNKNOWN,carga1
sql_batch_completed,2026-09-04 05:02:57.328,77,,,SteelNort,"{""event_name"": ""sql_batch_completed"", ""timestamp"": ""2026-09-04 05:02:57.328"", ""database_name"": ""SteelNort"", ""session_id"": 77, ""command"": ""EXECUTE"", ""duration"": 5370, ""cpu_time"": 134, ""logical_reads"": 0, ""writes"": 0, ""status"": ""completed""}",EXECUTE,5370.0,134.0,0.0,0.0,,,,completed,USER,carga1
sql_batch_completed,2026-09-04 05:03:02.351,62,,,SteelNort,"{""event_name"": ""sql_batch_completed"", ""timestamp"": ""2026-09-04 05:03:02.351"", ""database_name"": ""SteelNort"", ""session_id"": 62, ""command"": ""EXECUTE"", ""duration"": 5027, ""cpu_time"": 0, ""logical_reads"": 0, ""writes"": 0, ""status"": ""completed""}",EXECUTE,5027.0,0.0,0.0,0.0,,,,completed,USER,carga1
wait_info,2026-09-04 05:03:07.369,58,,,master,"{""event_name"": ""wait_info"", ""timestamp"": ""2026-09-04 05:03:07.369"", ""session_id"": 58, ""wait_type"": ""BROKER_TO_FLUSH"", ""database_name"": ""master""}",,,,,,BROKER_TO_FLUSH,,,,UNKNOWN,carga1
login,2026-09-04 05:03:12.397,80,sa,unknown,SteelNort,"{""event_name"": ""login"", ""timestamp"": ""2026-09-04 05:03:12.397"", ""session_id"": 80, ""login_name"": ""sa"", ""program_name"": ""unknown"", ""database_name"": ""SteelNort""}",,,,,,,,,,UNKNOWN,carga1
wait_info,2026-09-04 05:03:12.397,58,,,master,"{""event_name"": ""wait_info"", ""timestamp"": ""2026-09-04 05:03:12.397"", ""session_id"": 58, ""wait_type"": ""SLEEP_TASK"", ""database_name"": ""master""}",,,,,,SLEEP_TASK,,,,UNKNOWN,carga1
sql_batch_completed,2026-09-04 05:03:12.397,80,,,master,"{""event_name"": ""sql_batch_completed"", ""timestamp"": ""2026-09-04 05:03:12.397"", ""database_name"": ""master"", ""session_id"": 80, ""command"": ""BRKR TASK"", ""duration"": 3113, ""cpu_time"": 0, ""logical_reads"": 0, ""writes"": 0, ""wait_type"": ""BROKER_TASK_STOP""}",BRKR TASK,3113.0,0.0,0.0,0.0,BROKER_TASK_STOP,,,,SQL_SERVER_INTERNAL,carga1
lock_acquired,2026-09-04 05:03:12.397,60,,,,"{""event_name"": ""lock_acquired"", ""timestamp"": ""2026-09-04 05:03:12.397"", ""session_id"": 60, ""resource_type"": ""OBJECT"", ""mode"": ""IX""}",,,,,,,OBJECT,IX,,UNKNOWN,carga1
lock_acquired,2026-09-04 05:03:12.397,60,,,,"{""event_name"": ""lock_acquired"", ""timestamp"": ""2026-09-04 05:03:12.397"", ""session_id"": 60, ""resource_type"": ""RID"", ""mode"": ""X""}",,,,,,,RID,X,,UNKNOWN,carga1
lock_acquired,2026-09-04 05:03:12.397,60,,,,"{""event_name"": ""lock_acquired"", ""timestamp"": ""2026-09-04 05:03:12.397"", ""session_id"": 60, ""resource_type"": ""KEY"", ""mode"": ""X""}",,,,,,,KEY,X,,UNKNOWN,carga1
lock_acquired,2026-09-04 05:03:12.397,60,,,,"{""event_name"": ""lock_acquired"", ""timestamp"": ""2026-09-04 05:03:12.397"", ""session_id"": 60, ""resource_type"": ""PAGE"", ""mode"": ""IX""}",,,,,,,PAGE,IX,,UNKNOWN,carga1
login,2026-09-04 05:03:17.424,81,795ec2146175\Administrator,Microsoft SQL Server,SteelNort,"{""event_name"": ""login"", ""timestamp"": ""2026-09-04 05:03:17.424"", ""session_id"": 81, ""login_name"": ""795ec2146175\\Administrator"", ""program_name"": ""Microsoft SQL Server"", ""database_name"": ""SteelNort""}",,,,,,,,,,UNKNOWN,carga1
wait_info,2026-09-04 05:03:17.424,58,,,master,"{""event_name"": ""wait_info"", ""timestamp"": ""2026-09-04 05:03:17.424"", ""session_id"": 58, ""wait_type"": ""BROKER_TO_FLUSH"", ""database_name"": ""master""}",,,,,,BROKER_TO_FLUSH,,,,UNKNOWN,carga1
sql_batch_completed,2026-09-04 05:03:17.424,77,,,SteelNort,"{""event_name"": ""sql_batch_completed"", ""timestamp"": ""2026-09-04 05:03:17.424"", ""database_name"": ""SteelNort"", ""session_id"": 77, ""command"": ""EXECUTE"", ""duration"": 232, ""cpu_time"": 131, ""logical_reads"": 0, ""writes"": 0, ""wait_type"": ""MSQL_XP""}",EXECUTE,232.0,131.0,0.0,0.0,MSQL_XP,,,,USER,carga1
lock_released,2026-09-04 05:03:17.424,60,,,,"{""event_name"": ""lock_released"", ""timestamp"": ""2026-09-04 05:03:17.424"", ""session_id"": 60, ""resource_type"": ""OBJECT"", ""mode"": ""IX""}",,,,,,,OBJECT,IX,,UNKNOWN,carga1
lock_released,2026-09-04 05:03:17.424,60,,,,"{""event_name"": ""lock_released"", ""timestamp"": ""2026-09-04 05:03:17.424"", ""session_id"": 60, ""resource_type"": ""RID"", ""mode"": ""X""}",,,,,,,RID,X,,UNKNOWN,carga1
lock_released,2026-09-04 05:03:17.424,60,,,,"{""event_name"": ""lock_released"", ""timestamp"": ""2026-09-04 05:03:17.424"", ""session_id"": 60, ""resource_type"": ""KEY"", ""mode"": ""X""}",,,,,,,KEY,X,,UNKNOWN,carga1
lock_released,2026-09-04 05:03:17.424,60,,,,"{""event_name"": ""lock_released"", ""timestamp"": ""2026-09-04 05:03:17.424"", ""session_id"": 60, ""resource_type"": ""PAGE"", ""mode"": ""IX""}",,,,,,,PAGE,IX,,UNKNOWN,carga1
logout,2026-09-04 05:03:22.464,80,,,,"{""event_name"": ""logout"", ""timestamp"": ""2026-09-04 05:03:22.464"", ""session_id"": 80}",,,,,,,,,,UNKNOWN,carga1
logout,2026-09-04 05:03:22.464,81,,,,"{""event_name"": ""logout"", ""timestamp"": ""2026-09-04 05:03:22.464"", ""session_id"": 81}",,,,,,,,,,UNKNOWN,carga1
wait_info,2026-09-04 05:03:22.464,58,,,master,"{""event_name"": ""wait_info"", ""timestamp"": ""2026-09-04 05:03:22.464"", ""session_id"": 58, ""wait_type"": ""SLEEP_TASK"", ""database_name"": ""master""}",,,,,,SLEEP_TASK,,,,UNKNOWN,carga1
sql_batch_completed,2026-09-04 05:03:22.464,80,,,master,"{""event_name"": ""sql_batch_completed"", ""timestamp"": ""2026-09-04 05:03:22.464"", ""database_name"": ""master"", ""session_id"": 80, ""command"": ""BRKR TASK"", ""duration"": 13183, ""cpu_time"": 0, ""logical_reads"": 0, ""writes"": 0, ""status"": ""completed""}",BRKR TASK,13183.0,0.0,0.0,0.0,,,,completed,SQL_SERVER_INTERNAL,carga1
sql_batch_completed,2026-09-04 05:03:22.464,77,,,SteelNort,"{""event_name"": ""sql_batch_completed"", ""timestamp"": ""2026-09-04 05:03:22.464"", ""database_name"": ""SteelNort"", ""session_id"": 77, ""command"": ""EXECUTE"", ""duration"": 5270, ""cpu_time"": 131, ""logical_reads"": 0, ""writes"": 0, ""status"": ""completed""}",EXECUTE,5270.0,131.0,0.0,0.0,,,,completed,USER,carga1
sql_batch_completed,2026-09-04 05:03:27.491,52,,,SteelNort,"{""event_name"": ""sql_batch_completed"", ""timestamp"": ""2026-09-04 05:03:27.491"", ""database_name"": ""SteelNort"", ""session_id"": 52, ""command"": ""EXECUTE"", ""duration"": 8, ""cpu_time"": 0, ""logical_reads"": 0, ""writes"": 0}",EXECUTE,8.0,0.0,0.0,0.0,,,,,USER,carga1
wait_info,2026-09-04 05:03:27.491,58,,,master,"{""event_name"": ""wait_info"", ""timestamp"": ""2026-09-04 05:03:27.491"", ""session_id"": 58, ""wait_type"": ""BROKER_TO_FLUSH"", ""database_name"": ""master""}",,,,,,BROKER_TO_FLUSH,,,,UNKNOWN,carga1
sql_batch_completed,2026-09-04 05:03:27.491,67,,,SteelNort,"{""event_name"": ""sql_batch_completed"", ""timestamp"": ""2026-09-04 05:03:27.491"", ""database_name"": ""SteelNort"", ""session_id"": 67, ""command"": ""AWAITING COMMAND"", ""duration"": 10, ""cpu_time"": 0, ""logical_reads"": 0, ""writes"": 0}",AWAITING COMMAND,10.0,0.0,0.0,0.0,,,,,UNKNOWN,carga1
wait_info,2026-09-04 05:03:32.515,58,,,master,"{""event_name"": ""wait_info"", ""timestamp"": ""2026-09-04 05:03:32.515"", ""session_id"": 58, ""wait_type"": ""SLEEP_TASK"", ""database_name"": ""master""}",,,,,,SLEEP_TASK,,,,UNKNOWN,carga1
sql_batch_completed,2026-09-04 05:03:32.515,66,,,SteelNort,"{""event_name"": ""sql_batch_completed"", ""timestamp"": ""2026-09-04 05:03:32.515"", ""database_name"": ""SteelNort"", ""session_id"": 66, ""command"": ""AWAITING COMMAND"", ""duration"": 9, ""cpu_time"": 0, ""logical_reads"": 0, ""writes"": 0}",AWAITING COMMAND,9.0,0.0,0.0,0.0,,,,,UNKNOWN,carga1
sql_batch_completed,2026-09-04 05:03:32.515,67,,,SteelNort,"{""event_name"": ""sql_batch_completed"", ""timestamp"": ""2026-09-04 05:03:32.515"", ""database_name"": ""SteelNort"", ""session_id"": 67, ""command"": ""AWAITING COMMAND"", ""duration"": 5047, ""cpu_time"": 0, ""logical_reads"": 0, ""writes"": 0, ""status"": ""completed""}",AWAITING COMMAND,5047.0,0.0,0.0,0.0,,,,completed,UNKNOWN,carga1
sql_batch_completed,2026-09-04 05:03:32.515,52,,,SteelNort,"{""event_name"": ""sql_batch_completed"", ""timestamp"": ""2026-09-04 05:03:32.515"", ""database_name"": ""SteelNort"", ""session_id"": 52, ""command"": ""EXECUTE"", ""duration"": 5048, ""cpu_time"": 0, ""logical_reads"": 0, ""writes"": 0, ""status"": ""completed""}",EXECUTE,5048.0,0.0,0.0,0.0,,,,completed,USER,carga1
wait_info,2026-09-04 05:03:37.565,58,,,master,"{""event_name"": ""wait_info"", ""timestamp"": ""2026-09-04 05:03:37.565"", ""session_id"": 58, ""wait_type"": ""BROKER_TO_FLUSH"", ""database_name"": ""master""}",,,,,,BROKER_TO_FLUSH,,,,UNKNOWN,carga1
sql_batch_completed,2026-09-04 05:03:37.565,66,,,SteelNort,"{""event_name"": ""sql_batch_completed"", ""timestamp"": ""2026-09-04 05:03:37.565"", ""database_name"": ""SteelNort"", ""session_id"": 66, ""command"": ""AWAITING COMMAND"", ""duration"": 5045, ""cpu_time"": 0, ""logical_reads"": 0, ""writes"": 0, ""status"": ""completed""}",AWAITING COMMAND,5045.0,0.0,0.0,0.0,,,,completed,UNKNOWN,carga1
lock_acquired,2026-09-04 05:03:37.565,52,,,,"{""event_name"": ""lock_acquired"", ""timestamp"": ""2026-09-04 05:03:37.565"", ""session_id"": 52, ""resource_type"": ""PAGE"", ""mode"": ""IS""}",,,,,,,PAGE,IS,,UNKNOWN,carga1
wait_info,2026-09-04 05:03:42.594,58,,,master,"{""event_name"": ""wait_info"", ""timestamp"": ""2026-09-04 05:03:42.594"", ""session_id"": 58, ""wait_type"": ""SLEEP_TASK"", ""database_name"": ""master""}",,,,,,SLEEP_TASK,,,,UNKNOWN,carga1
lock_released,2026-09-04 05:03:42.594,52,,,,"{""event_name"": ""lock_released"", ""timestamp"": ""2026-09-04 05:03:42.594"", ""session_id"": 52, ""resource_type"": ""PAGE"", ""mode"": ""IS""}",,,,,,,PAGE,IS,,UNKNOWN,carga1
wait_info,2026-09-04 05:03:47.620,58,,,master,"{""event_name"": ""wait_info"", ""timestamp"": ""2026-09-04 05:03:47.620"", ""session_id"": 58, ""wait_type"": ""BROKER_TO_FLUSH"", ""database_name"": ""master""}",,,,,,BROKER_TO_FLUSH,,,,UNKNOWN,carga1
wait_info,2026-09-04 05:03:52.642,58,,,master,"{""event_name"": ""wait_info"", ""timestamp"": ""2026-09-04 05:03:52.642"", ""session_id"": 58, ""wait_type"": ""SLEEP_TASK"", ""database_name"": ""master""}",,,,,,SLEEP_TASK,,,,UNKNOWN,carga1
logout,2026-09-04 05:03:57.665,73,,,,"{""event_name"": ""logout"", ""timestamp"": ""2026-09-04 05:03:57.665"", ""session_id"": 73}",,,,,,,,,,UNKNOWN,carga1
logout,2026-09-04 05:03:57.665,75,,,,"{""event_name"": ""logout"", ""timestamp"": ""2026-09-04 05:03:57.665"", ""session_id"": 75}",,,,,,,,,,UNKNOWN,carga1
logout,2026-09-04 05:03:57.665,51,,,,"{""event_name"": ""logout"", ""timestamp"": ""2026-09-04 05:03:57.665"", ""session_id"": 51}",,,,,,,,,,UNKNOWN,carga1
logout,2026-09-04 05:03:57.665,76,,,,"{""event_name"": ""logout"", ""timestamp"": ""2026-09-04 05:03:57.665"", ""session_id"": 76}",,,,,,,,,,UNKNOWN,carga1
sql_batch_completed,2026-09-04 05:03:57.665,52,,,SteelNort,"{""event_name"": ""sql_batch_completed"", ""timestamp"": ""2026-09-04 05:03:57.665"", ""database_name"": ""SteelNort"", ""session_id"": 52, ""command"": ""AWAITING COMMAND"", ""duration"": 2, ""cpu_time"": 0, ""logical_reads"": 0, ""writes"": 0}",AWAITING COMMAND,2.0,0.0,0.0,0.0,,,,,UNKNOWN,carga1
sql_batch_completed,2026-09-04 05:03:57.665,66,,,SteelNort,"{""event_name"": ""sql_batch_completed"", ""timestamp"": ""2026-09-04 05:03:57.665"", ""database_name"": ""SteelNort"", ""session_id"": 66, ""command"": ""EXECUTE"", ""duration"": 3, ""cpu_time"": 0, ""logical_reads"": 0, ""writes"": 0}",EXECUTE,3.0,0.0,0.0,0.0,,,,,USER,carga1
sql_batch_completed,2026-09-04 05:03:57.665,73,,,master,"{""event_name"": ""sql_batch_completed"", ""timestamp"": ""2026-09-04 05:03:57.665"", ""database_name"": ""master"", ""session_id"": 73, ""command"": ""TASK MANAGER"", ""duration"": 184691, ""cpu_time"": 0, ""logical_reads"": 0, ""writes"": 0, ""status"": ""completed""}",TASK MANAGER,184691.0,0.0,0.0,0.0,,,,completed,SQL_SERVER_INTERNAL,carga1
sql_batch_completed,2026-09-04 05:03:57.665,75,,,master,"{""event_name"": ""sql_batch_completed"", ""timestamp"": ""2026-09-04 05:03:57.665"", ""database_name"": ""master"", ""session_id"": 75, ""command"": ""TASK MANAGER"", ""duration"": 184692, ""cpu_time"": 0, ""logical_reads"": 0, ""writes"": 0, ""status"": ""completed""}",TASK MANAGER,184692.0,0.0,0.0,0.0,,,,completed,SQL_SERVER_INTERNAL,carga1
sql_batch_completed,2026-09-04 05:03:57.665,76,,,master,"{""event_name"": ""sql_batch_completed"", ""timestamp"": ""2026-09-04 05:03:57.665"", ""database_name"": ""master"", ""session_id"": 76, ""command"": ""TASK MANAGER"", ""duration"": 184689, ""cpu_time"": 0, ""logical_reads"": 0, ""writes"": 0, ""status"": ""completed""}",TASK MANAGER,184689.0,0.0,0.0,0.0,,,,completed,SQL_SERVER_INTERNAL,carga1
sql_batch_completed,2026-09-04 05:03:57.665,51,,,master,"{""event_name"": ""sql_batch_completed"", ""timestamp"": ""2026-09-04 05:03:57.665"", ""database_name"": ""master"", ""session_id"": 51, ""command"": ""TASK MANAGER"", ""duration"": 184694, ""cpu_time"": 0, ""logical_reads"": 0, ""writes"": 0, ""status"": ""completed""}",TASK MANAGER,184694.0,0.0,0.0,0.0,,,,completed,SQL_SERVER_INTERNAL,carga1
wait_info,2026-09-04 05:04:02.698,58,,,master,"{""event_name"": ""wait_info"", ""timestamp"": ""2026-09-04 05:04:02.698"", ""session_id"": 58, ""wait_type"": ""BROKER_TO_FLUSH"", ""database_name"": ""master""}",,,,,,BROKER_TO_FLUSH,,,,UNKNOWN,carga1
sql_batch_completed,2026-09-04 05:04:02.698,66,,,SteelNort,"{""event_name"": ""sql_batch_completed"", ""timestamp"": ""2026-09-04 05:04:02.698"", ""database_name"": ""SteelNort"", ""session_id"": 66, ""command"": ""EXECUTE"", ""duration"": 5028, ""cpu_time"": 0, ""logical_reads"": 0, ""writes"": 0, ""status"": ""completed""}",EXECUTE,5028.0,0.0,0.0,0.0,,,,completed,USER,carga1
sql_batch_completed,2026-09-04 05:04:02.698,52,,,SteelNort,"{""event_name"": ""sql_batch_completed"", ""timestamp"": ""2026-09-04 05:04:02.698"", ""database_name"": ""SteelNort"", ""session_id"": 52, ""command"": ""AWAITING COMMAND"", ""duration"": 5029, ""cpu_time"": 0, ""logical_reads"": 0, ""writes"": 0, ""status"": ""completed""}",AWAITING COMMAND,5029.0,0.0,0.0,0.0,,,,completed,UNKNOWN,carga1
lock_acquired,2026-09-04 05:04:02.698,63,,,,"{""event_name"": ""lock_acquired"", ""timestamp"": ""2026-09-04 05:04:02.698"", ""session_id"": 63, ""resource_type"": ""OBJECT"", ""mode"": ""IS""}",,,,,,,OBJECT,IS,,UNKNOWN,carga1
wait_info,2026-09-04 05:04:07.723,58,,,master,"{""event_name"": ""wait_info"", ""timestamp"": ""2026-09-04 05:04:07.723"", ""session_id"": 58, ""wait_type"": ""SLEEP_TASK"", ""database_name"": ""master""}",,,,,,SLEEP_TASK,,,,UNKNOWN,carga1
lock_released,2026-09-04 05:04:07.723,63,,,,"{""event_name"": ""lock_released"", ""timestamp"": ""2026-09-04 05:04:07.723"", ""session_id"": 63, ""resource_type"": ""OBJECT"", ""mode"": ""IS""}",,,,,,,OBJECT,IS,,UNKNOWN,carga1
wait_info,2026-09-04 05:04:12.743,58,,,master,"{""event_name"": ""wait_info"", ""timestamp"": ""2026-09-04 05:04:12.743"", ""session_id"": 58, ""wait_type"": ""BROKER_TO_FLUSH"", ""database_name"": ""master""}",,,,,,BROKER_TO_FLUSH,,,,UNKNOWN,carga1
sql_batch_completed,2026-09-04 05:04:12.743,65,,,SteelNort,"{""event_name"": ""sql_batch_completed"", ""timestamp"": ""2026-09-04 05:04:12.743"", ""database_name"": ""SteelNort"", ""session_id"": 65, ""command"": ""AWAITING COMMAND"", ""duration"": 4, ""cpu_time"": 1, ""logical_reads"": 0, ""writes"": 0}",AWAITING COMMAND,4.0,1.0,0.0,0.0,,,,,UNKNOWN,carga1
lock_acquired,2026-09-04 05:04:12.743,66,,,,"{""event_name"": ""lock_acquired"", ""timestamp"": ""2026-09-04 05:04:12.743"", ""session_id"": 66, ""resource_type"": ""KEY"", ""mode"": ""X""}",,,,,,,KEY,X,,UNKNOWN,carga1
lock_acquired,2026-09-04 05:04:12.743,66,,,,"{""event_name"": ""lock_acquired"", ""timestamp"": ""2026-09-04 05:04:12.743"", ""session_id"": 66, ""resource_type"": ""OBJECT"", ""mode"": ""IX""}",,,,,,,OBJECT,IX,,UNKNOWN,carga1
lock_acquired,2026-09-04 05:04:12.743,66,,,,"{""event_name"": ""lock_acquired"", ""timestamp"": ""2026-09-04 05:04:12.743"", ""session_id"": 66, ""resource_type"": ""PAGE"", ""mode"": ""IX""}",,,,,,,PAGE,IX,,UNKNOWN,carga1
lock_acquired,2026-09-04 05:04:12.743,66,,,,"{""event_name"": ""lock_acquired"", ""timestamp"": ""2026-09-04 05:04:12.743"", ""session_id"": 66, ""resource_type"": ""RID"", ""mode"": ""X""}",,,,,,,RID,X,,UNKNOWN,carga1
wait_info,2026-09-04 05:04:17.773,58,,,master,"{""event_name"": ""wait_info"", ""timestamp"": ""2026-09-04 05:04:17.773"", ""session_id"": 58, ""wait_type"": ""SLEEP_TASK"", ""database_name"": ""master""}",,,,,,SLEEP_TASK,,,,UNKNOWN,carga1
sql_batch_completed,2026-09-04 05:04:17.773,66,,,SteelNort,"{""event_name"": ""sql_batch_completed"", ""timestamp"": ""2026-09-04 05:04:17.773"", ""database_name"": ""SteelNort"", ""session_id"": 66, ""command"": ""AWAITING COMMAND"", ""duration"": 7, ""cpu_time"": 0, ""logical_reads"": 0, ""writes"": 0}",AWAITING COMMAND,7.0,0.0,0.0,0.0,,,,,UNKNOWN,carga1
sql_batch_completed,2026-09-04 05:04:17.773,65,,,SteelNort,"{""event_name"": ""sql_batch_completed"", ""timestamp"": ""2026-09-04 05:04:17.773"", ""database_name"": ""SteelNort"", ""session_id"": 65, ""command"": ""AWAITING COMMAND"", ""duration"": 5038, ""cpu_time"": 1, ""logical_reads"": 0, ""writes"": 0, ""status"": ""completed""}",AWAITING COMMAND,5038.0,1.0,0.0,0.0,,,,completed,UNKNOWN,carga1
lock_released,2026-09-04 05:04:17.773,66,,,,"{""event_name"": ""lock_released"", ""timestamp"": ""2026-09-04 05:04:17.773"", ""session_id"": 66, ""resource_type"": ""KEY"", ""mode"": ""X""}",,,,,,,KEY,X,,UNKNOWN,carga1
lock_released,2026-09-04 05:04:17.773,66,,,,"{""event_name"": ""lock_released"", ""timestamp"": ""2026-09-04 05:04:17.773"", ""session_id"": 66, ""resource_type"": ""OBJECT"", ""mode"": ""IX""}",,,,,,,OBJECT,IX,,UNKNOWN,carga1
lock_released,2026-09-04 05:04:17.773,66,,,,"{""event_name"": ""lock_released"", ""timestamp"": ""2026-09-04 05:04:17.773"", ""session_id"": 66, ""resource_type"": ""PAGE"", ""mode"": ""IX""}",,,,,,,PAGE,IX,,UNKNOWN,carga1
lock_released,2026-09-04 05:04:17.773,66,,,,"{""event_name"": ""lock_released"", ""timestamp"": ""2026-09-04 05:04:17.773"", ""session_id"": 66, ""resource_type"": ""RID"", ""mode"": ""X""}",,,,,,,RID,X,,UNKNOWN,carga1
wait_info,2026-09-04 05:04:22.809,58,,,master,"{""event_name"": ""wait_info"", ""timestamp"": ""2026-09-04 05:04:22.809"", ""session_id"": 58, ""wait_type"": ""BROKER_TO_FLUSH"", ""database_name"": ""master""}",,,,,,BROKER_TO_FLUSH,,,,UNKNOWN,carga1
sql_batch_completed,2026-09-04 05:04:22.809,66,,,SteelNort,"{""event_name"": ""sql_batch_completed"", ""timestamp"": ""2026-09-04 05:04:22.809"", ""database_name"": ""SteelNort"", ""session_id"": 66, ""command"": ""AWAITING COMMAND"", ""duration"": 5043, ""cpu_time"": 0, ""logical_reads"": 0, ""writes"": 0, ""status"": ""completed""}",AWAITING COMMAND,5043.0,0.0,0.0,0.0,,,,completed,UNKNOWN,carga1
wait_info,2026-09-04 05:04:27.832,58,,,master,"{""event_name"": ""wait_info"", ""timestamp"": ""2026-09-04 05:04:27.832"", ""session_id"": 58, ""wait_type"": ""SLEEP_TASK"", ""database_name"": ""master""}",,,,,,SLEEP_TASK,,,,UNKNOWN,carga1
sql_batch_completed,2026-09-04 05:04:32.851,52,,,SteelNort,"{""event_name"": ""sql_batch_completed"", ""timestamp"": ""2026-09-04 05:04:32.851"", ""database_name"": ""SteelNort"", ""session_id"": 52, ""command"": ""AWAITING COMMAND"", ""duration"": 8, ""cpu_time"": 0, ""logical_reads"": 0, ""writes"": 0}",AWAITING COMMAND,8.0,0.0,0.0,0.0,,,,,UNKNOWN,carga1
wait_info,2026-09-04 05:04:32.851,58,,,master,"{""event_name"": ""wait_info"", ""timestamp"": ""2026-09-04 05:04:32.851"", ""session_id"": 58, ""wait_type"": ""BROKER_TO_FLUSH"", ""database_name"": ""master""}",,,,,,BROKER_TO_FLUSH,,,,UNKNOWN,carga1
sql_batch_completed,2026-09-04 05:04:32.851,63,,,SteelNort,"{""event_name"": ""sql_batch_completed"", ""timestamp"": ""2026-09-04 05:04:32.851"", ""database_name"": ""SteelNort"", ""session_id"": 63, ""command"": ""EXECUTE"", ""duration"": 7, ""cpu_time"": 0, ""logical_reads"": 0, ""writes"": 0}",EXECUTE,7.0,0.0,0.0,0.0,,,,,USER,carga1
wait_info,2026-09-04 05:04:37.874,58,,,master,"{""event_name"": ""wait_info"", ""timestamp"": ""2026-09-04 05:04:37.874"", ""session_id"": 58, ""wait_type"": ""SLEEP_TASK"", ""database_name"": ""master""}",,,,,,SLEEP_TASK,,,,UNKNOWN,carga1
sql_batch_completed,2026-09-04 05:04:37.874,52,,,SteelNort,"{""event_name"": ""sql_batch_completed"", ""timestamp"": ""2026-09-04 05:04:37.874"", ""database_name"": ""SteelNort"", ""session_id"": 52, ""command"": ""AWAITING COMMAND"", ""duration"": 5033, ""cpu_time"": 0, ""logical_reads"": 0, ""writes"": 0, ""status"": ""completed""}",AWAITING COMMAND,5033.0,0.0,0.0,0.0,,,,completed,UNKNOWN,carga1
sql_batch_completed,2026-09-04 05:04:37.874,63,,,SteelNort,"{""event_name"": ""sql_batch_completed"", ""timestamp"": ""2026-09-04 05:04:37.874"", ""database_name"": ""SteelNort"", ""session_id"": 63, ""command"": ""EXECUTE"", ""duration"": 5030, ""cpu_time"": 0, ""logical_reads"": 0, ""writes"": 0, ""status"": ""completed""}",EXECUTE,5030.0,0.0,0.0,0.0,,,,completed,USER,carga1
wait_info,2026-09-04 05:04:42.902,58,,,master,"{""event_name"": ""wait_info"", ""timestamp"": ""2026-09-04 05:04:42.902"", ""session_id"": 58, ""wait_type"": ""BROKER_TO_FLUSH"", ""database_name"": ""master""}",,,,,,BROKER_TO_FLUSH,,,,UNKNOWN,carga1
login,2026-09-04 05:04:52.943,51,795ec2146175\Administrator,Microsoft SQL Server,SteelNort,"{""event_name"": ""login"", ""timestamp"": ""2026-09-04 05:04:52.943"", ""session_id"": 51, ""login_name"": ""795ec2146175\\Administrator"", ""program_name"": ""Microsoft SQL Server"", ""database_name"": ""SteelNort""}",,,,,,,,,,UNKNOWN,carga1
wait_info,2026-09-04 05:04:52.943,58,,,master,"{""event_name"": ""wait_info"", ""timestamp"": ""2026-09-04 05:04:52.943"", ""session_id"": 58, ""wait_type"": ""SLEEP_TASK"", ""database_name"": ""master""}",,,,,,SLEEP_TASK,,,,UNKNOWN,carga1
sql_batch_completed,2026-09-04 05:04:52.943,77,,,SteelNort,"{""event_name"": ""sql_batch_completed"", ""timestamp"": ""2026-09-04 05:04:52.943"", ""database_name"": ""SteelNort"", ""session_id"": 77, ""command"": ""EXECUTE"", ""duration"": 164, ""cpu_time"": 82, ""logical_reads"": 0, ""writes"": 0, ""wait_type"": ""MSQL_XP""}",EXECUTE,164.0,82.0,0.0,0.0,MSQL_XP,,,,USER,carga1
logout,2026-09-04 05:04:57.973,51,,,,"{""event_name"": ""logout"", ""timestamp"": ""2026-09-04 05:04:57.973"", ""session_id"": 51}",,,,,,,,,,UNKNOWN,carga1
wait_info,2026-09-04 05:04:57.973,58,,,master,"{""event_name"": ""wait_info"", ""timestamp"": ""2026-09-04 05:04:57.973"", ""session_id"": 58, ""wait_type"": ""BROKER_TO_FLUSH"", ""database_name"": ""master""}",,,,,,BROKER_TO_FLUSH,,,,UNKNOWN,carga1
sql_batch_completed,2026-09-04 05:04:57.973,60,,,SteelNort,"{""event_name"": ""sql_batch_completed"", ""timestamp"": ""2026-09-04 05:04:57.973"", ""database_name"": ""SteelNort"", ""session_id"": 60, ""command"": ""AWAITING COMMAND"", ""duration"": 5, ""cpu_time"": 0, ""logical_reads"": 0, ""writes"": 0}",AWAITING COMMAND,5.0,0.0,0.0,0.0,,,,,UNKNOWN,carga1
sql_batch_completed,2026-09-04 05:04:57.973,77,,,SteelNort,"{""event_name"": ""sql_batch_completed"", ""timestamp"": ""2026-09-04 05:04:57.973"", ""database_name"": ""SteelNort"", ""session_id"": 77, ""command"": ""EXECUTE"", ""duration"": 5193, ""cpu_time"": 82, ""logical_reads"": 0, ""writes"": 0, ""status"": ""completed""}",EXECUTE,5193.0,82.0,0.0,0.0,,,,completed,USER,carga1
wait_info,2026-09-04 05:05:02.996,58,,,master,"{""event_name"": ""wait_info"", ""timestamp"": ""2026-09-04 05:05:02.996"", ""session_id"": 58, ""wait_type"": ""SLEEP_TASK"", ""database_name"": ""master""}",,,,,,SLEEP_TASK,,,,UNKNOWN,carga1
sql_batch_completed,2026-09-04 05:05:02.996,60,,,SteelNort,"{""event_name"": ""sql_batch_completed"", ""timestamp"": ""2026-09-04 05:05:02.996"", ""database_name"": ""SteelNort"", ""session_id"": 60, ""command"": ""AWAITING COMMAND"", ""duration"": 5030, ""cpu_time"": 0, ""logical_reads"": 0, ""writes"": 0, ""status"": ""completed""}",AWAITING COMMAND,5030.0,0.0,0.0,0.0,,,,completed,UNKNOWN,carga1
wait_info,2026-09-04 05:05:08.020,58,,,master,"{""event_name"": ""wait_info"", ""timestamp"": ""2026-09-04 05:05:08.020"", ""session_id"": 58, ""wait_type"": ""BROKER_TO_FLUSH"", ""database_name"": ""master""}",,,,,,BROKER_TO_FLUSH,,,,UNKNOWN,carga1
wait_info,2026-09-04 05:05:13.041,58,,,master,"{""event_name"": ""wait_info"", ""timestamp"": ""2026-09-04 05:05:13.041"", ""session_id"": 58, ""wait_type"": ""SLEEP_TASK"", ""database_name"": ""master""}",,,,,,SLEEP_TASK,,,,UNKNOWN,carga1
sql_batch_completed,2026-09-04 05:05:13.041,77,,,SteelNort,"{""event_name"": ""sql_batch_completed"", ""timestamp"": ""2026-09-04 05:05:13.041"", ""database_name"": ""SteelNort"", ""session_id"": 77, ""command"": ""EXECUTE"", ""duration"": 14, ""cpu_time"": 2, ""logical_reads"": 0, ""writes"": 0, ""wait_type"": ""MSQL_XP""}",EXECUTE,14.0,2.0,0.0,0.0,MSQL_XP,,,,USER,carga1
lock_acquired,2026-09-04 05:05:13.041,52,,,,"{""event_name"": ""lock_acquired"", ""timestamp"": ""2026-09-04 05:05:13.041"", ""session_id"": 52, ""resource_type"": ""RID"", ""mode"": ""X""}",,,,,,,RID,X,,UNKNOWN,carga1
wait_info,2026-09-04 05:05:18.067,58,,,master,"{""event_name"": ""wait_info"", ""timestamp"": ""2026-09-04 05:05:18.067"", ""session_id"": 58, ""wait_type"": ""BROKER_TO_FLUSH"", ""database_name"": ""master""}",,,,,,BROKER_TO_FLUSH,,,,UNKNOWN,carga1
sql_batch_completed,2026-09-04 05:05:18.067,77,,,SteelNort,"{""event_name"": ""sql_batch_completed"", ""timestamp"": ""2026-09-04 05:05:18.067"", ""database_name"": ""SteelNort"", ""session_id"": 77, ""command"": ""EXECUTE"", ""duration"": 5035, ""cpu_time"": 2, ""logical_reads"": 0, ""writes"": 0, ""status"": ""completed""}",EXECUTE,5035.0,2.0,0.0,0.0,,,,completed,USER,carga1
lock_released,2026-09-04 05:05:18.067,52,,,,"{""event_name"": ""lock_released"", ""timestamp"": ""2026-09-04 05:05:18.067"", ""session_id"": 52, ""resource_type"": ""RID"", ""mode"": ""X""}",,,,,,,RID,X,,UNKNOWN,carga1
wait_info,2026-09-04 05:05:23.092,58,,,master,"{""event_name"": ""wait_info"", ""timestamp"": ""2026-09-04 05:05:23.092"", ""session_id"": 58, ""wait_type"": ""SLEEP_TASK"", ""database_name"": ""master""}",,,,,,SLEEP_TASK,,,,UNKNOWN,carga1
wait_info,2026-09-04 05:05:28.114,58,,,master,"{""event_name"": ""wait_info"", ""timestamp"": ""2026-09-04 05:05:28.114"", ""session_id"": 58, ""wait_type"": ""BROKER_TO_FLUSH"", ""database_name"": ""master""}",,,,,,BROKER_TO_FLUSH,,,,UNKNOWN,carga1
lock_acquired,2026-09-04 05:05:28.114,68,,,,"{""event_name"": ""lock_acquired"", ""timestamp"": ""2026-09-04 05:05:28.114"", ""session_id"": 68, ""resource_type"": ""PAGE"", ""mode"": ""IX""}",,,,,,,PAGE,IX,,UNKNOWN,carga1
lock_acquired,2026-09-04 05:05:28.114,68,,,,"{""event_name"": ""lock_acquired"", ""timestamp"": ""2026-09-04 05:05:28.114"", ""session_id"": 68, ""resource_type"": ""OBJECT"", ""mode"": ""IX""}",,,,,,,OBJECT,IX,,UNKNOWN,carga1
lock_acquired,2026-09-04 05:05:28.114,68,,,,"{""event_name"": ""lock_acquired"", ""timestamp"": ""2026-09-04 05:05:28.114"", ""session_id"": 68, ""resource_type"": ""RID"", ""mode"": ""X""}",,,,,,,RID,X,,UNKNOWN,carga1
lock_acquired,2026-09-04 05:05:28.114,68,,,,"{""event_name"": ""lock_acquired"", ""timestamp"": ""2026-09-04 05:05:28.114"", ""session_id"": 68, ""resource_type"": ""KEY"", ""mode"": ""X""}",,,,,,,KEY,X,,UNKNOWN,carga1
wait_info,2026-09-04 05:05:33.142,58,,,master,"{""event_name"": ""wait_info"", ""timestamp"": ""2026-09-04 05:05:33.142"", ""session_id"": 58, ""wait_type"": ""SLEEP_TASK"", ""database_name"": ""master""}",,,,,,SLEEP_TASK,,,,UNKNOWN,carga1
sql_batch_completed,2026-09-04 05:05:33.142,67,,,SteelNort,"{""event_name"": ""sql_batch_completed"", ""timestamp"": ""2026-09-04 05:05:33.142"", ""database_name"": ""SteelNort"", ""session_id"": 67, ""command"": ""AWAITING COMMAND"", ""duration"": 6, ""cpu_time"": 0, ""logical_reads"": 0, ""writes"": 0}",AWAITING COMMAND,6.0,0.0,0.0,0.0,,,,,UNKNOWN,carga1
sql_batch_completed,2026-09-04 05:05:33.142,68,,,SteelNort,"{""event_name"": ""sql_batch_completed"", ""timestamp"": ""2026-09-04 05:05:33.142"", ""database_name"": ""SteelNort"", ""session_id"": 68, ""command"": ""EXECUTE"", ""duration"": 7, ""cpu_time"": 0, ""logical_reads"": 0, ""writes"": 0}",EXECUTE,7.0,0.0,0.0,0.0,,,,,USER,carga1
lock_acquired,2026-09-04 05:05:33.142,67,,,,"{""event_name"": ""lock_acquired"", ""timestamp"": ""2026-09-04 05:05:33.142"", ""session_id"": 67, ""resource_type"": ""KEY"", ""mode"": ""X""}",,,,,,,KEY,X,,UNKNOWN,carga1
lock_acquired,2026-09-04 05:05:33.142,67,,,,"{""event_name"": ""lock_acquired"", ""timestamp"": ""2026-09-04 05:05:33.142"", ""session_id"": 67, ""resource_type"": ""RID"", ""mode"": ""X""}",,,,,,,RID,X,,UNKNOWN,carga1
lock_released,2026-09-04 05:05:33.142,68,,,,"{""event_name"": ""lock_released"", ""timestamp"": ""2026-09-04 05:05:33.142"", ""session_id"": 68, ""resource_type"": ""PAGE"", ""mode"": ""IX""}",,,,,,,PAGE,IX,,UNKNOWN,carga1
lock_released,2026-09-04 05:05:33.142,68,,,,"{""event_name"": ""lock_released"", ""timestamp"": ""2026-09-04 05:05:33.142"", ""session_id"": 68, ""resource_type"": ""OBJECT"", ""mode"": ""IX""}",,,,,,,OBJECT,IX,,UNKNOWN,carga1
lock_released,2026-09-04 05:05:33.142,68,,,,"{""event_name"": ""lock_released"", ""timestamp"": ""2026-09-04 05:05:33.142"", ""session_id"": 68, ""resource_type"": ""RID"", ""mode"": ""X""}",,,,,,,RID,X,,UNKNOWN,carga1
lock_released,2026-09-04 05:05:33.142,68,,,,"{""event_name"": ""lock_released"", ""timestamp"": ""2026-09-04 05:05:33.142"", ""session_id"": 68, ""resource_type"": ""KEY"", ""mode"": ""X""}",,,,,,,KEY,X,,UNKNOWN,carga1
wait_info,2026-09-04 05:05:38.171,58,,,master,"{""event_name"": ""wait_info"", ""timestamp"": ""2026-09-04 05:05:38.171"", ""session_id"": 58, ""wait_type"": ""BROKER_TO_FLUSH"", ""database_name"": ""master""}",,,,,,BROKER_TO_FLUSH,,,,UNKNOWN,carga1
sql_batch_completed,2026-09-04 05:05:38.171,67,,,SteelNort,"{""event_name"": ""sql_batch_completed"", ""timestamp"": ""2026-09-04 05:05:38.171"", ""database_name"": ""SteelNort"", ""session_id"": 67, ""command"": ""AWAITING COMMAND"", ""duration"": 5035, ""cpu_time"": 0, ""logical_reads"": 0, ""writes"": 0, ""status"": ""completed""}",AWAITING COMMAND,5035.0,0.0,0.0,0.0,,,,completed,UNKNOWN,carga1
sql_batch_completed,2026-09-04 05:05:38.171,68,,,SteelNort,"{""event_name"": ""sql_batch_completed"", ""timestamp"": ""2026-09-04 05:05:38.171"", ""database_name"": ""SteelNort"", ""session_id"": 68, ""command"": ""EXECUTE"", ""duration"": 5036, ""cpu_time"": 0, ""logical_reads"": 0, ""writes"": 0, ""status"": ""completed""}",EXECUTE,5036.0,0.0,0.0,0.0,,,,completed,USER,carga1
lock_released,2026-09-04 05:05:38.171,67,,,,"{""event_name"": ""lock_released"", ""timestamp"": ""2026-09-04 05:05:38.171"", ""session_id"": 67, ""resource_type"": ""KEY"", ""mode"": ""X""}",,,,,,,KEY,X,,UNKNOWN,carga1
lock_released,2026-09-04 05:05:38.171,67,,,,"{""event_name"": ""lock_released"", ""timestamp"": ""2026-09-04 05:05:38.171"", ""session_id"": 67, ""resource_type"": ""RID"", ""mode"": ""X""}",,,,,,,RID,X,,UNKNOWN,carga1
sql_batch_completed,2026-09-04 05:05:43.198,66,,,SteelNort,"{""event_name"": ""sql_batch_completed"", ""timestamp"": ""2026-09-04 05:05:43.198"", ""database_name"": ""SteelNort"", ""session_id"": 66, ""command"": ""SELECT"", ""duration"": 6, ""cpu_time"": 0, ""logical_reads"": 0, ""writes"": 0}",SELECT,6.0,0.0,0.0,0.0,,,,,USER,carga1
wait_info,2026-09-04 05:05:48.223,58,,,master,"{""event_name"": ""wait_info"", ""timestamp"": ""2026-09-04 05:05:48.223"", ""session_id"": 58, ""wait_type"": ""SLEEP_TASK"", ""database_name"": ""master""}",,,,,,SLEEP_TASK,,,,UNKNOWN,carga1
sql_batch_completed,2026-09-04 05:05:48.223,66,,,SteelNort,"{""event_name"": ""sql_batch_completed"", ""timestamp"": ""2026-09-04 05:05:48.223"", ""database_name"": ""SteelNort"", ""session_id"": 66, ""command"": ""SELECT"", ""duration"": 5033, ""cpu_time"": 0, ""logical_reads"": 0, ""writes"": 0, ""status"": ""completed""}",SELECT,5033.0,0.0,0.0,0.0,,,,completed,USER,carga1
login,2026-09-04 05:05:53.253,73,sa,unknown,SteelNort,"{""event_name"": ""login"", ""timestamp"": ""2026-09-04 05:05:53.253"", ""session_id"": 73, ""login_name"": ""sa"", ""program_name"": ""unknown"", ""database_name"": ""SteelNort""}",,,,,,,,,,UNKNOWN,carga1
login,2026-09-04 05:05:53.253,75,sa,unknown,SteelNort,"{""event_name"": ""login"", ""timestamp"": ""2026-09-04 05:05:53.253"", ""session_id"": 75, ""login_name"": ""sa"", ""program_name"": ""unknown"", ""database_name"": ""SteelNort""}",,,,,,,,,,UNKNOWN,carga1
login,2026-09-04 05:05:53.253,51,sa,unknown,SteelNort,"{""event_name"": ""login"", ""timestamp"": ""2026-09-04 05:05:53.253"", ""session_id"": 51, ""login_name"": ""sa"", ""program_name"": ""unknown"", ""database_name"": ""SteelNort""}",,,,,,,,,,UNKNOWN,carga1
login,2026-09-04 05:05:53.253,76,sa,unknown,SteelNort,"{""event_name"": ""login"", ""timestamp"": ""2026-09-04 05:05:53.253"", ""session_id"": 76, ""login_name"": ""sa"", ""program_name"": ""unknown"", ""database_name"": ""SteelNort""}",,,,,,,,,,UNKNOWN,carga1
sql_batch_completed,2026-09-04 05:05:53.253,51,,,master,"{""event_name"": ""sql_batch_completed"", ""timestamp"": ""2026-09-04 05:05:53.253"", ""database_name"": ""master"", ""session_id"": 51, ""command"": ""TASK MANAGER"", ""duration"": 205, ""cpu_time"": 0, ""logical_reads"": 0, ""writes"": 0}",TASK MANAGER,205.0,0.0,0.0,0.0,,,,,SQL_SERVER_INTERNAL,carga1
wait_info,2026-09-04 05:05:53.253,58,,,master,"{""event_name"": ""wait_info"", ""timestamp"": ""2026-09-04 05:05:53.253"", ""session_id"": 58, ""wait_type"": ""BROKER_TO_FLUSH"", ""database_name"": ""master""}",,,,,,BROKER_TO_FLUSH,,,,UNKNOWN,carga1
sql_batch_completed,2026-09-04 05:05:53.253,73,,,master,"{""event_name"": ""sql_batch_completed"", ""timestamp"": ""2026-09-04 05:05:53.253"", ""database_name"": ""master"", ""session_id"": 73, ""command"": ""TASK MANAGER"", ""duration"": 204, ""cpu_time"": 0, ""logical_reads"": 0, ""writes"": 0}",TASK MANAGER,204.0,0.0,0.0,0.0,,,,,SQL_SERVER_INTERNAL,carga1
sql_batch_completed,2026-09-04 05:05:53.253,75,,,master,"{""event_name"": ""sql_batch_completed"", ""timestamp"": ""2026-09-04 05:05:53.253"", ""database_name"": ""master"", ""session_id"": 75, ""command"": ""TASK MANAGER"", ""duration"": 205, ""cpu_time"": 0, ""logical_reads"": 0, ""writes"": 0}",TASK MANAGER,205.0,0.0,0.0,0.0,,,,,SQL_SERVER_INTERNAL,carga1
sql_batch_completed,2026-09-04 05:05:53.253,76,,,master,"{""event_name"": ""sql_batch_completed"", ""timestamp"": ""2026-09-04 05:05:53.253"", ""database_name"": ""master"", ""session_id"": 76, ""command"": ""TASK MANAGER"", ""duration"": 206, ""cpu_time"": 0, ""logical_reads"": 0, ""writes"": 0}",TASK MANAGER,206.0,0.0,0.0,0.0,,,,,SQL_SERVER_INTERNAL,carga1
login,2026-09-04 05:05:58.288,80,795ec2146175\Administrator,Microsoft SQL Server,SteelNort,"{""event_name"": ""login"", ""timestamp"": ""2026-09-04 05:05:58.288"", ""session_id"": 80, ""login_name"": ""795ec2146175\\Administrator"", ""program_name"": ""Microsoft SQL Server"", ""database_name"": ""SteelNort""}",,,,,,,,,,UNKNOWN,carga1
sql_batch_completed,2026-09-04 05:05:58.288,52,,,SteelNort,"{""event_name"": ""sql_batch_completed"", ""timestamp"": ""2026-09-04 05:05:58.288"", ""database_name"": ""SteelNort"", ""session_id"": 52, ""command"": ""AWAITING COMMAND"", ""duration"": 5, ""cpu_time"": 0, ""logical_reads"": 0, ""writes"": 0}",AWAITING COMMAND,5.0,0.0,0.0,0.0,,,,,UNKNOWN,carga1
wait_info,2026-09-04 05:05:58.288,58,,,master,"{""event_name"": ""wait_info"", ""timestamp"": ""2026-09-04 05:05:58.288"", ""session_id"": 58, ""wait_type"": ""SLEEP_TASK"", ""database_name"": ""master""}",,,,,,SLEEP_TASK,,,,UNKNOWN,carga1
sql_batch_completed,2026-09-04 05:05:58.288,77,,,SteelNort,"{""event_name"": ""sql_batch_completed"", ""timestamp"": ""2026-09-04 05:05:58.288"", ""database_name"": ""SteelNort"", ""session_id"": 77, ""command"": ""EXECUTE"", ""duration"": 180, ""cpu_time"": 100, ""logical_reads"": 0, ""writes"": 0, ""wait_type"": ""MSQL_XP""}",EXECUTE,180.0,100.0,0.0,0.0,MSQL_XP,,,,USER,carga1
logout,2026-09-04 05:06:03.322,80,,,,"{""event_name"": ""logout"", ""timestamp"": ""2026-09-04 05:06:03.322"", ""session_id"": 80}",,,,,,,,,,UNKNOWN,carga1
wait_info,2026-09-04 05:06:03.322,58,,,master,"{""event_name"": ""wait_info"", ""timestamp"": ""2026-09-04 05:06:03.322"", ""session_id"": 58, ""wait_type"": ""BROKER_TO_FLUSH"", ""database_name"": ""master""}",,,,,,BROKER_TO_FLUSH,,,,UNKNOWN,carga1
sql_batch_completed,2026-09-04 05:06:03.322,69,,,SteelNort,"{""event_name"": ""sql_batch_completed"", ""timestamp"": ""2026-09-04 05:06:03.322"", ""database_name"": ""SteelNort"", ""session_id"": 69, ""command"": ""COMMIT TRANSACTION"", ""duration"": 33, ""cpu_time"": 24, ""logical_reads"": 0, ""writes"": 0, ""wait_type"": ""PREEMPTIVE_OS_FLUSHFILEBUFFERS""}",COMMIT TRANSACTION,33.0,24.0,0.0,0.0,PREEMPTIVE_OS_FLUSHFILEBUFFERS,,,,UNKNOWN,carga1
sql_batch_completed,2026-09-04 05:06:03.322,52,,,SteelNort,"{""event_name"": ""sql_batch_completed"", ""timestamp"": ""2026-09-04 05:06:03.322"", ""database_name"": ""SteelNort"", ""session_id"": 52, ""command"": ""AWAITING COMMAND"", ""duration"": 5034, ""cpu_time"": 0, ""logical_reads"": 0, ""writes"": 0, ""status"": ""completed""}",AWAITING COMMAND,5034.0,0.0,0.0,0.0,,,,completed,UNKNOWN,carga1
sql_batch_completed,2026-09-04 05:06:03.322,77,,,SteelNort,"{""event_name"": ""sql_batch_completed"", ""timestamp"": ""2026-09-04 05:06:03.322"", ""database_name"": ""SteelNort"", ""session_id"": 77, ""command"": ""EXECUTE"", ""duration"": 5208, ""cpu_time"": 100, ""logical_reads"": 0, ""writes"": 0, ""status"": ""completed""}",EXECUTE,5208.0,100.0,0.0,0.0,,,,completed,USER,carga1
lock_acquired,2026-09-04 05:06:03.322,69,,,,"{""event_name"": ""lock_acquired"", ""timestamp"": ""2026-09-04 05:06:03.322"", ""session_id"": 69, ""resource_type"": ""PAGE"", ""mode"": ""IX""}",,,,,,,PAGE,IX,,UNKNOWN,carga1
lock_acquired,2026-09-04 05:06:03.322,69,,,,"{""event_name"": ""lock_acquired"", ""timestamp"": ""2026-09-04 05:06:03.322"", ""session_id"": 69, ""resource_type"": ""OBJECT"", ""mode"": ""IX""}",,,,,,,OBJECT,IX,,UNKNOWN,carga1
lock_acquired,2026-09-04 05:06:03.322,69,,,,"{""event_name"": ""lock_acquired"", ""timestamp"": ""2026-09-04 05:06:03.322"", ""session_id"": 69, ""resource_type"": ""KEY"", ""mode"": ""X""}",,,,,,,KEY,X,,UNKNOWN,carga1
lock_acquired,2026-09-04 05:06:03.322,69,,,,"{""event_name"": ""lock_acquired"", ""timestamp"": ""2026-09-04 05:06:03.322"", ""session_id"": 69, ""resource_type"": ""RID"", ""mode"": ""X""}",,,,,,,RID,X,,UNKNOWN,carga1
wait_info,2026-09-04 05:06:08.365,58,,,master,"{""event_name"": ""wait_info"", ""timestamp"": ""2026-09-04 05:06:08.365"", ""session_id"": 58, ""wait_type"": ""SLEEP_TASK"", ""database_name"": ""master""}",,,,,,SLEEP_TASK,,,,UNKNOWN,carga1
sql_batch_completed,2026-09-04 05:06:08.365,69,,,SteelNort,"{""event_name"": ""sql_batch_completed"", ""timestamp"": ""2026-09-04 05:06:08.365"", ""database_name"": ""SteelNort"", ""session_id"": 69, ""command"": ""COMMIT TRANSACTION"", ""duration"": 5072, ""cpu_time"": 24, ""logical_reads"": 0, ""writes"": 0, ""status"": ""completed""}",COMMIT TRANSACTION,5072.0,24.0,0.0,0.0,,,,completed,UNKNOWN,carga1
lock_released,2026-09-04 05:06:08.365,69,,,,"{""event_name"": ""lock_released"", ""timestamp"": ""2026-09-04 05:06:08.365"", ""session_id"": 69, ""resource_type"": ""PAGE"", ""mode"": ""IX""}",,,,,,,PAGE,IX,,UNKNOWN,carga1
lock_released,2026-09-04 05:06:08.365,69,,,,"{""event_name"": ""lock_released"", ""timestamp"": ""2026-09-04 05:06:08.365"", ""session_id"": 69, ""resource_type"": ""OBJECT"", ""mode"": ""IX""}",,,,,,,OBJECT,IX,,UNKNOWN,carga1
lock_released,2026-09-04 05:06:08.365,69,,,,"{""event_name"": ""lock_released"", ""timestamp"": ""2026-09-04 05:06:08.365"", ""session_id"": 69, ""resource_type"": ""KEY"", ""mode"": ""X""}",,,,,,,KEY,X,,UNKNOWN,carga1
lock_released,2026-09-04 05:06:08.365,69,,,,"{""event_name"": ""lock_released"", ""timestamp"": ""2026-09-04 05:06:08.365"", ""session_id"": 69, ""resource_type"": ""RID"", ""mode"": ""X""}",,,,,,,RID,X,,UNKNOWN,carga1
wait_info,2026-09-04 05:06:13.391,58,,,master,"{""event_name"": ""wait_info"", ""timestamp"": ""2026-09-04 05:06:13.391"", ""session_id"": 58, ""wait_type"": ""BROKER_TO_FLUSH"", ""database_name"": ""master""}",,,,,,BROKER_TO_FLUSH,,,,UNKNOWN,carga1
lock_acquired,2026-09-04 05:06:13.391,67,,,,"{""event_name"": ""lock_acquired"", ""timestamp"": ""2026-09-04 05:06:13.391"", ""session_id"": 67, ""resource_type"": ""KEY"", ""mode"": ""X""}",,,,,,,KEY,X,,UNKNOWN,carga1
wait_info,2026-09-04 05:06:18.413,58,,,master,"{""event_name"": ""wait_info"", ""timestamp"": ""2026-09-04 05:06:18.413"", ""session_id"": 58, ""wait_type"": ""SLEEP_TASK"", ""database_name"": ""master""}",,,,,,SLEEP_TASK,,,,UNKNOWN,carga1
sql_batch_completed,2026-09-04 05:06:18.413,65,,,SteelNort,"{""event_name"": ""sql_batch_completed"", ""timestamp"": ""2026-09-04 05:06:18.413"", ""database_name"": ""SteelNort"", ""session_id"": 65, ""command"": ""AWAITING COMMAND"", ""duration"": 6, ""cpu_time"": 0, ""logical_reads"": 0, ""writes"": 0}",AWAITING COMMAND,6.0,0.0,0.0,0.0,,,,,UNKNOWN,carga1
lock_released,2026-09-04 05:06:18.413,67,,,,"{""event_name"": ""lock_released"", ""timestamp"": ""2026-09-04 05:06:18.413"", ""session_id"": 67, ""resource_type"": ""KEY"", ""mode"": ""X""}",,,,,,,KEY,X,,UNKNOWN,carga1
sql_batch_completed,2026-09-04 05:06:23.443,52,,,SteelNort,"{""event_name"": ""sql_batch_completed"", ""timestamp"": ""2026-09-04 05:06:23.443"", ""database_name"": ""SteelNort"", ""session_id"": 52, ""command"": ""EXECUTE"", ""duration"": 3, ""cpu_time"": 0, ""logical_reads"": 0, ""writes"": 0}",EXECUTE,3.0,0.0,0.0,0.0,,,,,USER,carga1
wait_info,2026-09-04 05:06:23.443,58,,,master,"{""event_name"": ""wait_info"", ""timestamp"": ""2026-09-04 05:06:23.443"", ""session_id"": 58, ""wait_type"": ""BROKER_TO_FLUSH"", ""database_name"": ""master""}",,,,,,BROKER_TO_FLUSH,,,,UNKNOWN,carga1
sql_batch_completed,2026-09-04 05:06:23.443,69,,,SteelNort,"{""event_name"": ""sql_batch_completed"", ""timestamp"": ""2026-09-04 05:06:23.443"", ""database_name"": ""SteelNort"", ""session_id"": 69, ""command"": ""EXECUTE"", ""duration"": 5, ""cpu_time"": 0, ""logical_reads"": 0, ""writes"": 0}",EXECUTE,5.0,0.0,0.0,0.0,,,,,USER,carga1
sql_batch_completed,2026-09-04 05:06:23.443,65,,,SteelNort,"{""event_name"": ""sql_batch_completed"", ""timestamp"": ""2026-09-04 05:06:23.443"", ""database_name"": ""SteelNort"", ""session_id"": 65, ""command"": ""AWAITING COMMAND"", ""duration"": 5036, ""cpu_time"": 0, ""logical_reads"": 0, ""writes"": 0, ""status"": ""completed""}",AWAITING COMMAND,5036.0,0.0,0.0,0.0,,,,completed,UNKNOWN,carga1
wait_info,2026-09-04 05:06:28.471,58,,,master,"{""event_name"": ""wait_info"", ""timestamp"": ""2026-09-04 05:06:28.471"", ""session_id"": 58, ""wait_type"": ""SLEEP_TASK"", ""database_name"": ""master""}",,,,,,SLEEP_TASK,,,,UNKNOWN,carga1
sql_batch_completed,2026-09-04 05:06:28.471,52,,,SteelNort,"{""event_name"": ""sql_batch_completed"", ""timestamp"": ""2026-09-04 05:06:28.471"", ""database_name"": ""SteelNort"", ""session_id"": 52, ""command"": ""EXECUTE"", ""duration"": 5031, ""cpu_time"": 0, ""logical_reads"": 0, ""writes"": 0, ""status"": ""completed""}",EXECUTE,5031.0,0.0,0.0,0.0,,,,completed,USER,carga1
sql_batch_completed,2026-09-04 05:06:28.471,69,,,SteelNort,"{""event_name"": ""sql_batch_completed"", ""timestamp"": ""2026-09-04 05:06:28.471"", ""database_name"": ""SteelNort"", ""session_id"": 69, ""command"": ""EXECUTE"", ""duration"": 5032, ""cpu_time"": 0, ""logical_reads"": 0, ""writes"": 0, ""status"": ""completed""}",EXECUTE,5032.0,0.0,0.0,0.0,,,,completed,USER,carga1
wait_info,2026-09-04 05:06:38.518,58,,,master,"{""event_name"": ""wait_info"", ""timestamp"": ""2026-09-04 05:06:38.518"", ""session_id"": 58, ""wait_type"": ""BROKER_TO_FLUSH"", ""database_name"": ""master""}",,,,,,BROKER_TO_FLUSH,,,,UNKNOWN,carga1
wait_info,2026-09-04 05:06:43.540,58,,,master,"{""event_name"": ""wait_info"", ""timestamp"": ""2026-09-04 05:06:43.540"", ""session_id"": 58, ""wait_type"": ""SLEEP_TASK"", ""database_name"": ""master""}",,,,,,SLEEP_TASK,,,,UNKNOWN,carga1
wait_info,2026-09-04 05:06:48.565,58,,,master,"{""event_name"": ""wait_info"", ""timestamp"": ""2026-09-04 05:06:48.565"", ""session_id"": 58, ""wait_type"": ""BROKER_TO_FLUSH"", ""database_name"": ""master""}",,,,,,BROKER_TO_FLUSH,,,,UNKNOWN,carga1
sql_batch_completed,2026-09-04 05:06:48.565,69,,,SteelNort,"{""event_name"": ""sql_batch_completed"", ""timestamp"": ""2026-09-04 05:06:48.565"", ""database_name"": ""SteelNort"", ""session_id"": 69, ""command"": ""EXECUTE"", ""duration"": 5, ""cpu_time"": 0, ""logical_reads"": 0, ""writes"": 0}",EXECUTE,5.0,0.0,0.0,0.0,,,,,USER,carga1
login,2026-09-04 05:06:53.588,81,sa,unknown,SteelNort,"{""event_name"": ""login"", ""timestamp"": ""2026-09-04 05:06:53.588"", ""session_id"": 81, ""login_name"": ""sa"", ""program_name"": ""unknown"", ""database_name"": ""SteelNort""}",,,,,,,,,,UNKNOWN,carga1
wait_info,2026-09-04 05:06:53.588,58,,,master,"{""event_name"": ""wait_info"", ""timestamp"": ""2026-09-04 05:06:53.588"", ""session_id"": 58, ""wait_type"": ""SLEEP_TASK"", ""database_name"": ""master""}",,,,,,SLEEP_TASK,,,,UNKNOWN,carga1
sql_batch_completed,2026-09-04 05:06:53.588,81,,,SteelNort,"{""event_name"": ""sql_batch_completed"", ""timestamp"": ""2026-09-04 05:06:53.588"", ""database_name"": ""SteelNort"", ""session_id"": 81, ""command"": ""BRKR TASK"", ""duration"": 260, ""cpu_time"": 17, ""logical_reads"": 0, ""writes"": 0, ""wait_type"": ""PREEMPTIVE_OS_FLUSHFILEBUFFERS""}",BRKR TASK,260.0,17.0,0.0,0.0,PREEMPTIVE_OS_FLUSHFILEBUFFERS,,,,SQL_SERVER_INTERNAL,carga1
sql_batch_completed,2026-09-04 05:06:53.588,69,,,SteelNort,"{""event_name"": ""sql_batch_completed"", ""timestamp"": ""2026-09-04 05:06:53.588"", ""database_name"": ""SteelNort"", ""session_id"": 69, ""command"": ""EXECUTE"", ""duration"": 5031, ""cpu_time"": 0, ""logical_reads"": 0, ""writes"": 0, ""status"": ""completed""}",EXECUTE,5031.0,0.0,0.0,0.0,,,,completed,USER,carga1
lock_acquired,2026-09-04 05:06:53.588,81,,,,"{""event_name"": ""lock_acquired"", ""timestamp"": ""2026-09-04 05:06:53.588"", ""session_id"": 81, ""resource_type"": ""METADATA"", ""mode"": ""X""}",,,,,,,METADATA,X,,UNKNOWN,carga1
lock_acquired,2026-09-04 05:06:53.588,81,,,,"{""event_name"": ""lock_acquired"", ""timestamp"": ""2026-09-04 05:06:53.588"", ""session_id"": 81, ""resource_type"": ""DATABASE"", ""mode"": ""S""}",,,,,,,DATABASE,S,,UNKNOWN,carga1
lock_acquired,2026-09-04 05:06:53.588,81,,,,"{""event_name"": ""lock_acquired"", ""timestamp"": ""2026-09-04 05:06:53.588"", ""session_id"": 81, ""resource_type"": ""OBJECT"", ""mode"": ""IX""}",,,,,,,OBJECT,IX,,UNKNOWN,carga1
lock_acquired,2026-09-04 05:06:53.588,81,,,,"{""event_name"": ""lock_acquired"", ""timestamp"": ""2026-09-04 05:06:53.588"", ""session_id"": 81, ""resource_type"": ""PAGE"", ""mode"": ""IX""}",,,,,,,PAGE,IX,,UNKNOWN,carga1
lock_acquired,2026-09-04 05:06:53.588,81,,,,"{""event_name"": ""lock_acquired"", ""timestamp"": ""2026-09-04 05:06:53.588"", ""session_id"": 81, ""resource_type"": ""KEY"", ""mode"": ""X""}",,,,,,,KEY,X,,UNKNOWN,carga1
login,2026-09-04 05:06:58.621,80,sa,unknown,SteelNort,"{""event_name"": ""login"", ""timestamp"": ""2026-09-04 05:06:58.621"", ""session_id"": 80, ""login_name"": ""sa"", ""program_name"": ""unknown"", ""database_name"": ""SteelNort""}",,,,,,,,,,UNKNOWN,carga1
wait_info,2026-09-04 05:06:58.621,58,,,master,"{""event_name"": ""wait_info"", ""timestamp"": ""2026-09-04 05:06:58.621"", ""session_id"": 58, ""wait_type"": ""BROKER_TO_FLUSH"", ""database_name"": ""master""}",,,,,,BROKER_TO_FLUSH,,,,UNKNOWN,carga1
sql_batch_completed,2026-09-04 05:06:58.621,80,,,master,"{""event_name"": ""sql_batch_completed"", ""timestamp"": ""2026-09-04 05:06:58.621"", ""database_name"": ""master"", ""session_id"": 80, ""command"": ""BRKR TASK"", ""duration"": 3883, ""cpu_time"": 0, ""logical_reads"": 0, ""writes"": 0, ""wait_type"": ""BROKER_TASK_STOP""}",BRKR TASK,3883.0,0.0,0.0,0.0,BROKER_TASK_STOP,,,,SQL_SERVER_INTERNAL,carga1
wait_info,2026-09-04 05:06:58.621,81,,,master,"{""event_name"": ""wait_info"", ""timestamp"": ""2026-09-04 05:06:58.621"", ""session_id"": 81, ""wait_type"": ""BROKER_TASK_STOP"", ""database_name"": ""master""}",,,,,,BROKER_TASK_STOP,,,,UNKNOWN,carga1
lock_released,2026-09-04 05:06:58.621,81,,,,"{""event_name"": ""lock_released"", ""timestamp"": ""2026-09-04 05:06:58.621"", ""session_id"": 81, ""resource_type"": ""METADATA"", ""mode"": ""X""}",,,,,,,METADATA,X,,UNKNOWN,carga1
lock_released,2026-09-04 05:06:58.621,81,,,,"{""event_name"": ""lock_released"", ""timestamp"": ""2026-09-04 05:06:58.621"", ""session_id"": 81, ""resource_type"": ""DATABASE"", ""mode"": ""S""}",,,,,,,DATABASE,S,,UNKNOWN,carga1
lock_released,2026-09-04 05:06:58.621,81,,,,"{""event_name"": ""lock_released"", ""timestamp"": ""2026-09-04 05:06:58.621"", ""session_id"": 81, ""resource_type"": ""OBJECT"", ""mode"": ""IX""}",,,,,,,OBJECT,IX,,UNKNOWN,carga1
lock_released,2026-09-04 05:06:58.621,81,,,,"{""event_name"": ""lock_released"", ""timestamp"": ""2026-09-04 05:06:58.621"", ""session_id"": 81, ""resource_type"": ""PAGE"", ""mode"": ""IX""}",,,,,,,PAGE,IX,,UNKNOWN,carga1
lock_released,2026-09-04 05:06:58.621,81,,,,"{""event_name"": ""lock_released"", ""timestamp"": ""2026-09-04 05:06:58.621"", ""session_id"": 81, ""resource_type"": ""KEY"", ""mode"": ""X""}",,,,,,,KEY,X,,UNKNOWN,carga1
wait_info,2026-09-04 05:07:03.658,58,,,master,"{""event_name"": ""wait_info"", ""timestamp"": ""2026-09-04 05:07:03.658"", ""session_id"": 58, ""wait_type"": ""SLEEP_TASK"", ""database_name"": ""master""}",,,,,,SLEEP_TASK,,,,UNKNOWN,carga1
sql_batch_completed,2026-09-04 05:07:03.658,65,,,SteelNort,"{""event_name"": ""sql_batch_completed"", ""timestamp"": ""2026-09-04 05:07:03.658"", ""database_name"": ""SteelNort"", ""session_id"": 65, ""command"": ""EXECUTE"", ""duration"": 4, ""cpu_time"": 0, ""logical_reads"": 0, ""writes"": 0}",EXECUTE,4.0,0.0,0.0,0.0,,,,,USER,carga1
logout,2026-09-04 05:07:08.678,80,,,,"{""event_name"": ""logout"", ""timestamp"": ""2026-09-04 05:07:08.678"", ""session_id"": 80}",,,,,,,,,,UNKNOWN,carga1
logout,2026-09-04 05:07:08.678,81,,,,"{""event_name"": ""logout"", ""timestamp"": ""2026-09-04 05:07:08.678"", ""session_id"": 81}",,,,,,,,,,UNKNOWN,carga1
sql_batch_completed,2026-09-04 05:07:08.678,52,,,SteelNort,"{""event_name"": ""sql_batch_completed"", ""timestamp"": ""2026-09-04 05:07:08.678"", ""database_name"": ""SteelNort"", ""session_id"": 52, ""command"": ""EXECUTE"", ""duration"": 6, ""cpu_time"": 0, ""logical_reads"": 0, ""writes"": 0}",EXECUTE,6.0,0.0,0.0,0.0,,,,,USER,carga1
wait_info,2026-09-04 05:07:08.678,58,,,master,"{""event_name"": ""wait_info"", ""timestamp"": ""2026-09-04 05:07:08.678"", ""session_id"": 58, ""wait_type"": ""BROKER_TO_FLUSH"", ""database_name"": ""master""}",,,,,,BROKER_TO_FLUSH,,,,UNKNOWN,carga1
sql_batch_completed,2026-09-04 05:07:08.678,69,,,SteelNort,"{""event_name"": ""sql_batch_completed"", ""timestamp"": ""2026-09-04 05:07:08.678"", ""database_name"": ""SteelNort"", ""session_id"": 69, ""command"": ""AWAITING COMMAND"", ""duration"": 8, ""cpu_time"": 0, ""logical_reads"": 0, ""writes"": 0}",AWAITING COMMAND,8.0,0.0,0.0,0.0,,,,,UNKNOWN,carga1
sql_batch_completed,2026-09-04 05:07:08.678,80,,,master,"{""event_name"": ""sql_batch_completed"", ""timestamp"": ""2026-09-04 05:07:08.678"", ""database_name"": ""master"", ""session_id"": 80, ""command"": ""BRKR TASK"", ""duration"": 13943, ""cpu_time"": 0, ""logical_reads"": 0, ""writes"": 0, ""status"": ""completed""}",BRKR TASK,13943.0,0.0,0.0,0.0,,,,completed,SQL_SERVER_INTERNAL,carga1
sql_batch_completed,2026-09-04 05:07:08.678,65,,,SteelNort,"{""event_name"": ""sql_batch_completed"", ""timestamp"": ""2026-09-04 05:07:08.678"", ""database_name"": ""SteelNort"", ""session_id"": 65, ""command"": ""EXECUTE"", ""duration"": 5033, ""cpu_time"": 0, ""logical_reads"": 0, ""writes"": 0, ""status"": ""completed""}",EXECUTE,5033.0,0.0,0.0,0.0,,,,completed,USER,carga1
sql_batch_completed,2026-09-04 05:07:08.678,81,,,master,"{""event_name"": ""sql_batch_completed"", ""timestamp"": ""2026-09-04 05:07:08.678"", ""database_name"": ""master"", ""session_id"": 81, ""command"": ""BRKR TASK"", ""duration"": 14417, ""cpu_time"": 0, ""logical_reads"": 0, ""writes"": 0, ""status"": ""completed""}",BRKR TASK,14417.0,0.0,0.0,0.0,,,,completed,SQL_SERVER_INTERNAL,carga1
wait_info,2026-09-04 05:07:13.709,58,,,master,"{""event_name"": ""wait_info"", ""timestamp"": ""2026-09-04 05:07:13.709"", ""session_id"": 58, ""wait_type"": ""SLEEP_TASK"", ""database_name"": ""master""}",,,,,,SLEEP_TASK,,,,UNKNOWN,carga1
sql_batch_completed,2026-09-04 05:07:13.709,52,,,SteelNort,"{""event_name"": ""sql_batch_completed"", ""timestamp"": ""2026-09-04 05:07:13.709"", ""database_name"": ""SteelNort"", ""session_id"": 52, ""command"": ""EXECUTE"", ""duration"": 5034, ""cpu_time"": 0, ""logical_reads"": 0, ""writes"": 0, ""status"": ""completed""}",EXECUTE,5034.0,0.0,0.0,0.0,,,,completed,USER,carga1
sql_batch_completed,2026-09-04 05:07:13.709,69,,,SteelNort,"{""event_name"": ""sql_batch_completed"", ""timestamp"": ""2026-09-04 05:07:13.709"", ""database_name"": ""SteelNort"", ""session_id"": 69, ""command"": ""AWAITING COMMAND"", ""duration"": 5035, ""cpu_time"": 0, ""logical_reads"": 0, ""writes"": 0, ""status"": ""completed""}",AWAITING COMMAND,5035.0,0.0,0.0,0.0,,,,completed,UNKNOWN,carga1
wait_info,2026-09-04 05:07:18.734,58,,,master,"{""event_name"": ""wait_info"", ""timestamp"": ""2026-09-04 05:07:18.734"", ""session_id"": 58, ""wait_type"": ""BROKER_TO_FLUSH"", ""database_name"": ""master""}",,,,,,BROKER_TO_FLUSH,,,,UNKNOWN,carga1
sql_batch_completed,2026-09-04 05:07:23.758,52,,,SteelNort,"{""event_name"": ""sql_batch_completed"", ""timestamp"": ""2026-09-04 05:07:23.758"", ""database_name"": ""SteelNort"", ""session_id"": 52, ""command"": ""EXECUTE"", ""duration"": 5, ""cpu_time"": 0, ""logical_reads"": 0, ""writes"": 0}",EXECUTE,5.0,0.0,0.0,0.0,,,,,USER,carga1
wait_info,2026-09-04 05:07:23.758,58,,,master,"{""event_name"": ""wait_info"", ""timestamp"": ""2026-09-04 05:07:23.758"", ""session_id"": 58, ""wait_type"": ""SLEEP_TASK"", ""database_name"": ""master""}",,,,,,SLEEP_TASK,,,,UNKNOWN,carga1
sql_batch_completed,2026-09-04 05:07:28.784,52,,,SteelNort,"{""event_name"": ""sql_batch_completed"", ""timestamp"": ""2026-09-04 05:07:28.784"", ""database_name"": ""SteelNort"", ""session_id"": 52, ""command"": ""EXECUTE"", ""duration"": 5033, ""cpu_time"": 0, ""logical_reads"": 0, ""writes"": 0, ""status"": ""completed""}",EXECUTE,5033.0,0.0,0.0,0.0,,,,completed,USER,carga1
login,2026-09-04 05:07:33.813,80,sa,unknown,SteelNort,"{""event_name"": ""login"", ""timestamp"": ""2026-09-04 05:07:33.813"", ""session_id"": 80, ""login_name"": ""sa"", ""program_name"": ""unknown"", ""database_name"": ""SteelNort""}",,,,,,,,,,UNKNOWN,carga1
wait_info,2026-09-04 05:07:33.813,58,,,master,"{""event_name"": ""wait_info"", ""timestamp"": ""2026-09-04 05:07:33.813"", ""session_id"": 58, ""wait_type"": ""BROKER_TO_FLUSH"", ""database_name"": ""master""}",,,,,,BROKER_TO_FLUSH,,,,UNKNOWN,carga1
sql_batch_completed,2026-09-04 05:07:33.813,63,,,SteelNort,"{""event_name"": ""sql_batch_completed"", ""timestamp"": ""2026-09-04 05:07:33.813"", ""database_name"": ""SteelNort"", ""session_id"": 63, ""command"": ""AWAITING COMMAND"", ""duration"": 7, ""cpu_time"": 0, ""logical_reads"": 0, ""writes"": 0}",AWAITING COMMAND,7.0,0.0,0.0,0.0,,,,,UNKNOWN,carga1
sql_batch_completed,2026-09-04 05:07:33.813,80,,,master,"{""event_name"": ""sql_batch_completed"", ""timestamp"": ""2026-09-04 05:07:33.813"", ""database_name"": ""master"", ""session_id"": 80, ""command"": ""BRKR TASK"", ""duration"": 745, ""cpu_time"": 0, ""logical_reads"": 0, ""writes"": 0, ""wait_type"": ""BROKER_TASK_STOP""}",BRKR TASK,745.0,0.0,0.0,0.0,BROKER_TASK_STOP,,,,SQL_SERVER_INTERNAL,carga1
wait_info,2026-09-04 05:07:38.839,58,,,master,"{""event_name"": ""wait_info"", ""timestamp"": ""2026-09-04 05:07:38.839"", ""session_id"": 58, ""wait_type"": ""SLEEP_TASK"", ""database_name"": ""master""}",,,,,,SLEEP_TASK,,,,UNKNOWN,carga1
sql_batch_completed,2026-09-04 05:07:38.839,63,,,SteelNort,"{""event_name"": ""sql_batch_completed"", ""timestamp"": ""2026-09-04 05:07:38.839"", ""database_name"": ""SteelNort"", ""session_id"": 63, ""command"": ""AWAITING COMMAND"", ""duration"": 5030, ""cpu_time"": 0, ""logical_reads"": 0, ""writes"": 0, ""status"": ""completed""}",AWAITING COMMAND,5030.0,0.0,0.0,0.0,,,,completed,UNKNOWN,carga1
logout,2026-09-04 05:07:43.865,80,,,,"{""event_name"": ""logout"", ""timestamp"": ""2026-09-04 05:07:43.865"", ""session_id"": 80}",,,,,,,,,,UNKNOWN,carga1
wait_info,2026-09-04 05:07:43.865,58,,,master,"{""event_name"": ""wait_info"", ""timestamp"": ""2026-09-04 05:07:43.865"", ""session_id"": 58, ""wait_type"": ""BROKER_TO_FLUSH"", ""database_name"": ""master""}",,,,,,BROKER_TO_FLUSH,,,,UNKNOWN,carga1
sql_batch_completed,2026-09-04 05:07:43.865,80,,,master,"{""event_name"": ""sql_batch_completed"", ""timestamp"": ""2026-09-04 05:07:43.865"", ""database_name"": ""master"", ""session_id"": 80, ""command"": ""BRKR TASK"", ""duration"": 10793, ""cpu_time"": 0, ""logical_reads"": 0, ""writes"": 0, ""status"": ""completed""}",BRKR TASK,10793.0,0.0,0.0,0.0,,,,completed,SQL_SERVER_INTERNAL,carga1
wait_info,2026-09-04 05:07:48.894,58,,,master,"{""event_name"": ""wait_info"", ""timestamp"": ""2026-09-04 05:07:48.894"", ""session_id"": 58, ""wait_type"": ""SLEEP_TASK"", ""database_name"": ""master""}",,,,,,SLEEP_TASK,,,,UNKNOWN,carga1
wait_info,2026-09-04 05:07:53.916,58,,,master,"{""event_name"": ""wait_info"", ""timestamp"": ""2026-09-04 05:07:53.916"", ""session_id"": 58, ""wait_type"": ""BROKER_TO_FLUSH"", ""database_name"": ""master""}",,,,,,BROKER_TO_FLUSH,,,,UNKNOWN,carga1
sql_batch_completed,2026-09-04 05:07:53.916,69,,,SteelNort,"{""event_name"": ""sql_batch_completed"", ""timestamp"": ""2026-09-04 05:07:53.916"", ""database_name"": ""SteelNort"", ""session_id"": 69, ""command"": ""AWAITING COMMAND"", ""duration"": 6, ""cpu_time"": 0, ""logical_reads"": 0, ""writes"": 0}",AWAITING COMMAND,6.0,0.0,0.0,0.0,,,,,UNKNOWN,carga1
wait_info,2026-09-04 05:07:53.916,75,,,master,"{""event_name"": ""wait_info"", ""timestamp"": ""2026-09-04 05:07:53.916"", ""session_id"": 75, ""wait_type"": ""SLEEP_TASK"", ""database_name"": ""master""}",,,,,,SLEEP_TASK,,,,UNKNOWN,carga1
wait_info,2026-09-04 05:07:58.943,58,,,master,"{""event_name"": ""wait_info"", ""timestamp"": ""2026-09-04 05:07:58.943"", ""session_id"": 58, ""wait_type"": ""SLEEP_TASK"", ""database_name"": ""master""}",,,,,,SLEEP_TASK,,,,UNKNOWN,carga1
sql_batch_completed,2026-09-04 05:07:58.943,69,,,SteelNort,"{""event_name"": ""sql_batch_completed"", ""timestamp"": ""2026-09-04 05:07:58.943"", ""database_name"": ""SteelNort"", ""session_id"": 69, ""command"": ""AWAITING COMMAND"", ""duration"": 5032, ""cpu_time"": 0, ""logical_reads"": 0, ""writes"": 0, ""status"": ""completed""}",AWAITING COMMAND,5032.0,0.0,0.0,0.0,,,,completed,UNKNOWN,carga1
lock_acquired,2026-09-04 05:07:58.943,68,,,,"{""event_name"": ""lock_acquired"", ""timestamp"": ""2026-09-04 05:07:58.943"", ""session_id"": 68, ""resource_type"": ""PAGE"", ""mode"": ""IX""}",,,,,,,PAGE,IX,,UNKNOWN,carga1
lock_acquired,2026-09-04 05:07:58.943,68,,,,"{""event_name"": ""lock_acquired"", ""timestamp"": ""2026-09-04 05:07:58.943"", ""session_id"": 68, ""resource_type"": ""OBJECT"", ""mode"": ""IX""}",,,,,,,OBJECT,IX,,UNKNOWN,carga1
lock_acquired,2026-09-04 05:07:58.943,68,,,,"{""event_name"": ""lock_acquired"", ""timestamp"": ""2026-09-04 05:07:58.943"", ""session_id"": 68, ""resource_type"": ""RID"", ""mode"": ""X""}",,,,,,,RID,X,,UNKNOWN,carga1
lock_acquired,2026-09-04 05:07:58.943,68,,,,"{""event_name"": ""lock_acquired"", ""timestamp"": ""2026-09-04 05:07:58.943"", ""session_id"": 68, ""resource_type"": ""KEY"", ""mode"": ""X""}",,,,,,,KEY,X,,UNKNOWN,carga1
wait_info,2026-09-04 05:08:03.973,58,,,master,"{""event_name"": ""wait_info"", ""timestamp"": ""2026-09-04 05:08:03.973"", ""session_id"": 58, ""wait_type"": ""BROKER_TO_FLUSH"", ""database_name"": ""master""}",,,,,,BROKER_TO_FLUSH,,,,UNKNOWN,carga1
lock_released,2026-09-04 05:08:03.973,68,,,,"{""event_name"": ""lock_released"", ""timestamp"": ""2026-09-04 05:08:03.973"", ""session_id"": 68, ""resource_type"": ""PAGE"", ""mode"": ""IX""}",,,,,,,PAGE,IX,,UNKNOWN,carga1
lock_released,2026-09-04 05:08:03.973,68,,,,"{""event_name"": ""lock_released"", ""timestamp"": ""2026-09-04 05:08:03.973"", ""session_id"": 68, ""resource_type"": ""OBJECT"", ""mode"": ""IX""}",,,,,,,OBJECT,IX,,UNKNOWN,carga1
lock_released,2026-09-04 05:08:03.973,68,,,,"{""event_name"": ""lock_released"", ""timestamp"": ""2026-09-04 05:08:03.973"", ""session_id"": 68, ""resource_type"": ""RID"", ""mode"": ""X""}",,,,,,,RID,X,,UNKNOWN,carga1
lock_released,2026-09-04 05:08:03.973,68,,,,"{""event_name"": ""lock_released"", ""timestamp"": ""2026-09-04 05:08:03.973"", ""session_id"": 68, ""resource_type"": ""KEY"", ""mode"": ""X""}",,,,,,,KEY,X,,UNKNOWN,carga1
wait_info,2026-09-04 05:08:09.000,58,,,master,"{""event_name"": ""wait_info"", ""timestamp"": ""2026-09-04 05:08:09.000"", ""session_id"": 58, ""wait_type"": ""SLEEP_TASK"", ""database_name"": ""master""}",,,,,,SLEEP_TASK,,,,UNKNOWN,carga1
wait_info,2026-09-04 05:08:14.022,58,,,master,"{""event_name"": ""wait_info"", ""timestamp"": ""2026-09-04 05:08:14.022"", ""session_id"": 58, ""wait_type"": ""BROKER_TO_FLUSH"", ""database_name"": ""master""}",,,,,,BROKER_TO_FLUSH,,,,UNKNOWN,carga1
wait_info,2026-09-04 05:08:19.053,58,,,master,"{""event_name"": ""wait_info"", ""timestamp"": ""2026-09-04 05:08:19.053"", ""session_id"": 58, ""wait_type"": ""SLEEP_TASK"", ""database_name"": ""master""}",,,,,,SLEEP_TASK,,,,UNKNOWN,carga1
sql_batch_completed,2026-09-04 05:08:24.076,68,,,SteelNort,"{""event_name"": ""sql_batch_completed"", ""timestamp"": ""2026-09-04 05:08:24.076"", ""database_name"": ""SteelNort"", ""session_id"": 68, ""command"": ""EXECUTE"", ""duration"": 6, ""cpu_time"": 0, ""logical_reads"": 0, ""writes"": 0}",EXECUTE,6.0,0.0,0.0,0.0,,,,,USER,carga1
sql_batch_completed,2026-09-04 05:08:29.105,52,,,SteelNort,"{""event_name"": ""sql_batch_completed"", ""timestamp"": ""2026-09-04 05:08:29.105"", ""database_name"": ""SteelNort"", ""session_id"": 52, ""command"": ""AWAITING COMMAND"", ""duration"": 6, ""cpu_time"": 0, ""logical_reads"": 0, ""writes"": 0}",AWAITING COMMAND,6.0,0.0,0.0,0.0,,,,,UNKNOWN,carga1
wait_info,2026-09-04 05:08:29.105,58,,,master,"{""event_name"": ""wait_info"", ""timestamp"": ""2026-09-04 05:08:29.105"", ""session_id"": 58, ""wait_type"": ""BROKER_TO_FLUSH"", ""database_name"": ""master""}",,,,,,BROKER_TO_FLUSH,,,,UNKNOWN,carga1
sql_batch_completed,2026-09-04 05:08:29.105,62,,,SteelNort,"{""event_name"": ""sql_batch_completed"", ""timestamp"": ""2026-09-04 05:08:29.105"", ""database_name"": ""SteelNort"", ""session_id"": 62, ""command"": ""AWAITING COMMAND"", ""duration"": 8, ""cpu_time"": 0, ""logical_reads"": 0, ""writes"": 0}",AWAITING COMMAND,8.0,0.0,0.0,0.0,,,,,UNKNOWN,carga1
sql_batch_completed,2026-09-04 05:08:29.105,68,,,SteelNort,"{""event_name"": ""sql_batch_completed"", ""timestamp"": ""2026-09-04 05:08:29.105"", ""database_name"": ""SteelNort"", ""session_id"": 68, ""command"": ""EXECUTE"", ""duration"": 5040, ""cpu_time"": 0, ""logical_reads"": 0, ""writes"": 0, ""status"": ""completed""}",EXECUTE,5040.0,0.0,0.0,0.0,,,,completed,USER,carga1
wait_info,2026-09-04 05:08:34.132,58,,,master,"{""event_name"": ""wait_info"", ""timestamp"": ""2026-09-04 05:08:34.132"", ""session_id"": 58, ""wait_type"": ""SLEEP_TASK"", ""database_name"": ""master""}",,,,,,SLEEP_TASK,,,,UNKNOWN,carga1
sql_batch_completed,2026-09-04 05:08:34.132,52,,,SteelNort,"{""event_name"": ""sql_batch_completed"", ""timestamp"": ""2026-09-04 05:08:34.132"", ""database_name"": ""SteelNort"", ""session_id"": 52, ""command"": ""AWAITING COMMAND"", ""duration"": 5034, ""cpu_time"": 0, ""logical_reads"": 0, ""writes"": 0, ""status"": ""completed""}",AWAITING COMMAND,5034.0,0.0,0.0,0.0,,,,completed,UNKNOWN,carga1
wait_info,2026-09-04 05:08:39.159,58,,,master,"{""event_name"": ""wait_info"", ""timestamp"": ""2026-09-04 05:08:39.159"", ""session_id"": 58, ""wait_type"": ""BROKER_TO_FLUSH"", ""database_name"": ""master""}",,,,,,BROKER_TO_FLUSH,,,,UNKNOWN,carga1
sql_batch_completed,2026-09-04 05:08:39.159,62,,,SteelNort,"{""event_name"": ""sql_batch_completed"", ""timestamp"": ""2026-09-04 05:08:39.159"", ""database_name"": ""SteelNort"", ""session_id"": 62, ""command"": ""AWAITING COMMAND"", ""duration"": 5037, ""cpu_time"": 0, ""logical_reads"": 0, ""writes"": 0, ""status"": ""completed""}",AWAITING COMMAND,5037.0,0.0,0.0,0.0,,,,completed,UNKNOWN,carga1
wait_info,2026-09-04 05:08:44.189,58,,,master,"{""event_name"": ""wait_info"", ""timestamp"": ""2026-09-04 05:08:44.189"", ""session_id"": 58, ""wait_type"": ""SLEEP_TASK"", ""database_name"": ""master""}",,,,,,SLEEP_TASK,,,,UNKNOWN,carga1
sql_batch_completed,2026-09-04 05:08:44.189,62,,,SteelNort,"{""event_name"": ""sql_batch_completed"", ""timestamp"": ""2026-09-04 05:08:44.189"", ""database_name"": ""SteelNort"", ""session_id"": 62, ""command"": ""EXECUTE"", ""duration"": 7, ""cpu_time"": 0, ""logical_reads"": 0, ""writes"": 0}",EXECUTE,7.0,0.0,0.0,0.0,,,,,USER,carga1
wait_info,2026-09-04 05:08:49.214,58,,,master,"{""event_name"": ""wait_info"", ""timestamp"": ""2026-09-04 05:08:49.214"", ""session_id"": 58, ""wait_type"": ""BROKER_TO_FLUSH"", ""database_name"": ""master""}",,,,,,BROKER_TO_FLUSH,,,,UNKNOWN,carga1
sql_batch_completed,2026-09-04 05:08:49.214,62,,,SteelNort,"{""event_name"": ""sql_batch_completed"", ""timestamp"": ""2026-09-04 05:08:49.214"", ""database_name"": ""SteelNort"", ""session_id"": 62, ""command"": ""EXECUTE"", ""duration"": 5034, ""cpu_time"": 0, ""logical_reads"": 0, ""writes"": 0, ""status"": ""completed""}",EXECUTE,5034.0,0.0,0.0,0.0,,,,completed,USER,carga1
logout,2026-09-04 05:08:54.233,72,,,,"{""event_name"": ""logout"", ""timestamp"": ""2026-09-04 05:08:54.233"", ""session_id"": 72}",,,,,,,,,,UNKNOWN,carga1
logout,2026-09-04 05:08:54.233,74,,,,"{""event_name"": ""logout"", ""timestamp"": ""2026-09-04 05:08:54.233"", ""session_id"": 74}",,,,,,,,,,UNKNOWN,carga1
logout,2026-09-04 05:08:54.233,75,,,,"{""event_name"": ""logout"", ""timestamp"": ""2026-09-04 05:08:54.233"", ""session_id"": 75}",,,,,,,,,,UNKNOWN,carga1
wait_info,2026-09-04 05:08:54.233,58,,,master,"{""event_name"": ""wait_info"", ""timestamp"": ""2026-09-04 05:08:54.233"", ""session_id"": 58, ""wait_type"": ""SLEEP_TASK"", ""database_name"": ""master""}",,,,,,SLEEP_TASK,,,,UNKNOWN,carga1
sql_batch_completed,2026-09-04 05:08:54.233,62,,,SteelNort,"{""event_name"": ""sql_batch_completed"", ""timestamp"": ""2026-09-04 05:08:54.233"", ""database_name"": ""SteelNort"", ""session_id"": 62, ""command"": ""EXECUTE"", ""duration"": 7, ""cpu_time"": 0, ""logical_reads"": 0, ""writes"": 0}",EXECUTE,7.0,0.0,0.0,0.0,,,,,USER,carga1
sql_batch_completed,2026-09-04 05:08:54.233,72,,,master,"{""event_name"": ""sql_batch_completed"", ""timestamp"": ""2026-09-04 05:08:54.233"", ""database_name"": ""master"", ""session_id"": 72, ""command"": ""TASK MANAGER"", ""duration"": 481262, ""cpu_time"": 0, ""logical_reads"": 0, ""writes"": 0, ""status"": ""completed""}",TASK MANAGER,481262.0,0.0,0.0,0.0,,,,completed,SQL_SERVER_INTERNAL,carga1
sql_batch_completed,2026-09-04 05:08:54.233,74,,,master,"{""event_name"": ""sql_batch_completed"", ""timestamp"": ""2026-09-04 05:08:54.233"", ""database_name"": ""master"", ""session_id"": 74, ""command"": ""TASK MANAGER"", ""duration"": 481263, ""cpu_time"": 0, ""logical_reads"": 0, ""writes"": 0, ""status"": ""completed""}",TASK MANAGER,481263.0,0.0,0.0,0.0,,,,completed,SQL_SERVER_INTERNAL,carga1
sql_batch_completed,2026-09-04 05:08:54.233,75,,,master,"{""event_name"": ""sql_batch_completed"", ""timestamp"": ""2026-09-04 05:08:54.233"", ""database_name"": ""master"", ""session_id"": 75, ""command"": ""TASK MANAGER"", ""duration"": 181191, ""cpu_time"": 0, ""logical_reads"": 0, ""writes"": 0, ""status"": ""completed""}",TASK MANAGER,181191.0,0.0,0.0,0.0,,,,completed,SQL_SERVER_INTERNAL,carga1
lock_acquired,2026-09-04 05:08:54.233,67,,,,"{""event_name"": ""lock_acquired"", ""timestamp"": ""2026-09-04 05:08:54.233"", ""session_id"": 67, ""resource_type"": ""KEY"", ""mode"": ""X""}",,,,,,,KEY,X,,UNKNOWN,carga1
lock_acquired,2026-09-04 05:08:54.233,67,,,,"{""event_name"": ""lock_acquired"", ""timestamp"": ""2026-09-04 05:08:54.233"", ""session_id"": 67, ""resource_type"": ""OBJECT"", ""mode"": ""IX""}",,,,,,,OBJECT,IX,,UNKNOWN,carga1
lock_acquired,2026-09-04 05:08:54.233,67,,,,"{""event_name"": ""lock_acquired"", ""timestamp"": ""2026-09-04 05:08:54.233"", ""session_id"": 67, ""resource_type"": ""RID"", ""mode"": ""X""}",,,,,,,RID,X,,UNKNOWN,carga1
lock_acquired,2026-09-04 05:08:54.233,67,,,,"{""event_name"": ""lock_acquired"", ""timestamp"": ""2026-09-04 05:08:54.233"", ""session_id"": 67, ""resource_type"": ""PAGE"", ""mode"": ""IX""}",,,,,,,PAGE,IX,,UNKNOWN,carga1
wait_info,2026-09-04 05:08:59.276,58,,,master,"{""event_name"": ""wait_info"", ""timestamp"": ""2026-09-04 05:08:59.276"", ""session_id"": 58, ""wait_type"": ""BROKER_TO_FLUSH"", ""database_name"": ""master""}",,,,,,BROKER_TO_FLUSH,,,,UNKNOWN,carga1
sql_batch_completed,2026-09-04 05:08:59.276,62,,,SteelNort,"{""event_name"": ""sql_batch_completed"", ""timestamp"": ""2026-09-04 05:08:59.276"", ""database_name"": ""SteelNort"", ""session_id"": 62, ""command"": ""EXECUTE"", ""duration"": 5040, ""cpu_time"": 0, ""logical_reads"": 0, ""writes"": 0, ""status"": ""completed""}",EXECUTE,5040.0,0.0,0.0,0.0,,,,completed,USER,carga1
lock_released,2026-09-04 05:08:59.276,67,,,,"{""event_name"": ""lock_released"", ""timestamp"": ""2026-09-04 05:08:59.276"", ""session_id"": 67, ""resource_type"": ""KEY"", ""mode"": ""X""}",,,,,,,KEY,X,,UNKNOWN,carga1
lock_released,2026-09-04 05:08:59.276,67,,,,"{""event_name"": ""lock_released"", ""timestamp"": ""2026-09-04 05:08:59.276"", ""session_id"": 67, ""resource_type"": ""OBJECT"", ""mode"": ""IX""}",,,,,,,OBJECT,IX,,UNKNOWN,carga1
lock_released,2026-09-04 05:08:59.276,67,,,,"{""event_name"": ""lock_released"", ""timestamp"": ""2026-09-04 05:08:59.276"", ""session_id"": 67, ""resource_type"": ""RID"", ""mode"": ""X""}",,,,,,,RID,X,,UNKNOWN,carga1
lock_released,2026-09-04 05:08:59.276,67,,,,"{""event_name"": ""lock_released"", ""timestamp"": ""2026-09-04 05:08:59.276"", ""session_id"": 67, ""resource_type"": ""PAGE"", ""mode"": ""IX""}",,,,,,,PAGE,IX,,UNKNOWN,carga1
wait_info,2026-09-04 05:09:04.306,58,,,master,"{""event_name"": ""wait_info"", ""timestamp"": ""2026-09-04 05:09:04.306"", ""session_id"": 58, ""wait_type"": ""SLEEP_TASK"", ""database_name"": ""master""}",,,,,,SLEEP_TASK,,,,UNKNOWN,carga1
wait_info,2026-09-04 05:09:09.327,58,,,master,"{""event_name"": ""wait_info"", ""timestamp"": ""2026-09-04 05:09:09.327"", ""session_id"": 58, ""wait_type"": ""BROKER_TO_FLUSH"", ""database_name"": ""master""}",,,,,,BROKER_TO_FLUSH,,,,UNKNOWN,carga1
sql_batch_completed,2026-09-04 05:09:14.351,60,,,SteelNort,"{""event_name"": ""sql_batch_completed"", ""timestamp"": ""2026-09-04 05:09:14.351"", ""database_name"": ""SteelNort"", ""session_id"": 60, ""command"": ""EXECUTE"", ""duration"": 7, ""cpu_time"": 0, ""logical_reads"": 0, ""writes"": 0}",EXECUTE,7.0,0.0,0.0,0.0,,,,,USER,carga1
sql_batch_completed,2026-09-04 05:09:14.351,78,,,SteelNort,"{""event_name"": ""sql_batch_completed"", ""timestamp"": ""2026-09-04 05:09:14.351"", ""database_name"": ""SteelNort"", ""session_id"": 78, ""command"": ""SELECT"", ""duration"": 15, ""cpu_time"": 6, ""logical_reads"": 0, ""writes"": 0}",SELECT,15.0,6.0,0.0,0.0,,,,,USER,carga1
lock_acquired,2026-09-04 05:09:14.351,78,,,,"{""event_name"": ""lock_acquired"", ""timestamp"": ""2026-09-04 05:09:14.351"", ""session_id"": 78, ""resource_type"": ""OBJECT"", ""mode"": ""Sch-S""}",,,,,,,OBJECT,Sch-S,,UNKNOWN,carga1
wait_info,2026-09-04 05:09:19.375,58,,,master,"{""event_name"": ""wait_info"", ""timestamp"": ""2026-09-04 05:09:19.375"", ""session_id"": 58, ""wait_type"": ""SLEEP_TASK"", ""database_name"": ""master""}",,,,,,SLEEP_TASK,,,,UNKNOWN,carga1
sql_batch_completed,2026-09-04 05:09:19.375,60,,,SteelNort,"{""event_name"": ""sql_batch_completed"", ""timestamp"": ""2026-09-04 05:09:19.375"", ""database_name"": ""SteelNort"", ""session_id"": 60, ""command"": ""EXECUTE"", ""duration"": 5030, ""cpu_time"": 0, ""logical_reads"": 0, ""writes"": 0, ""status"": ""completed""}",EXECUTE,5030.0,0.0,0.0,0.0,,,,completed,USER,carga1
sql_batch_completed,2026-09-04 05:09:19.375,78,,,SteelNort,"{""event_name"": ""sql_batch_completed"", ""timestamp"": ""2026-09-04 05:09:19.375"", ""database_name"": ""SteelNort"", ""session_id"": 78, ""command"": ""SELECT"", ""duration"": 5037, ""cpu_time"": 6, ""logical_reads"": 0, ""writes"": 0, ""status"": ""completed""}",SELECT,5037.0,6.0,0.0,0.0,,,,completed,USER,carga1
lock_released,2026-09-04 05:09:19.375,78,,,,"{""event_name"": ""lock_released"", ""timestamp"": ""2026-09-04 05:09:19.375"", ""session_id"": 78, ""resource_type"": ""OBJECT"", ""mode"": ""Sch-S""}",,,,,,,OBJECT,Sch-S,,UNKNOWN,carga1
wait_info,2026-09-04 05:09:24.398,58,,,master,"{""event_name"": ""wait_info"", ""timestamp"": ""2026-09-04 05:09:24.398"", ""session_id"": 58, ""wait_type"": ""BROKER_TO_FLUSH"", ""database_name"": ""master""}",,,,,,BROKER_TO_FLUSH,,,,UNKNOWN,carga1
sql_batch_completed,2026-09-04 05:09:24.398,62,,,SteelNort,"{""event_name"": ""sql_batch_completed"", ""timestamp"": ""2026-09-04 05:09:24.398"", ""database_name"": ""SteelNort"", ""session_id"": 62, ""command"": ""EXECUTE"", ""duration"": 8, ""cpu_time"": 0, ""logical_reads"": 0, ""writes"": 0}",EXECUTE,8.0,0.0,0.0,0.0,,,,,USER,carga1
wait_info,2026-09-04 05:09:29.423,58,,,master,"{""event_name"": ""wait_info"", ""timestamp"": ""2026-09-04 05:09:29.423"", ""session_id"": 58, ""wait_type"": ""SLEEP_TASK"", ""database_name"": ""master""}",,,,,,SLEEP_TASK,,,,UNKNOWN,carga1
sql_batch_completed,2026-09-04 05:09:29.423,62,,,SteelNort,"{""event_name"": ""sql_batch_completed"", ""timestamp"": ""2026-09-04 05:09:29.423"", ""database_name"": ""SteelNort"", ""session_id"": 62, ""command"": ""EXECUTE"", ""duration"": 5034, ""cpu_time"": 0, ""logical_reads"": 0, ""writes"": 0, ""status"": ""completed""}",EXECUTE,5034.0,0.0,0.0,0.0,,,,completed,USER,carga1
wait_info,2026-09-04 05:09:34.449,58,,,master,"{""event_name"": ""wait_info"", ""timestamp"": ""2026-09-04 05:09:34.449"", ""session_id"": 58, ""wait_type"": ""BROKER_TO_FLUSH"", ""database_name"": ""master""}",,,,,,BROKER_TO_FLUSH,,,,UNKNOWN,carga1
wait_info,2026-09-04 05:09:39.471,58,,,master,"{""event_name"": ""wait_info"", ""timestamp"": ""2026-09-04 05:09:39.471"", ""session_id"": 58, ""wait_type"": ""SLEEP_TASK"", ""database_name"": ""master""}",,,,,,SLEEP_TASK,,,,UNKNOWN,carga1
wait_info,2026-09-04 05:09:44.495,58,,,master,"{""event_name"": ""wait_info"", ""timestamp"": ""2026-09-04 05:09:44.495"", ""session_id"": 58, ""wait_type"": ""BROKER_TO_FLUSH"", ""database_name"": ""master""}",,,,,,BROKER_TO_FLUSH,,,,UNKNOWN,carga1
wait_info,2026-09-04 05:09:49.517,58,,,master,"{""event_name"": ""wait_info"", ""timestamp"": ""2026-09-04 05:09:49.517"", ""session_id"": 58, ""wait_type"": ""SLEEP_TASK"", ""database_name"": ""master""}",,,,,,SLEEP_TASK,,,,UNKNOWN,carga1
login,2026-09-04 05:09:54.538,72,795ec2146175\Administrator,Microsoft SQL Server,SteelNort,"{""event_name"": ""login"", ""timestamp"": ""2026-09-04 05:09:54.538"", ""session_id"": 72, ""login_name"": ""795ec2146175\\Administrator"", ""program_name"": ""Microsoft SQL Server"", ""database_name"": ""SteelNort""}",,,,,,,,,,UNKNOWN,carga1
sql_batch_completed,2026-09-04 05:09:54.538,52,,,SteelNort,"{""event_name"": ""sql_batch_completed"", ""timestamp"": ""2026-09-04 05:09:54.538"", ""database_name"": ""SteelNort"", ""session_id"": 52, ""command"": ""AWAITING COMMAND"", ""duration"": 6, ""cpu_time"": 0, ""logical_reads"": 0, ""writes"": 0}",AWAITING COMMAND,6.0,0.0,0.0,0.0,,,,,UNKNOWN,carga1
wait_info,2026-09-04 05:09:54.538,58,,,master,"{""event_name"": ""wait_info"", ""timestamp"": ""2026-09-04 05:09:54.538"", ""session_id"": 58, ""wait_type"": ""BROKER_TO_FLUSH"", ""database_name"": ""master""}",,,,,,BROKER_TO_FLUSH,,,,UNKNOWN,carga1
sql_batch_completed,2026-09-04 05:09:54.538,60,,,SteelNort,"{""event_name"": ""sql_batch_completed"", ""timestamp"": ""2026-09-04 05:09:54.538"", ""database_name"": ""SteelNort"", ""session_id"": 60, ""command"": ""EXECUTE"", ""duration"": 9, ""cpu_time"": 0, ""logical_reads"": 0, ""writes"": 0}",EXECUTE,9.0,0.0,0.0,0.0,,,,,USER,carga1
sql_batch_completed,2026-09-04 05:09:54.538,77,,,SteelNort,"{""event_name"": ""sql_batch_completed"", ""timestamp"": ""2026-09-04 05:09:54.538"", ""database_name"": ""SteelNort"", ""session_id"": 77, ""command"": ""EXECUTE"", ""duration"": 113, ""cpu_time"": 98, ""logical_reads"": 0, ""writes"": 0, ""wait_type"": ""MSQL_XP""}",EXECUTE,113.0,98.0,0.0,0.0,MSQL_XP,,,,USER,carga1
logout,2026-09-04 05:09:59.569,72,,,,"{""event_name"": ""logout"", ""timestamp"": ""2026-09-04 05:09:59.569"", ""session_id"": 72}",,,,,,,,,,UNKNOWN,carga1
wait_info,2026-09-04 05:09:59.569,58,,,master,"{""event_name"": ""wait_info"", ""timestamp"": ""2026-09-04 05:09:59.569"", ""session_id"": 58, ""wait_type"": ""SLEEP_TASK"", ""database_name"": ""master""}",,,,,,SLEEP_TASK,,,,UNKNOWN,carga1
sql_batch_completed,2026-09-04 05:09:59.569,52,,,SteelNort,"{""event_name"": ""sql_batch_completed"", ""timestamp"": ""2026-09-04 05:09:59.569"", ""database_name"": ""SteelNort"", ""session_id"": 52, ""command"": ""AWAITING COMMAND"", ""duration"": 5041, ""cpu_time"": 0, ""logical_reads"": 0, ""writes"": 0, ""status"": ""completed""}",AWAITING COMMAND,5041.0,0.0,0.0,0.0,,,,completed,UNKNOWN,carga1
sql_batch_completed,2026-09-04 05:09:59.569,77,,,SteelNort,"{""event_name"": ""sql_batch_completed"", ""timestamp"": ""2026-09-04 05:09:59.569"", ""database_name"": ""SteelNort"", ""session_id"": 77, ""command"": ""EXECUTE"", ""duration"": 5145, ""cpu_time"": 98, ""logical_reads"": 0, ""writes"": 0, ""status"": ""completed""}",EXECUTE,5145.0,98.0,0.0,0.0,,,,completed,USER,carga1
sql_batch_completed,2026-09-04 05:09:59.569,60,,,SteelNort,"{""event_name"": ""sql_batch_completed"", ""timestamp"": ""2026-09-04 05:09:59.569"", ""database_name"": ""SteelNort"", ""session_id"": 60, ""command"": ""EXECUTE"", ""duration"": 5043, ""cpu_time"": 0, ""logical_reads"": 0, ""writes"": 0, ""status"": ""completed""}",EXECUTE,5043.0,0.0,0.0,0.0,,,,completed,USER,carga1
wait_info,2026-09-04 05:10:04.600,58,,,master,"{""event_name"": ""wait_info"", ""timestamp"": ""2026-09-04 05:10:04.600"", ""session_id"": 58, ""wait_type"": ""BROKER_TO_FLUSH"", ""database_name"": ""master""}",,,,,,BROKER_TO_FLUSH,,,,UNKNOWN,carga1
lock_acquired,2026-09-04 05:10:04.600,60,,,,"{""event_name"": ""lock_acquired"", ""timestamp"": ""2026-09-04 05:10:04.600"", ""session_id"": 60, ""resource_type"": ""OBJECT"", ""mode"": ""IX""}",,,,,,,OBJECT,IX,,UNKNOWN,carga1
lock_acquired,2026-09-04 05:10:04.600,60,,,,"{""event_name"": ""lock_acquired"", ""timestamp"": ""2026-09-04 05:10:04.600"", ""session_id"": 60, ""resource_type"": ""RID"", ""mode"": ""X""}",,,,,,,RID,X,,UNKNOWN,carga1
lock_acquired,2026-09-04 05:10:04.600,60,,,,"{""event_name"": ""lock_acquired"", ""timestamp"": ""2026-09-04 05:10:04.600"", ""session_id"": 60, ""resource_type"": ""KEY"", ""mode"": ""X""}",,,,,,,KEY,X,,UNKNOWN,carga1
lock_acquired,2026-09-04 05:10:04.600,60,,,,"{""event_name"": ""lock_acquired"", ""timestamp"": ""2026-09-04 05:10:04.600"", ""session_id"": 60, ""resource_type"": ""PAGE"", ""mode"": ""IX""}",,,,,,,PAGE,IX,,UNKNOWN,carga1
lock_released,2026-09-04 05:10:09.633,60,,,,"{""event_name"": ""lock_released"", ""timestamp"": ""2026-09-04 05:10:09.633"", ""session_id"": 60, ""resource_type"": ""OBJECT"", ""mode"": ""IX""}",,,,,,,OBJECT,IX,,UNKNOWN,carga1
lock_released,2026-09-04 05:10:09.633,60,,,,"{""event_name"": ""lock_released"", ""timestamp"": ""2026-09-04 05:10:09.633"", ""session_id"": 60, ""resource_type"": ""RID"", ""mode"": ""X""}",,,,,,,RID,X,,UNKNOWN,carga1
lock_released,2026-09-04 05:10:09.633,60,,,,"{""event_name"": ""lock_released"", ""timestamp"": ""2026-09-04 05:10:09.633"", ""session_id"": 60, ""resource_type"": ""KEY"", ""mode"": ""X""}",,,,,,,KEY,X,,UNKNOWN,carga1
lock_released,2026-09-04 05:10:09.633,60,,,,"{""event_name"": ""lock_released"", ""timestamp"": ""2026-09-04 05:10:09.633"", ""session_id"": 60, ""resource_type"": ""PAGE"", ""mode"": ""IX""}",,,,,,,PAGE,IX,,UNKNOWN,carga1
wait_info,2026-09-04 05:10:14.660,58,,,master,"{""event_name"": ""wait_info"", ""timestamp"": ""2026-09-04 05:10:14.660"", ""session_id"": 58, ""wait_type"": ""SLEEP_TASK"", ""database_name"": ""master""}",,,,,,SLEEP_TASK,,,,UNKNOWN,carga1
wait_info,2026-09-04 05:10:19.688,58,,,master,"{""event_name"": ""wait_info"", ""timestamp"": ""2026-09-04 05:10:19.688"", ""session_id"": 58, ""wait_type"": ""BROKER_TO_FLUSH"", ""database_name"": ""master""}",,,,,,BROKER_TO_FLUSH,,,,UNKNOWN,carga1
sql_batch_completed,2026-09-04 05:10:19.688,66,,,SteelNort,"{""event_name"": ""sql_batch_completed"", ""timestamp"": ""2026-09-04 05:10:19.688"", ""database_name"": ""SteelNort"", ""session_id"": 66, ""command"": ""AWAITING COMMAND"", ""duration"": 9, ""cpu_time"": 0, ""logical_reads"": 0, ""writes"": 0}",AWAITING COMMAND,9.0,0.0,0.0,0.0,,,,,UNKNOWN,carga1
wait_info,2026-09-04 05:10:24.717,58,,,master,"{""event_name"": ""wait_info"", ""timestamp"": ""2026-09-04 05:10:24.717"", ""session_id"": 58, ""wait_type"": ""SLEEP_TASK"", ""database_name"": ""master""}",,,,,,SLEEP_TASK,,,,UNKNOWN,carga1
sql_batch_completed,2026-09-04 05:10:24.717,66,,,SteelNort,"{""event_name"": ""sql_batch_completed"", ""timestamp"": ""2026-09-04 05:10:24.717"", ""database_name"": ""SteelNort"", ""session_id"": 66, ""command"": ""AWAITING COMMAND"", ""duration"": 5036, ""cpu_time"": 0, ""logical_reads"": 0, ""writes"": 0, ""status"": ""completed""}",AWAITING COMMAND,5036.0,0.0,0.0,0.0,,,,completed,UNKNOWN,carga1
wait_info,2026-09-04 05:10:29.742,58,,,master,"{""event_name"": ""wait_info"", ""timestamp"": ""2026-09-04 05:10:29.742"", ""session_id"": 58, ""wait_type"": ""BROKER_TO_FLUSH"", ""database_name"": ""master""}",,,,,,BROKER_TO_FLUSH,,,,UNKNOWN,carga1
sql_batch_completed,2026-09-04 05:10:29.742,63,,,SteelNort,"{""event_name"": ""sql_batch_completed"", ""timestamp"": ""2026-09-04 05:10:29.742"", ""database_name"": ""SteelNort"", ""session_id"": 63, ""command"": ""SET OPTION OFF"", ""duration"": 5, ""cpu_time"": 0, ""logical_reads"": 0, ""writes"": 0}",SET OPTION OFF,5.0,0.0,0.0,0.0,,,,,UNKNOWN,carga1
sql_batch_completed,2026-09-04 05:10:29.742,77,,,SteelNort,"{""event_name"": ""sql_batch_completed"", ""timestamp"": ""2026-09-04 05:10:29.742"", ""database_name"": ""SteelNort"", ""session_id"": 77, ""command"": ""EXECUTE"", ""duration"": 16, ""cpu_time"": 6, ""logical_reads"": 0, ""writes"": 0, ""wait_type"": ""MSQL_XP""}",EXECUTE,16.0,6.0,0.0,0.0,MSQL_XP,,,,USER,carga1
wait_info,2026-09-04 05:10:34.770,58,,,master,"{""event_name"": ""wait_info"", ""timestamp"": ""2026-09-04 05:10:34.770"", ""session_id"": 58, ""wait_type"": ""SLEEP_TASK"", ""database_name"": ""master""}",,,,,,SLEEP_TASK,,,,UNKNOWN,carga1
sql_batch_completed,2026-09-04 05:10:34.770,77,,,SteelNort,"{""event_name"": ""sql_batch_completed"", ""timestamp"": ""2026-09-04 05:10:34.770"", ""database_name"": ""SteelNort"", ""session_id"": 77, ""command"": ""EXECUTE"", ""duration"": 5042, ""cpu_time"": 6, ""logical_reads"": 0, ""writes"": 0, ""status"": ""completed""}",EXECUTE,5042.0,6.0,0.0,0.0,,,,completed,USER,carga1
sql_batch_completed,2026-09-04 05:10:34.770,63,,,SteelNort,"{""event_name"": ""sql_batch_completed"", ""timestamp"": ""2026-09-04 05:10:34.770"", ""database_name"": ""SteelNort"", ""session_id"": 63, ""command"": ""SET OPTION OFF"", ""duration"": 5034, ""cpu_time"": 0, ""logical_reads"": 0, ""writes"": 0, ""status"": ""completed""}",SET OPTION OFF,5034.0,0.0,0.0,0.0,,,,completed,UNKNOWN,carga1
wait_info,2026-09-04 05:10:39.798,58,,,master,"{""event_name"": ""wait_info"", ""timestamp"": ""2026-09-04 05:10:39.798"", ""session_id"": 58, ""wait_type"": ""BROKER_TO_FLUSH"", ""database_name"": ""master""}",,,,,,BROKER_TO_FLUSH,,,,UNKNOWN,carga1
sql_batch_completed,2026-09-04 05:10:39.798,69,,,SteelNort,"{""event_name"": ""sql_batch_completed"", ""timestamp"": ""2026-09-04 05:10:39.798"", ""database_name"": ""SteelNort"", ""session_id"": 69, ""command"": ""CONDITIONAL"", ""duration"": 4, ""cpu_time"": 0, ""logical_reads"": 0, ""writes"": 0}",CONDITIONAL,4.0,0.0,0.0,0.0,,,,,UNKNOWN,carga1
wait_info,2026-09-04 05:10:44.817,58,,,master,"{""event_name"": ""wait_info"", ""timestamp"": ""2026-09-04 05:10:44.817"", ""session_id"": 58, ""wait_type"": ""SLEEP_TASK"", ""database_name"": ""master""}",,,,,,SLEEP_TASK,,,,UNKNOWN,carga1
sql_batch_completed,2026-09-04 05:10:44.817,69,,,SteelNort,"{""event_name"": ""sql_batch_completed"", ""timestamp"": ""2026-09-04 05:10:44.817"", ""database_name"": ""SteelNort"", ""session_id"": 69, ""command"": ""CONDITIONAL"", ""duration"": 5025, ""cpu_time"": 0, ""logical_reads"": 0, ""writes"": 0, ""status"": ""completed""}",CONDITIONAL,5025.0,0.0,0.0,0.0,,,,completed,UNKNOWN,carga1
wait_info,2026-09-04 05:10:49.845,58,,,master,"{""event_name"": ""wait_info"", ""timestamp"": ""2026-09-04 05:10:49.845"", ""session_id"": 58, ""wait_type"": ""BROKER_TO_FLUSH"", ""database_name"": ""master""}",,,,,,BROKER_TO_FLUSH,,,,UNKNOWN,carga1
sql_batch_completed,2026-09-04 05:10:49.845,77,,,SteelNort,"{""event_name"": ""sql_batch_completed"", ""timestamp"": ""2026-09-04 05:10:49.845"", ""database_name"": ""SteelNort"", ""session_id"": 77, ""command"": ""EXECUTE"", ""duration"": 37, ""cpu_time"": 30, ""logical_reads"": 0, ""writes"": 0, ""wait_type"": ""MSQL_XP""}",EXECUTE,37.0,30.0,0.0,0.0,MSQL_XP,,,,USER,carga1
wait_info,2026-09-04 05:10:54.871,58,,,master,"{""event_name"": ""wait_info"", ""timestamp"": ""2026-09-04 05:10:54.871"", ""session_id"": 58, ""wait_type"": ""SLEEP_TASK"", ""database_name"": ""master""}",,,,,,SLEEP_TASK,,,,UNKNOWN,carga1
wait_info,2026-09-04 05:10:54.871,71,,,master,"{""event_name"": ""wait_info"", ""timestamp"": ""2026-09-04 05:10:54.871"", ""session_id"": 71, ""wait_type"": ""SLEEP_TASK"", ""database_name"": ""master""}",,,,,,SLEEP_TASK,,,,UNKNOWN,carga1
sql_batch_completed,2026-09-04 05:10:54.871,77,,,SteelNort,"{""event_name"": ""sql_batch_completed"", ""timestamp"": ""2026-09-04 05:10:54.871"", ""database_name"": ""SteelNort"", ""session_id"": 77, ""command"": ""EXECUTE"", ""duration"": 5067, ""cpu_time"": 30, ""logical_reads"": 0, ""writes"": 0, ""status"": ""completed""}",EXECUTE,5067.0,30.0,0.0,0.0,,,,completed,USER,carga1
sql_batch_completed,2026-09-04 05:10:59.904,52,,,SteelNort,"{""event_name"": ""sql_batch_completed"", ""timestamp"": ""2026-09-04 05:10:59.904"", ""database_name"": ""SteelNort"", ""session_id"": 52, ""command"": ""EXECUTE"", ""duration"": 5, ""cpu_time"": 0, ""logical_reads"": 0, ""writes"": 0}",EXECUTE,5.0,0.0,0.0,0.0,,,,,USER,carga1
lock_acquired,2026-09-04 05:10:59.904,66,,,,"{""event_name"": ""lock_acquired"", ""timestamp"": ""2026-09-04 05:10:59.904"", ""session_id"": 66, ""resource_type"": ""OBJECT"", ""mode"": ""IS""}",,,,,,,OBJECT,IS,,UNKNOWN,carga1
lock_acquired,2026-09-04 05:10:59.904,52,,,,"{""event_name"": ""lock_acquired"", ""timestamp"": ""2026-09-04 05:10:59.904"", ""session_id"": 52, ""resource_type"": ""KEY"", ""mode"": ""X""}",,,,,,,KEY,X,,UNKNOWN,carga1
lock_acquired,2026-09-04 05:10:59.904,52,,,,"{""event_name"": ""lock_acquired"", ""timestamp"": ""2026-09-04 05:10:59.904"", ""session_id"": 52, ""resource_type"": ""OBJECT"", ""mode"": ""IX""}",,,,,,,OBJECT,IX,,UNKNOWN,carga1
lock_acquired,2026-09-04 05:10:59.904,66,,,,"{""event_name"": ""lock_acquired"", ""timestamp"": ""2026-09-04 05:10:59.904"", ""session_id"": 66, ""resource_type"": ""PAGE"", ""mode"": ""IS""}",,,,,,,PAGE,IS,,UNKNOWN,carga1
lock_acquired,2026-09-04 05:10:59.904,66,,,,"{""event_name"": ""lock_acquired"", ""timestamp"": ""2026-09-04 05:10:59.904"", ""session_id"": 66, ""resource_type"": ""KEY"", ""mode"": ""S""}",,,,,,,KEY,S,,UNKNOWN,carga1
lock_acquired,2026-09-04 05:10:59.904,52,,,,"{""event_name"": ""lock_acquired"", ""timestamp"": ""2026-09-04 05:10:59.904"", ""session_id"": 52, ""resource_type"": ""PAGE"", ""mode"": ""IX""}",,,,,,,PAGE,IX,,UNKNOWN,carga1
wait_info,2026-09-04 05:11:04.942,58,,,master,"{""event_name"": ""wait_info"", ""timestamp"": ""2026-09-04 05:11:04.942"", ""session_id"": 58, ""wait_type"": ""BROKER_TO_FLUSH"", ""database_name"": ""master""}",,,,,,BROKER_TO_FLUSH,,,,UNKNOWN,carga1
sql_batch_completed,2026-09-04 05:11:04.942,63,,,SteelNort,"{""event_name"": ""sql_batch_completed"", ""timestamp"": ""2026-09-04 05:11:04.942"", ""database_name"": ""SteelNort"", ""session_id"": 63, ""command"": ""SET OPTION OFF"", ""duration"": 6, ""cpu_time"": 0, ""logical_reads"": 0, ""writes"": 0}",SET OPTION OFF,6.0,0.0,0.0,0.0,,,,,UNKNOWN,carga1
sql_batch_completed,2026-09-04 05:11:04.942,52,,,SteelNort,"{""event_name"": ""sql_batch_completed"", ""timestamp"": ""2026-09-04 05:11:04.942"", ""database_name"": ""SteelNort"", ""session_id"": 52, ""command"": ""EXECUTE"", ""duration"": 5047, ""cpu_time"": 0, ""logical_reads"": 0, ""writes"": 0, ""status"": ""completed""}",EXECUTE,5047.0,0.0,0.0,0.0,,,,completed,USER,carga1
lock_released,2026-09-04 05:11:04.942,66,,,,"{""event_name"": ""lock_released"", ""timestamp"": ""2026-09-04 05:11:04.942"", ""session_id"": 66, ""resource_type"": ""OBJECT"", ""mode"": ""IS""}",,,,,,,OBJECT,IS,,UNKNOWN,carga1
lock_released,2026-09-04 05:11:04.942,52,,,,"{""event_name"": ""lock_released"", ""timestamp"": ""2026-09-04 05:11:04.942"", ""session_id"": 52, ""resource_type"": ""KEY"", ""mode"": ""X""}",,,,,,,KEY,X,,UNKNOWN,carga1
lock_released,2026-09-04 05:11:04.942,52,,,,"{""event_name"": ""lock_released"", ""timestamp"": ""2026-09-04 05:11:04.942"", ""session_id"": 52, ""resource_type"": ""OBJECT"", ""mode"": ""IX""}",,,,,,,OBJECT,IX,,UNKNOWN,carga1
lock_released,2026-09-04 05:11:04.942,66,,,,"{""event_name"": ""lock_released"", ""timestamp"": ""2026-09-04 05:11:04.942"", ""session_id"": 66, ""resource_type"": ""PAGE"", ""mode"": ""IS""}",,,,,,,PAGE,IS,,UNKNOWN,carga1
lock_released,2026-09-04 05:11:04.942,66,,,,"{""event_name"": ""lock_released"", ""timestamp"": ""2026-09-04 05:11:04.942"", ""session_id"": 66, ""resource_type"": ""KEY"", ""mode"": ""S""}",,,,,,,KEY,S,,UNKNOWN,carga1
lock_released,2026-09-04 05:11:04.942,52,,,,"{""event_name"": ""lock_released"", ""timestamp"": ""2026-09-04 05:11:04.942"", ""session_id"": 52, ""resource_type"": ""PAGE"", ""mode"": ""IX""}",,,,,,,PAGE,IX,,UNKNOWN,carga1
wait_info,2026-09-04 05:11:09.981,58,,,master,"{""event_name"": ""wait_info"", ""timestamp"": ""2026-09-04 05:11:09.981"", ""session_id"": 58, ""wait_type"": ""SLEEP_TASK"", ""database_name"": ""master""}",,,,,,SLEEP_TASK,,,,UNKNOWN,carga1
sql_batch_completed,2026-09-04 05:11:09.981,63,,,SteelNort,"{""event_name"": ""sql_batch_completed"", ""timestamp"": ""2026-09-04 05:11:09.981"", ""database_name"": ""SteelNort"", ""session_id"": 63, ""command"": ""SET OPTION OFF"", ""duration"": 5040, ""cpu_time"": 0, ""logical_reads"": 0, ""writes"": 0, ""status"": ""completed""}",SET OPTION OFF,5040.0,0.0,0.0,0.0,,,,completed,UNKNOWN,carga1
wait_info,2026-09-04 05:11:15.002,58,,,master,"{""event_name"": ""wait_info"", ""timestamp"": ""2026-09-04 05:11:15.002"", ""session_id"": 58, ""wait_type"": ""BROKER_TO_FLUSH"", ""database_name"": ""master""}",,,,,,BROKER_TO_FLUSH,,,,UNKNOWN,carga1
sql_batch_completed,2026-09-04 05:11:15.002,65,,,SteelNort,"{""event_name"": ""sql_batch_completed"", ""timestamp"": ""2026-09-04 05:11:15.002"", ""database_name"": ""SteelNort"", ""session_id"": 65, ""command"": ""AWAITING COMMAND"", ""duration"": 4, ""cpu_time"": 0, ""logical_reads"": 0, ""writes"": 0}",AWAITING COMMAND,4.0,0.0,0.0,0.0,,,,,UNKNOWN,carga1
wait_info,2026-09-04 05:11:20.028,58,,,master,"{""event_name"": ""wait_info"", ""timestamp"": ""2026-09-04 05:11:20.028"", ""session_id"": 58, ""wait_type"": ""SLEEP_TASK"", ""database_name"": ""master""}",,,,,,SLEEP_TASK,,,,UNKNOWN,carga1
sql_batch_completed,2026-09-04 05:11:20.028,65,,,SteelNort,"{""event_name"": ""sql_batch_completed"", ""timestamp"": ""2026-09-04 05:11:20.028"", ""database_name"": ""SteelNort"", ""session_id"": 65, ""command"": ""AWAITING COMMAND"", ""duration"": 5028, ""cpu_time"": 0, ""logical_reads"": 0, ""writes"": 0, ""status"": ""completed""}",AWAITING COMMAND,5028.0,0.0,0.0,0.0,,,,completed,UNKNOWN,carga1
wait_info,2026-09-04 05:11:25.049,58,,,master,"{""event_name"": ""wait_info"", ""timestamp"": ""2026-09-04 05:11:25.049"", ""session_id"": 58, ""wait_type"": ""BROKER_TO_FLUSH"", ""database_name"": ""master""}",,,,,,BROKER_TO_FLUSH,,,,UNKNOWN,carga1
sql_batch_completed,2026-09-04 05:11:25.049,60,,,SteelNort,"{""event_name"": ""sql_batch_completed"", ""timestamp"": ""2026-09-04 05:11:25.049"", ""database_name"": ""SteelNort"", ""session_id"": 60, ""command"": ""SELECT"", ""duration"": 4, ""cpu_time"": 0, ""logical_reads"": 0, ""writes"": 0}",SELECT,4.0,0.0,0.0,0.0,,,,,USER,carga1
sql_batch_completed,2026-09-04 05:11:25.049,62,,,SteelNort,"{""event_name"": ""sql_batch_completed"", ""timestamp"": ""2026-09-04 05:11:25.049"", ""database_name"": ""SteelNort"", ""session_id"": 62, ""command"": ""AWAITING COMMAND"", ""duration"": 6, ""cpu_time"": 0, ""logical_reads"": 0, ""writes"": 0}",AWAITING COMMAND,6.0,0.0,0.0,0.0,,,,,UNKNOWN,carga1
wait_info,2026-09-04 05:11:30.073,58,,,master,"{""event_name"": ""wait_info"", ""timestamp"": ""2026-09-04 05:11:30.073"", ""session_id"": 58, ""wait_type"": ""SLEEP_TASK"", ""database_name"": ""master""}",,,,,,SLEEP_TASK,,,,UNKNOWN,carga1
sql_batch_completed,2026-09-04 05:11:30.073,60,,,SteelNort,"{""event_name"": ""sql_batch_completed"", ""timestamp"": ""2026-09-04 05:11:30.073"", ""database_name"": ""SteelNort"", ""session_id"": 60, ""command"": ""SELECT"", ""duration"": 5028, ""cpu_time"": 0, ""logical_reads"": 0, ""writes"": 0, ""status"": ""completed""}",SELECT,5028.0,0.0,0.0,0.0,,,,completed,USER,carga1
sql_batch_completed,2026-09-04 05:11:30.073,62,,,SteelNort,"{""event_name"": ""sql_batch_completed"", ""timestamp"": ""2026-09-04 05:11:30.073"", ""database_name"": ""SteelNort"", ""session_id"": 62, ""command"": ""AWAITING COMMAND"", ""duration"": 5029, ""cpu_time"": 0, ""logical_reads"": 0, ""writes"": 0, ""status"": ""completed""}",AWAITING COMMAND,5029.0,0.0,0.0,0.0,,,,completed,UNKNOWN,carga1
wait_info,2026-09-04 05:11:35.101,58,,,master,"{""event_name"": ""wait_info"", ""timestamp"": ""2026-09-04 05:11:35.101"", ""session_id"": 58, ""wait_type"": ""BROKER_TO_FLUSH"", ""database_name"": ""master""}",,,,,,BROKER_TO_FLUSH,,,,UNKNOWN,carga1
wait_info,2026-09-04 05:11:40.127,58,,,master,"{""event_name"": ""wait_info"", ""timestamp"": ""2026-09-04 05:11:40.127"", ""session_id"": 58, ""wait_type"": ""SLEEP_TASK"", ""database_name"": ""master""}",,,,,,SLEEP_TASK,,,,UNKNOWN,carga1
logout,2026-09-04 05:11:45.155,70,,,,"{""event_name"": ""logout"", ""timestamp"": ""2026-09-04 05:11:45.155"", ""session_id"": 70}",,,,,,,,,,UNKNOWN,carga1
wait_info,2026-09-04 05:11:45.155,58,,,master,"{""event_name"": ""wait_info"", ""timestamp"": ""2026-09-04 05:11:45.155"", ""session_id"": 58, ""wait_type"": ""BROKER_TO_FLUSH"", ""database_name"": ""master""}",,,,,,BROKER_TO_FLUSH,,,,UNKNOWN,carga1
sql_batch_completed,2026-09-04 05:11:45.155,68,,,SteelNort,"{""event_name"": ""sql_batch_completed"", ""timestamp"": ""2026-09-04 05:11:45.155"", ""database_name"": ""SteelNort"", ""session_id"": 68, ""command"": ""AWAITING COMMAND"", ""duration"": 8, ""cpu_time"": 0, ""logical_reads"": 0, ""writes"": 0}",AWAITING COMMAND,8.0,0.0,0.0,0.0,,,,,UNKNOWN,carga1
login,2026-09-04 05:11:50.182,70,795ec2146175\Administrator,Microsoft SQL Server,SteelNort,"{""event_name"": ""login"", ""timestamp"": ""2026-09-04 05:11:50.182"", ""session_id"": 70, ""login_name"": ""795ec2146175\\Administrator"", ""program_name"": ""Microsoft SQL Server"", ""database_name"": ""SteelNort""}",,,,,,,,,,UNKNOWN,carga1
wait_info,2026-09-04 05:11:50.182,58,,,master,"{""event_name"": ""wait_info"", ""timestamp"": ""2026-09-04 05:11:50.182"", ""session_id"": 58, ""wait_type"": ""SLEEP_TASK"", ""database_name"": ""master""}",,,,,,SLEEP_TASK,,,,UNKNOWN,carga1
sql_batch_completed,2026-09-04 05:11:50.182,60,,,SteelNort,"{""event_name"": ""sql_batch_completed"", ""timestamp"": ""2026-09-04 05:11:50.182"", ""database_name"": ""SteelNort"", ""session_id"": 60, ""command"": ""SELECT"", ""duration"": 4, ""cpu_time"": 0, ""logical_reads"": 0, ""writes"": 0}",SELECT,4.0,0.0,0.0,0.0,,,,,USER,carga1
sql_batch_completed,2026-09-04 05:11:50.182,77,,,SteelNort,"{""event_name"": ""sql_batch_completed"", ""timestamp"": ""2026-09-04 05:11:50.182"", ""database_name"": ""SteelNort"", ""session_id"": 77, ""command"": ""EXECUTE"", ""duration"": 154, ""cpu_time"": 102, ""logical_reads"": 0, ""writes"": 0, ""wait_type"": ""MSQL_XP""}",EXECUTE,154.0,102.0,0.0,0.0,MSQL_XP,,,,USER,carga1
sql_batch_completed,2026-09-04 05:11:50.182,68,,,SteelNort,"{""event_name"": ""sql_batch_completed"", ""timestamp"": ""2026-09-04 05:11:50.182"", ""database_name"": ""SteelNort"", ""session_id"": 68, ""command"": ""AWAITING COMMAND"", ""duration"": 5035, ""cpu_time"": 0, ""logical_reads"": 0, ""writes"": 0, ""status"": ""completed""}",AWAITING COMMAND,5035.0,0.0,0.0,0.0,,,,completed,UNKNOWN,carga1
logout,2026-09-04 05:11:55.209,70,,,,"{""event_name"": ""logout"", ""timestamp"": ""2026-09-04 05:11:55.209"", ""session_id"": 70}",,,,,,,,,,UNKNOWN,carga1
sql_batch_completed,2026-09-04 05:11:55.209,60,,,SteelNort,"{""event_name"": ""sql_batch_completed"", ""timestamp"": ""2026-09-04 05:11:55.209"", ""database_name"": ""SteelNort"", ""session_id"": 60, ""command"": ""SELECT"", ""duration"": 5033, ""cpu_time"": 0, ""logical_reads"": 0, ""writes"": 0, ""status"": ""completed""}",SELECT,5033.0,0.0,0.0,0.0,,,,completed,USER,carga1
sql_batch_completed,2026-09-04 05:11:55.209,77,,,SteelNort,"{""event_name"": ""sql_batch_completed"", ""timestamp"": ""2026-09-04 05:11:55.209"", ""database_name"": ""SteelNort"", ""session_id"": 77, ""command"": ""EXECUTE"", ""duration"": 5184, ""cpu_time"": 102, ""logical_reads"": 0, ""writes"": 0, ""status"": ""completed""}",EXECUTE,5184.0,102.0,0.0,0.0,,,,completed,USER,carga1
wait_info,2026-09-04 05:12:00.238,58,,,master,"{""event_name"": ""wait_info"", ""timestamp"": ""2026-09-04 05:12:00.238"", ""session_id"": 58, ""wait_type"": ""BROKER_TO_FLUSH"", ""database_name"": ""master""}",,,,,,BROKER_TO_FLUSH,,,,UNKNOWN,carga1
wait_info,2026-09-04 05:12:05.259,58,,,master,"{""event_name"": ""wait_info"", ""timestamp"": ""2026-09-04 05:12:05.259"", ""session_id"": 58, ""wait_type"": ""SLEEP_TASK"", ""database_name"": ""master""}",,,,,,SLEEP_TASK,,,,UNKNOWN,carga1
sql_batch_completed,2026-09-04 05:12:10.281,52,,,SteelNort,"{""event_name"": ""sql_batch_completed"", ""timestamp"": ""2026-09-04 05:12:10.281"", ""database_name"": ""SteelNort"", ""session_id"": 52, ""command"": ""AWAITING COMMAND"", ""duration"": 5, ""cpu_time"": 0, ""logical_reads"": 0, ""writes"": 0}",AWAITING COMMAND,5.0,0.0,0.0,0.0,,,,,UNKNOWN,carga1
wait_info,2026-09-04 05:12:10.281,58,,,master,"{""event_name"": ""wait_info"", ""timestamp"": ""2026-09-04 05:12:10.281"", ""session_id"": 58, ""wait_type"": ""BROKER_TO_FLUSH"", ""database_name"": ""master""}",,,,,,BROKER_TO_FLUSH,,,,UNKNOWN,carga1
sql_batch_completed,2026-09-04 05:12:10.281,77,,,SteelNort,"{""event_name"": ""sql_batch_completed"", ""timestamp"": ""2026-09-04 05:12:10.281"", ""database_name"": ""SteelNort"", ""session_id"": 77, ""command"": ""EXECUTE"", ""duration"": 33, ""cpu_time"": 27, ""logical_reads"": 0, ""writes"": 0, ""wait_type"": ""MSQL_XP""}",EXECUTE,33.0,27.0,0.0,0.0,MSQL_XP,,,,USER,carga1
wait_info,2026-09-04 05:12:15.308,58,,,master,"{""event_name"": ""wait_info"", ""timestamp"": ""2026-09-04 05:12:15.308"", ""session_id"": 58, ""wait_type"": ""SLEEP_TASK"", ""database_name"": ""master""}",,,,,,SLEEP_TASK,,,,UNKNOWN,carga1
sql_batch_completed,2026-09-04 05:12:15.308,52,,,SteelNort,"{""event_name"": ""sql_batch_completed"", ""timestamp"": ""2026-09-04 05:12:15.308"", ""database_name"": ""SteelNort"", ""session_id"": 52, ""command"": ""AWAITING COMMAND"", ""duration"": 5035, ""cpu_time"": 0, ""logical_reads"": 0, ""writes"": 0, ""status"": ""completed""}",AWAITING COMMAND,5035.0,0.0,0.0,0.0,,,,completed,UNKNOWN,carga1
sql_batch_completed,2026-09-04 05:12:15.308,77,,,SteelNort,"{""event_name"": ""sql_batch_completed"", ""timestamp"": ""2026-09-04 05:12:15.308"", ""database_name"": ""SteelNort"", ""session_id"": 77, ""command"": ""EXECUTE"", ""duration"": 5062, ""cpu_time"": 27, ""logical_reads"": 0, ""writes"": 0, ""status"": ""completed""}",EXECUTE,5062.0,27.0,0.0,0.0,,,,completed,USER,carga1
wait_info,2026-09-04 05:12:20.331,58,,,master,"{""event_name"": ""wait_info"", ""timestamp"": ""2026-09-04 05:12:20.331"", ""session_id"": 58, ""wait_type"": ""BROKER_TO_FLUSH"", ""database_name"": ""master""}",,,,,,BROKER_TO_FLUSH,,,,UNKNOWN,carga1
wait_info,2026-09-04 05:12:25.356,58,,,master,"{""event_name"": ""wait_info"", ""timestamp"": ""2026-09-04 05:12:25.356"", ""session_id"": 58, ""wait_type"": ""SLEEP_TASK"", ""database_name"": ""master""}",,,,,,SLEEP_TASK,,,,UNKNOWN,carga1
lock_acquired,2026-09-04 05:12:25.356,67,,,,"{""event_name"": ""lock_acquired"", ""timestamp"": ""2026-09-04 05:12:25.356"", ""session_id"": 67, ""resource_type"": ""OBJECT"", ""mode"": ""IS""}",,,,,,,OBJECT,IS,,UNKNOWN,carga1
wait_info,2026-09-04 05:12:30.379,58,,,master,"{""event_name"": ""wait_info"", ""timestamp"": ""2026-09-04 05:12:30.379"", ""session_id"": 58, ""wait_type"": ""BROKER_TO_FLUSH"", ""database_name"": ""master""}",,,,,,BROKER_TO_FLUSH,,,,UNKNOWN,carga1
lock_released,2026-09-04 05:12:30.379,67,,,,"{""event_name"": ""lock_released"", ""timestamp"": ""2026-09-04 05:12:30.379"", ""session_id"": 67, ""resource_type"": ""OBJECT"", ""mode"": ""IS""}",,,,,,,OBJECT,IS,,UNKNOWN,carga1
wait_info,2026-09-04 05:12:35.405,58,,,master,"{""event_name"": ""wait_info"", ""timestamp"": ""2026-09-04 05:12:35.405"", ""session_id"": 58, ""wait_type"": ""SLEEP_TASK"", ""database_name"": ""master""}",,,,,,SLEEP_TASK,,,,UNKNOWN,carga1
wait_info,2026-09-04 05:12:40.431,58,,,master,"{""event_name"": ""wait_info"", ""timestamp"": ""2026-09-04 05:12:40.431"", ""session_id"": 58, ""wait_type"": ""BROKER_TO_FLUSH"", ""database_name"": ""master""}",,,,,,BROKER_TO_FLUSH,,,,UNKNOWN,carga1
login,2026-09-04 05:12:50.471,70,795ec2146175\Administrator,Microsoft SQL Server,SteelNort,"{""event_name"": ""login"", ""timestamp"": ""2026-09-04 05:12:50.471"", ""session_id"": 70, ""login_name"": ""795ec2146175\\Administrator"", ""program_name"": ""Microsoft SQL Server"", ""database_name"": ""SteelNort""}",,,,,,,,,,UNKNOWN,carga1
wait_info,2026-09-04 05:12:50.471,58,,,master,"{""event_name"": ""wait_info"", ""timestamp"": ""2026-09-04 05:12:50.471"", ""session_id"": 58, ""wait_type"": ""SLEEP_TASK"", ""database_name"": ""master""}",,,,,,SLEEP_TASK,,,,UNKNOWN,carga1
sql_batch_completed,2026-09-04 05:12:50.471,77,,,SteelNort,"{""event_name"": ""sql_batch_completed"", ""timestamp"": ""2026-09-04 05:12:50.471"", ""database_name"": ""SteelNort"", ""session_id"": 77, ""command"": ""EXECUTE"", ""duration"": 146, ""cpu_time"": 90, ""logical_reads"": 0, ""writes"": 0, ""wait_type"": ""MSQL_XP""}",EXECUTE,146.0,90.0,0.0,0.0,MSQL_XP,,,,USER,carga1
logout,2026-09-04 05:12:55.496,70,,,,"{""event_name"": ""logout"", ""timestamp"": ""2026-09-04 05:12:55.496"", ""session_id"": 70}",,,,,,,,,,UNKNOWN,carga1
wait_info,2026-09-04 05:12:55.496,58,,,master,"{""event_name"": ""wait_info"", ""timestamp"": ""2026-09-04 05:12:55.496"", ""session_id"": 58, ""wait_type"": ""BROKER_TO_FLUSH"", ""database_name"": ""master""}",,,,,,BROKER_TO_FLUSH,,,,UNKNOWN,carga1
sql_batch_completed,2026-09-04 05:12:55.496,77,,,SteelNort,"{""event_name"": ""sql_batch_completed"", ""timestamp"": ""2026-09-04 05:12:55.496"", ""database_name"": ""SteelNort"", ""session_id"": 77, ""command"": ""EXECUTE"", ""duration"": 5170, ""cpu_time"": 90, ""logical_reads"": 0, ""writes"": 0, ""status"": ""completed""}",EXECUTE,5170.0,90.0,0.0,0.0,,,,completed,USER,carga1
wait_info,2026-09-04 05:13:00.524,58,,,master,"{""event_name"": ""wait_info"", ""timestamp"": ""2026-09-04 05:13:00.524"", ""session_id"": 58, ""wait_type"": ""SLEEP_TASK"", ""database_name"": ""master""}",,,,,,SLEEP_TASK,,,,UNKNOWN,carga1
wait_info,2026-09-04 05:13:05.552,58,,,master,"{""event_name"": ""wait_info"", ""timestamp"": ""2026-09-04 05:13:05.552"", ""session_id"": 58, ""wait_type"": ""BROKER_TO_FLUSH"", ""database_name"": ""master""}",,,,,,BROKER_TO_FLUSH,,,,UNKNOWN,carga1
wait_info,2026-09-04 05:13:10.579,58,,,master,"{""event_name"": ""wait_info"", ""timestamp"": ""2026-09-04 05:13:10.579"", ""session_id"": 58, ""wait_type"": ""SLEEP_TASK"", ""database_name"": ""master""}",,,,,,SLEEP_TASK,,,,UNKNOWN,carga1
sql_batch_completed,2026-09-04 05:13:10.579,67,,,SteelNort,"{""event_name"": ""sql_batch_completed"", ""timestamp"": ""2026-09-04 05:13:10.579"", ""database_name"": ""SteelNort"", ""session_id"": 67, ""command"": ""AWAITING COMMAND"", ""duration"": 8, ""cpu_time"": 0, ""logical_reads"": 0, ""writes"": 0}",AWAITING COMMAND,8.0,0.0,0.0,0.0,,,,,UNKNOWN,carga1
sql_batch_completed,2026-09-04 05:13:10.579,77,,,SteelNort,"{""event_name"": ""sql_batch_completed"", ""timestamp"": ""2026-09-04 05:13:10.579"", ""database_name"": ""SteelNort"", ""session_id"": 77, ""command"": ""EXECUTE"", ""duration"": 93, ""cpu_time"": 82, ""logical_reads"": 0, ""writes"": 0, ""wait_type"": ""MSQL_XP""}",EXECUTE,93.0,82.0,0.0,0.0,MSQL_XP,,,,USER,carga1
lock_acquired,2026-09-04 05:13:10.579,70,,,,"{""event_name"": ""lock_acquired"", ""timestamp"": ""2026-09-04 05:13:10.579"", ""session_id"": 70, ""resource_type"": ""DATABASE"", ""mode"": ""S""}",,,,,,,DATABASE,S,,UNKNOWN,carga1
wait_info,2026-09-04 05:13:15.615,58,,,master,"{""event_name"": ""wait_info"", ""timestamp"": ""2026-09-04 05:13:15.615"", ""session_id"": 58, ""wait_type"": ""BROKER_TO_FLUSH"", ""database_name"": ""master""}",,,,,,BROKER_TO_FLUSH,,,,UNKNOWN,carga1
sql_batch_completed,2026-09-04 05:13:15.615,67,,,SteelNort,"{""event_name"": ""sql_batch_completed"", ""timestamp"": ""2026-09-04 05:13:15.615"", ""database_name"": ""SteelNort"", ""session_id"": 67, ""command"": ""AWAITING COMMAND"", ""duration"": 5046, ""cpu_time"": 0, ""logical_reads"": 0, ""writes"": 0, ""status"": ""completed""}",AWAITING COMMAND,5046.0,0.0,0.0,0.0,,,,completed,UNKNOWN,carga1
sql_batch_completed,2026-09-04 05:13:15.615,77,,,SteelNort,"{""event_name"": ""sql_batch_completed"", ""timestamp"": ""2026-09-04 05:13:15.615"", ""database_name"": ""SteelNort"", ""session_id"": 77, ""command"": ""EXECUTE"", ""duration"": 5130, ""cpu_time"": 82, ""logical_reads"": 0, ""writes"": 0, ""status"": ""completed""}",EXECUTE,5130.0,82.0,0.0,0.0,,,,completed,USER,carga1
lock_released,2026-09-04 05:13:15.615,70,,,,"{""event_name"": ""lock_released"", ""timestamp"": ""2026-09-04 05:13:15.615"", ""session_id"": 70, ""resource_type"": ""DATABASE"", ""mode"": ""S""}",,,,,,,DATABASE,S,,UNKNOWN,carga1
wait_info,2026-09-04 05:13:20.643,58,,,master,"{""event_name"": ""wait_info"", ""timestamp"": ""2026-09-04 05:13:20.643"", ""session_id"": 58, ""wait_type"": ""SLEEP_TASK"", ""database_name"": ""master""}",,,,,,SLEEP_TASK,,,,UNKNOWN,carga1
lock_acquired,2026-09-04 05:13:20.643,69,,,,"{""event_name"": ""lock_acquired"", ""timestamp"": ""2026-09-04 05:13:20.643"", ""session_id"": 69, ""resource_type"": ""KEY"", ""mode"": ""S""}",,,,,,,KEY,S,,UNKNOWN,carga1
wait_info,2026-09-04 05:13:25.667,58,,,master,"{""event_name"": ""wait_info"", ""timestamp"": ""2026-09-04 05:13:25.667"", ""session_id"": 58, ""wait_type"": ""BROKER_TO_FLUSH"", ""database_name"": ""master""}",,,,,,BROKER_TO_FLUSH,,,,UNKNOWN,carga1
sql_batch_completed,2026-09-04 05:13:25.667,69,,,SteelNort,"{""event_name"": ""sql_batch_completed"", ""timestamp"": ""2026-09-04 05:13:25.667"", ""database_name"": ""SteelNort"", ""session_id"": 69, ""command"": ""AWAITING COMMAND"", ""duration"": 6, ""cpu_time"": 0, ""logical_reads"": 0, ""writes"": 0}",AWAITING COMMAND,6.0,0.0,0.0,0.0,,,,,UNKNOWN,carga1
lock_released,2026-09-04 05:13:25.667,69,,,,"{""event_name"": ""lock_released"", ""timestamp"": ""2026-09-04 05:13:25.667"", ""session_id"": 69, ""resource_type"": ""KEY"", ""mode"": ""S""}",,,,,,,KEY,S,,UNKNOWN,carga1
wait_info,2026-09-04 05:13:30.693,58,,,master,"{""event_name"": ""wait_info"", ""timestamp"": ""2026-09-04 05:13:30.693"", ""session_id"": 58, ""wait_type"": ""SLEEP_TASK"", ""database_name"": ""master""}",,,,,,SLEEP_TASK,,,,UNKNOWN,carga1
login,2026-09-04 05:13:35.721,70,NT AUTHORITY\SYSTEM,SQLServerCEIP,SteelNort,"{""event_name"": ""login"", ""timestamp"": ""2026-09-04 05:13:35.721"", ""session_id"": 70, ""login_name"": ""NT AUTHORITY\\SYSTEM"", ""program_name"": ""SQLServerCEIP"", ""database_name"": ""SteelNort""}",,,,,,,,,,UNKNOWN,carga1
wait_info,2026-09-04 05:13:35.721,58,,,master,"{""event_name"": ""wait_info"", ""timestamp"": ""2026-09-04 05:13:35.721"", ""session_id"": 58, ""wait_type"": ""BROKER_TO_FLUSH"", ""database_name"": ""master""}",,,,,,BROKER_TO_FLUSH,,,,UNKNOWN,carga1
sql_batch_completed,2026-09-04 05:13:35.721,69,,,SteelNort,"{""event_name"": ""sql_batch_completed"", ""timestamp"": ""2026-09-04 05:13:35.721"", ""database_name"": ""SteelNort"", ""session_id"": 69, ""command"": ""EXECUTE"", ""duration"": 5033, ""cpu_time"": 0, ""logical_reads"": 0, ""writes"": 0, ""status"": ""completed""}",EXECUTE,5033.0,0.0,0.0,0.0,,,,completed,USER,carga1
wait_info,2026-09-04 05:13:45.767,58,,,master,"{""event_name"": ""wait_info"", ""timestamp"": ""2026-09-04 05:13:45.767"", ""session_id"": 58, ""wait_type"": ""SLEEP_TASK"", ""database_name"": ""master""}",,,,,,SLEEP_TASK,,,,UNKNOWN,carga1
sql_batch_completed,2026-09-04 05:13:45.767,62,,,SteelNort,"{""event_name"": ""sql_batch_completed"", ""timestamp"": ""2026-09-04 05:13:45.767"", ""database_name"": ""SteelNort"", ""session_id"": 62, ""command"": ""AWAITING COMMAND"", ""duration"": 8, ""cpu_time"": 0, ""logical_reads"": 0, ""writes"": 0}",AWAITING COMMAND,8.0,0.0,0.0,0.0,,,,,UNKNOWN,carga1
wait_info,2026-09-04 05:13:50.787,58,,,master,"{""event_name"": ""wait_info"", ""timestamp"": ""2026-09-04 05:13:50.787"", ""session_id"": 58, ""wait_type"": ""BROKER_TO_FLUSH"", ""database_name"": ""master""}",,,,,,BROKER_TO_FLUSH,,,,UNKNOWN,carga1
sql_batch_completed,2026-09-04 05:13:50.787,62,,,SteelNort,"{""event_name"": ""sql_batch_completed"", ""timestamp"": ""2026-09-04 05:13:50.787"", ""database_name"": ""SteelNort"", ""session_id"": 62, ""command"": ""AWAITING COMMAND"", ""duration"": 5033, ""cpu_time"": 0, ""logical_reads"": 0, ""writes"": 0, ""status"": ""completed""}",AWAITING COMMAND,5033.0,0.0,0.0,0.0,,,,completed,UNKNOWN,carga1
logout,2026-09-04 05:13:55.814,73,,,,"{""event_name"": ""logout"", ""timestamp"": ""2026-09-04 05:13:55.814"", ""session_id"": 73}",,,,,,,,,,UNKNOWN,carga1
logout,2026-09-04 05:13:55.814,76,,,,"{""event_name"": ""logout"", ""timestamp"": ""2026-09-04 05:13:55.814"", ""session_id"": 76}",,,,,,,,,,UNKNOWN,carga1
logout,2026-09-04 05:13:55.814,71,,,,"{""event_name"": ""logout"", ""timestamp"": ""2026-09-04 05:13:55.814"", ""session_id"": 71}",,,,,,,,,,UNKNOWN,carga1
wait_info,2026-09-04 05:13:55.814,58,,,master,"{""event_name"": ""wait_info"", ""timestamp"": ""2026-09-04 05:13:55.814"", ""session_id"": 58, ""wait_type"": ""SLEEP_TASK"", ""database_name"": ""master""}",,,,,,SLEEP_TASK,,,,UNKNOWN,carga1
sql_batch_completed,2026-09-04 05:13:55.814,73,,,master,"{""event_name"": ""sql_batch_completed"", ""timestamp"": ""2026-09-04 05:13:55.814"", ""database_name"": ""master"", ""session_id"": 73, ""command"": ""TASK MANAGER"", ""duration"": 482759, ""cpu_time"": 0, ""logical_reads"": 0, ""writes"": 0, ""status"": ""completed""}",TASK MANAGER,482759.0,0.0,0.0,0.0,,,,completed,SQL_SERVER_INTERNAL,carga1
sql_batch_completed,2026-09-04 05:13:55.814,76,,,master,"{""event_name"": ""sql_batch_completed"", ""timestamp"": ""2026-09-04 05:13:55.814"", ""database_name"": ""master"", ""session_id"": 76, ""command"": ""TASK MANAGER"", ""duration"": 482760, ""cpu_time"": 0, ""logical_reads"": 0, ""writes"": 0, ""status"": ""completed""}",TASK MANAGER,482760.0,0.0,0.0,0.0,,,,completed,SQL_SERVER_INTERNAL,carga1
sql_batch_completed,2026-09-04 05:13:55.814,71,,,master,"{""event_name"": ""sql_batch_completed"", ""timestamp"": ""2026-09-04 05:13:55.814"", ""database_name"": ""master"", ""session_id"": 71, ""command"": ""TASK MANAGER"", ""duration"": 782835, ""cpu_time"": 0, ""logical_reads"": 0, ""writes"": 0, ""status"": ""completed""}",TASK MANAGER,782835.0,0.0,0.0,0.0,,,,completed,SQL_SERVER_INTERNAL,carga1
wait_info,2026-09-04 05:14:00.837,58,,,master,"{""event_name"": ""wait_info"", ""timestamp"": ""2026-09-04 05:14:00.837"", ""session_id"": 58, ""wait_type"": ""BROKER_TO_FLUSH"", ""database_name"": ""master""}",,,,,,BROKER_TO_FLUSH,,,,UNKNOWN,carga1
sql_batch_completed,2026-09-04 05:14:00.837,63,,,SteelNort,"{""event_name"": ""sql_batch_completed"", ""timestamp"": ""2026-09-04 05:14:00.837"", ""database_name"": ""SteelNort"", ""session_id"": 63, ""command"": ""CONDITIONAL"", ""duration"": 7, ""cpu_time"": 1, ""logical_reads"": 0, ""writes"": 0}",CONDITIONAL,7.0,1.0,0.0,0.0,,,,,UNKNOWN,carga1
wait_info,2026-09-04 05:14:05.861,58,,,master,"{""event_name"": ""wait_info"", ""timestamp"": ""2026-09-04 05:14:05.861"", ""session_id"": 58, ""wait_type"": ""SLEEP_TASK"", ""database_name"": ""master""}",,,,,,SLEEP_TASK,,,,UNKNOWN,carga1
sql_batch_completed,2026-09-04 05:14:05.861,63,,,SteelNort,"{""event_name"": ""sql_batch_completed"", ""timestamp"": ""2026-09-04 05:14:05.861"", ""database_name"": ""SteelNort"", ""session_id"": 63, ""command"": ""CONDITIONAL"", ""duration"": 5032, ""cpu_time"": 1, ""logical_reads"": 0, ""writes"": 0, ""status"": ""completed""}",CONDITIONAL,5032.0,1.0,0.0,0.0,,,,completed,UNKNOWN,carga1
wait_info,2026-09-04 05:14:10.889,58,,,master,"{""event_name"": ""wait_info"", ""timestamp"": ""2026-09-04 05:14:10.889"", ""session_id"": 58, ""wait_type"": ""BROKER_TO_FLUSH"", ""database_name"": ""master""}",,,,,,BROKER_TO_FLUSH,,,,UNKNOWN,carga1
login,2026-09-04 05:14:15.911,71,795ec2146175\Administrator,Microsoft SQL Server,SteelNort,"{""event_name"": ""login"", ""timestamp"": ""2026-09-04 05:14:15.911"", ""session_id"": 71, ""login_name"": ""795ec2146175\\Administrator"", ""program_name"": ""Microsoft SQL Server"", ""database_name"": ""SteelNort""}",,,,,,,,,,UNKNOWN,carga1
wait_info,2026-09-04 05:14:15.911,58,,,master,"{""event_name"": ""wait_info"", ""timestamp"": ""2026-09-04 05:14:15.911"", ""session_id"": 58, ""wait_type"": ""SLEEP_TASK"", ""database_name"": ""master""}",,,,,,SLEEP_TASK,,,,UNKNOWN,carga1
sql_batch_completed,2026-09-04 05:14:15.911,77,,,SteelNort,"{""event_name"": ""sql_batch_completed"", ""timestamp"": ""2026-09-04 05:14:15.911"", ""database_name"": ""SteelNort"", ""session_id"": 77, ""command"": ""EXECUTE"", ""duration"": 216, ""cpu_time"": 114, ""logical_reads"": 0, ""writes"": 0, ""wait_type"": ""MSQL_XP""}",EXECUTE,216.0,114.0,0.0,0.0,MSQL_XP,,,,USER,carga1
logout,2026-09-04 05:14:20.939,71,,,,"{""event_name"": ""logout"", ""timestamp"": ""2026-09-04 05:14:20.939"", ""session_id"": 71}",,,,,,,,,,UNKNOWN,carga1
wait_info,2026-09-04 05:14:20.939,58,,,master,"{""event_name"": ""wait_info"", ""timestamp"": ""2026-09-04 05:14:20.939"", ""session_id"": 58, ""wait_type"": ""BROKER_TO_FLUSH"", ""database_name"": ""master""}",,,,,,BROKER_TO_FLUSH,,,,UNKNOWN,carga1
sql_batch_completed,2026-09-04 05:14:20.939,77,,,SteelNort,"{""event_name"": ""sql_batch_completed"", ""timestamp"": ""2026-09-04 05:14:20.939"", ""database_name"": ""SteelNort"", ""session_id"": 77, ""command"": ""EXECUTE"", ""duration"": 5245, ""cpu_time"": 114, ""logical_reads"": 0, ""writes"": 0, ""status"": ""completed""}",EXECUTE,5245.0,114.0,0.0,0.0,,,,completed,USER,carga1
wait_info,2026-09-04 05:14:25.968,58,,,master,"{""event_name"": ""wait_info"", ""timestamp"": ""2026-09-04 05:14:25.968"", ""session_id"": 58, ""wait_type"": ""SLEEP_TASK"", ""database_name"": ""master""}",,,,,,SLEEP_TASK,,,,UNKNOWN,carga1
lock_acquired,2026-09-04 05:14:25.968,64,,,,"{""event_name"": ""lock_acquired"", ""timestamp"": ""2026-09-04 05:14:25.968"", ""session_id"": 64, ""resource_type"": ""OBJECT"", ""mode"": ""IS""}",,,,,,,OBJECT,IS,,UNKNOWN,carga1
sql_batch_completed,2026-09-04 05:14:30.989,64,,,SteelNort,"{""event_name"": ""sql_batch_completed"", ""timestamp"": ""2026-09-04 05:14:30.989"", ""database_name"": ""SteelNort"", ""session_id"": 64, ""command"": ""AWAITING COMMAND"", ""duration"": 3, ""cpu_time"": 0, ""logical_reads"": 0, ""writes"": 0}",AWAITING COMMAND,3.0,0.0,0.0,0.0,,,,,UNKNOWN,carga1
sql_batch_completed,2026-09-04 05:14:30.989,69,,,SteelNort,"{""event_name"": ""sql_batch_completed"", ""timestamp"": ""2026-09-04 05:14:30.989"", ""database_name"": ""SteelNort"", ""session_id"": 69, ""command"": ""EXECUTE"", ""duration"": 5, ""cpu_time"": 0, ""logical_reads"": 0, ""writes"": 0}",EXECUTE,5.0,0.0,0.0,0.0,,,,,USER,carga1
lock_released,2026-09-04 05:14:30.989,64,,,,"{""event_name"": ""lock_released"", ""timestamp"": ""2026-09-04 05:14:30.989"", ""session_id"": 64, ""resource_type"": ""OBJECT"", ""mode"": ""IS""}",,,,,,,OBJECT,IS,,UNKNOWN,carga1
wait_info,2026-09-04 05:14:36.020,58,,,master,"{""event_name"": ""wait_info"", ""timestamp"": ""2026-09-04 05:14:36.020"", ""session_id"": 58, ""wait_type"": ""BROKER_TO_FLUSH"", ""database_name"": ""master""}",,,,,,BROKER_TO_FLUSH,,,,UNKNOWN,carga1
sql_batch_completed,2026-09-04 05:14:36.020,64,,,SteelNort,"{""event_name"": ""sql_batch_completed"", ""timestamp"": ""2026-09-04 05:14:36.020"", ""database_name"": ""SteelNort"", ""session_id"": 64, ""command"": ""AWAITING COMMAND"", ""duration"": 5037, ""cpu_time"": 0, ""logical_reads"": 0, ""writes"": 0, ""status"": ""completed""}",AWAITING COMMAND,5037.0,0.0,0.0,0.0,,,,completed,UNKNOWN,carga1
sql_batch_completed,2026-09-04 05:14:36.020,69,,,SteelNort,"{""event_name"": ""sql_batch_completed"", ""timestamp"": ""2026-09-04 05:14:36.020"", ""database_name"": ""SteelNort"", ""session_id"": 69, ""command"": ""EXECUTE"", ""duration"": 5038, ""cpu_time"": 0, ""logical_reads"": 0, ""writes"": 0, ""status"": ""completed""}",EXECUTE,5038.0,0.0,0.0,0.0,,,,completed,USER,carga1
wait_info,2026-09-04 05:14:41.047,58,,,master,"{""event_name"": ""wait_info"", ""timestamp"": ""2026-09-04 05:14:41.047"", ""session_id"": 58, ""wait_type"": ""SLEEP_TASK"", ""database_name"": ""master""}",,,,,,SLEEP_TASK,,,,UNKNOWN,carga1
sql_batch_completed,2026-09-04 05:14:41.047,68,,,SteelNort,"{""event_name"": ""sql_batch_completed"", ""timestamp"": ""2026-09-04 05:14:41.047"", ""database_name"": ""SteelNort"", ""session_id"": 68, ""command"": ""INSERT"", ""duration"": 6, ""cpu_time"": 0, ""logical_reads"": 0, ""writes"": 0}",INSERT,6.0,0.0,0.0,0.0,,,,,USER,carga1
lock_acquired,2026-09-04 05:14:41.047,68,,,,"{""event_name"": ""lock_acquired"", ""timestamp"": ""2026-09-04 05:14:41.047"", ""session_id"": 68, ""resource_type"": ""PAGE"", ""mode"": ""IX""}",,,,,,,PAGE,IX,,UNKNOWN,carga1
lock_acquired,2026-09-04 05:14:41.047,68,,,,"{""event_name"": ""lock_acquired"", ""timestamp"": ""2026-09-04 05:14:41.047"", ""session_id"": 68, ""resource_type"": ""OBJECT"", ""mode"": ""IX""}",,,,,,,OBJECT,IX,,UNKNOWN,carga1
lock_acquired,2026-09-04 05:14:41.047,68,,,,"{""event_name"": ""lock_acquired"", ""timestamp"": ""2026-09-04 05:14:41.047"", ""session_id"": 68, ""resource_type"": ""RID"", ""mode"": ""X""}",,,,,,,RID,X,,UNKNOWN,carga1
lock_acquired,2026-09-04 05:14:41.047,68,,,,"{""event_name"": ""lock_acquired"", ""timestamp"": ""2026-09-04 05:14:41.047"", ""session_id"": 68, ""resource_type"": ""KEY"", ""mode"": ""X""}",,,,,,,KEY,X,,UNKNOWN,carga1
wait_info,2026-09-04 05:14:46.079,58,,,master,"{""event_name"": ""wait_info"", ""timestamp"": ""2026-09-04 05:14:46.079"", ""session_id"": 58, ""wait_type"": ""BROKER_TO_FLUSH"", ""database_name"": ""master""}",,,,,,BROKER_TO_FLUSH,,,,UNKNOWN,carga1
sql_batch_completed,2026-09-04 05:14:46.079,68,,,SteelNort,"{""event_name"": ""sql_batch_completed"", ""timestamp"": ""2026-09-04 05:14:46.079"", ""database_name"": ""SteelNort"", ""session_id"": 68, ""command"": ""INSERT"", ""duration"": 5036, ""cpu_time"": 0, ""logical_reads"": 0, ""writes"": 0, ""status"": ""completed""}",INSERT,5036.0,0.0,0.0,0.0,,,,completed,USER,carga1
lock_released,2026-09-04 05:14:46.079,68,,,,"{""event_name"": ""lock_released"", ""timestamp"": ""2026-09-04 05:14:46.079"", ""session_id"": 68, ""resource_type"": ""PAGE"", ""mode"": ""IX""}",,,,,,,PAGE,IX,,UNKNOWN,carga1
lock_released,2026-09-04 05:14:46.079,68,,,,"{""event_name"": ""lock_released"", ""timestamp"": ""2026-09-04 05:14:46.079"", ""session_id"": 68, ""resource_type"": ""OBJECT"", ""mode"": ""IX""}",,,,,,,OBJECT,IX,,UNKNOWN,carga1
lock_released,2026-09-04 05:14:46.079,68,,,,"{""event_name"": ""lock_released"", ""timestamp"": ""2026-09-04 05:14:46.079"", ""session_id"": 68, ""resource_type"": ""RID"", ""mode"": ""X""}",,,,,,,RID,X,,UNKNOWN,carga1
lock_released,2026-09-04 05:14:46.079,68,,,,"{""event_name"": ""lock_released"", ""timestamp"": ""2026-09-04 05:14:46.079"", ""session_id"": 68, ""resource_type"": ""KEY"", ""mode"": ""X""}",,,,,,,KEY,X,,UNKNOWN,carga1
wait_info,2026-09-04 05:14:51.107,58,,,master,"{""event_name"": ""wait_info"", ""timestamp"": ""2026-09-04 05:14:51.107"", ""session_id"": 58, ""wait_type"": ""SLEEP_TASK"", ""database_name"": ""master""}",,,,,,SLEEP_TASK,,,,UNKNOWN,carga1
sql_batch_completed,2026-09-04 05:14:51.107,69,,,SteelNort,"{""event_name"": ""sql_batch_completed"", ""timestamp"": ""2026-09-04 05:14:51.107"", ""database_name"": ""SteelNort"", ""session_id"": 69, ""command"": ""EXECUTE"", ""duration"": 9, ""cpu_time"": 0, ""logical_reads"": 0, ""writes"": 0}",EXECUTE,9.0,0.0,0.0,0.0,,,,,USER,carga1
wait_info,2026-09-04 05:14:56.139,58,,,master,"{""event_name"": ""wait_info"", ""timestamp"": ""2026-09-04 05:14:56.139"", ""session_id"": 58, ""wait_type"": ""BROKER_TO_FLUSH"", ""database_name"": ""master""}",,,,,,BROKER_TO_FLUSH,,,,UNKNOWN,carga1
sql_batch_completed,2026-09-04 05:14:56.139,69,,,SteelNort,"{""event_name"": ""sql_batch_completed"", ""timestamp"": ""2026-09-04 05:14:56.139"", ""database_name"": ""SteelNort"", ""session_id"": 69, ""command"": ""EXECUTE"", ""duration"": 5038, ""cpu_time"": 0, ""logical_reads"": 0, ""writes"": 0, ""status"": ""completed""}",EXECUTE,5038.0,0.0,0.0,0.0,,,,completed,USER,carga1
login,2026-09-04 05:15:01.171,71,795ec2146175\Administrator,Microsoft SQL Server,SteelNort,"{""event_name"": ""login"", ""timestamp"": ""2026-09-04 05:15:01.171"", ""session_id"": 71, ""login_name"": ""795ec2146175\\Administrator"", ""program_name"": ""Microsoft SQL Server"", ""database_name"": ""SteelNort""}",,,,,,,,,,UNKNOWN,carga1
wait_info,2026-09-04 05:15:01.171,58,,,master,"{""event_name"": ""wait_info"", ""timestamp"": ""2026-09-04 05:15:01.171"", ""session_id"": 58, ""wait_type"": ""SLEEP_TASK"", ""database_name"": ""master""}",,,,,,SLEEP_TASK,,,,UNKNOWN,carga1
sql_batch_completed,2026-09-04 05:15:01.171,64,,,SteelNort,"{""event_name"": ""sql_batch_completed"", ""timestamp"": ""2026-09-04 05:15:01.171"", ""database_name"": ""SteelNort"", ""session_id"": 64, ""command"": ""EXECUTE"", ""duration"": 6, ""cpu_time"": 0, ""logical_reads"": 0, ""writes"": 0}",EXECUTE,6.0,0.0,0.0,0.0,,,,,USER,carga1
sql_batch_completed,2026-09-04 05:15:01.171,77,,,SteelNort,"{""event_name"": ""sql_batch_completed"", ""timestamp"": ""2026-09-04 05:15:01.171"", ""database_name"": ""SteelNort"", ""session_id"": 77, ""command"": ""EXECUTE"", ""duration"": 187, ""cpu_time"": 100, ""logical_reads"": 0, ""writes"": 0, ""wait_type"": ""MSQL_XP""}",EXECUTE,187.0,100.0,0.0,0.0,MSQL_XP,,,,USER,carga1
logout,2026-09-04 05:15:06.196,71,,,,"{""event_name"": ""logout"", ""timestamp"": ""2026-09-04 05:15:06.196"", ""session_id"": 71}",,,,,,,,,,UNKNOWN,carga1
wait_info,2026-09-04 05:15:06.196,58,,,master,"{""event_name"": ""wait_info"", ""timestamp"": ""2026-09-04 05:15:06.196"", ""session_id"": 58, ""wait_type"": ""BROKER_TO_FLUSH"", ""database_name"": ""master""}",,,,,,BROKER_TO_FLUSH,,,,UNKNOWN,carga1
sql_batch_completed,2026-09-04 05:15:06.196,64,,,SteelNort,"{""event_name"": ""sql_batch_completed"", ""timestamp"": ""2026-09-04 05:15:06.196"", ""database_name"": ""SteelNort"", ""session_id"": 64, ""command"": ""EXECUTE"", ""duration"": 5027, ""cpu_time"": 0, ""logical_reads"": 0, ""writes"": 0, ""status"": ""completed""}",EXECUTE,5027.0,0.0,0.0,0.0,,,,completed,USER,carga1
sql_batch_completed,2026-09-04 05:15:06.196,77,,,SteelNort,"{""event_name"": ""sql_batch_completed"", ""timestamp"": ""2026-09-04 05:15:06.196"", ""database_name"": ""SteelNort"", ""session_id"": 77, ""command"": ""EXECUTE"", ""duration"": 5208, ""cpu_time"": 100, ""logical_reads"": 0, ""writes"": 0, ""status"": ""completed""}",EXECUTE,5208.0,100.0,0.0,0.0,,,,completed,USER,carga1
wait_info,2026-09-04 05:15:11.215,58,,,master,"{""event_name"": ""wait_info"", ""timestamp"": ""2026-09-04 05:15:11.215"", ""session_id"": 58, ""wait_type"": ""SLEEP_TASK"", ""database_name"": ""master""}",,,,,,SLEEP_TASK,,,,UNKNOWN,carga1
wait_info,2026-09-04 05:15:16.239,58,,,master,"{""event_name"": ""wait_info"", ""timestamp"": ""2026-09-04 05:15:16.239"", ""session_id"": 58, ""wait_type"": ""BROKER_TO_FLUSH"", ""database_name"": ""master""}",,,,,,BROKER_TO_FLUSH,,,,UNKNOWN,carga1
wait_info,2026-09-04 05:15:21.260,58,,,master,"{""event_name"": ""wait_info"", ""timestamp"": ""2026-09-04 05:15:21.260"", ""session_id"": 58, ""wait_type"": ""SLEEP_TASK"", ""database_name"": ""master""}",,,,,,SLEEP_TASK,,,,UNKNOWN,carga1
lock_acquired,2026-09-04 05:15:21.260,62,,,,"{""event_name"": ""lock_acquired"", ""timestamp"": ""2026-09-04 05:15:21.260"", ""session_id"": 62, ""resource_type"": ""OBJECT"", ""mode"": ""IX""}",,,,,,,OBJECT,IX,,UNKNOWN,carga1
lock_acquired,2026-09-04 05:15:21.260,62,,,,"{""event_name"": ""lock_acquired"", ""timestamp"": ""2026-09-04 05:15:21.260"", ""session_id"": 62, ""resource_type"": ""RID"", ""mode"": ""X""}",,,,,,,RID,X,,UNKNOWN,carga1
lock_acquired,2026-09-04 05:15:21.260,62,,,,"{""event_name"": ""lock_acquired"", ""timestamp"": ""2026-09-04 05:15:21.260"", ""session_id"": 62, ""resource_type"": ""KEY"", ""mode"": ""X""}",,,,,,,KEY,X,,UNKNOWN,carga1
lock_acquired,2026-09-04 05:15:21.260,62,,,,"{""event_name"": ""lock_acquired"", ""timestamp"": ""2026-09-04 05:15:21.260"", ""session_id"": 62, ""resource_type"": ""PAGE"", ""mode"": ""IX""}",,,,,,,PAGE,IX,,UNKNOWN,carga1
sql_batch_completed,2026-09-04 05:15:26.284,62,,,SteelNort,"{""event_name"": ""sql_batch_completed"", ""timestamp"": ""2026-09-04 05:15:26.284"", ""database_name"": ""SteelNort"", ""session_id"": 62, ""command"": ""EXECUTE"", ""duration"": 3, ""cpu_time"": 0, ""logical_reads"": 0, ""writes"": 0}",EXECUTE,3.0,0.0,0.0,0.0,,,,,USER,carga1
sql_batch_completed,2026-09-04 05:15:26.284,63,,,SteelNort,"{""event_name"": ""sql_batch_completed"", ""timestamp"": ""2026-09-04 05:15:26.284"", ""database_name"": ""SteelNort"", ""session_id"": 63, ""command"": ""AWAITING COMMAND"", ""duration"": 5, ""cpu_time"": 0, ""logical_reads"": 0, ""writes"": 0}",AWAITING COMMAND,5.0,0.0,0.0,0.0,,,,,UNKNOWN,carga1
lock_released,2026-09-04 05:15:26.284,62,,,,"{""event_name"": ""lock_released"", ""timestamp"": ""2026-09-04 05:15:26.284"", ""session_id"": 62, ""resource_type"": ""OBJECT"", ""mode"": ""IX""}",,,,,,,OBJECT,IX,,UNKNOWN,carga1
lock_released,2026-09-04 05:15:26.284,62,,,,"{""event_name"": ""lock_released"", ""timestamp"": ""2026-09-04 05:15:26.284"", ""session_id"": 62, ""resource_type"": ""RID"", ""mode"": ""X""}",,,,,,,RID,X,,UNKNOWN,carga1
lock_released,2026-09-04 05:15:26.284,62,,,,"{""event_name"": ""lock_released"", ""timestamp"": ""2026-09-04 05:15:26.284"", ""session_id"": 62, ""resource_type"": ""KEY"", ""mode"": ""X""}",,,,,,,KEY,X,,UNKNOWN,carga1
lock_released,2026-09-04 05:15:26.284,62,,,,"{""event_name"": ""lock_released"", ""timestamp"": ""2026-09-04 05:15:26.284"", ""session_id"": 62, ""resource_type"": ""PAGE"", ""mode"": ""IX""}",,,,,,,PAGE,IX,,UNKNOWN,carga1
wait_info,2026-09-04 05:15:31.312,58,,,master,"{""event_name"": ""wait_info"", ""timestamp"": ""2026-09-04 05:15:31.312"", ""session_id"": 58, ""wait_type"": ""BROKER_TO_FLUSH"", ""database_name"": ""master""}",,,,,,BROKER_TO_FLUSH,,,,UNKNOWN,carga1
sql_batch_completed,2026-09-04 05:15:31.312,62,,,SteelNort,"{""event_name"": ""sql_batch_completed"", ""timestamp"": ""2026-09-04 05:15:31.312"", ""database_name"": ""SteelNort"", ""session_id"": 62, ""command"": ""EXECUTE"", ""duration"": 5032, ""cpu_time"": 0, ""logical_reads"": 0, ""writes"": 0, ""status"": ""completed""}",EXECUTE,5032.0,0.0,0.0,0.0,,,,completed,USER,carga1
sql_batch_completed,2026-09-04 05:15:31.312,63,,,SteelNort,"{""event_name"": ""sql_batch_completed"", ""timestamp"": ""2026-09-04 05:15:31.312"", ""database_name"": ""SteelNort"", ""session_id"": 63, ""command"": ""AWAITING COMMAND"", ""duration"": 5033, ""cpu_time"": 0, ""logical_reads"": 0, ""writes"": 0, ""status"": ""completed""}",AWAITING COMMAND,5033.0,0.0,0.0,0.0,,,,completed,UNKNOWN,carga1
wait_info,2026-09-04 05:15:36.339,58,,,master,"{""event_name"": ""wait_info"", ""timestamp"": ""2026-09-04 05:15:36.339"", ""session_id"": 58, ""wait_type"": ""SLEEP_TASK"", ""database_name"": ""master""}",,,,,,SLEEP_TASK,,,,UNKNOWN,carga1
sql_batch_completed,2026-09-04 05:15:36.339,67,,,SteelNort,"{""event_name"": ""sql_batch_completed"", ""timestamp"": ""2026-09-04 05:15:36.339"", ""database_name"": ""SteelNort"", ""session_id"": 67, ""command"": ""EXECUTE"", ""duration"": 4, ""cpu_time"": 0, ""logical_reads"": 0, ""writes"": 0}",EXECUTE,4.0,0.0,0.0,0.0,,,,,USER,carga1
wait_info,2026-09-04 05:15:41.364,58,,,master,"{""event_name"": ""wait_info"", ""timestamp"": ""2026-09-04 05:15:41.364"", ""session_id"": 58, ""wait_type"": ""BROKER_TO_FLUSH"", ""database_name"": ""master""}",,,,,,BROKER_TO_FLUSH,,,,UNKNOWN,carga1
sql_batch_completed,2026-09-04 05:15:41.364,67,,,SteelNort,"{""event_name"": ""sql_batch_completed"", ""timestamp"": ""2026-09-04 05:15:41.364"", ""database_name"": ""SteelNort"", ""session_id"": 67, ""command"": ""EXECUTE"", ""duration"": 5029, ""cpu_time"": 0, ""logical_reads"": 0, ""writes"": 0, ""status"": ""completed""}",EXECUTE,5029.0,0.0,0.0,0.0,,,,completed,USER,carga1
login,2026-09-04 05:15:46.386,71,795ec2146175\Administrator,Microsoft SQL Server,SteelNort,"{""event_name"": ""login"", ""timestamp"": ""2026-09-04 05:15:46.386"", ""session_id"": 71, ""login_name"": ""795ec2146175\\Administrator"", ""program_name"": ""Microsoft SQL Server"", ""database_name"": ""SteelNort""}",,,,,,,,,,UNKNOWN,carga1
wait_info,2026-09-04 05:15:46.386,58,,,master,"{""event_name"": ""wait_info"", ""timestamp"": ""2026-09-04 05:15:46.386"", ""session_id"": 58, ""wait_type"": ""SLEEP_TASK"", ""database_name"": ""master""}",,,,,,SLEEP_TASK,,,,UNKNOWN,carga1
sql_batch_completed,2026-09-04 05:15:46.386,77,,,SteelNort,"{""event_name"": ""sql_batch_completed"", ""timestamp"": ""2026-09-04 05:15:46.386"", ""database_name"": ""SteelNort"", ""session_id"": 77, ""command"": ""EXECUTE"", ""duration"": 197, ""cpu_time"": 103, ""logical_reads"": 0, ""writes"": 0, ""wait_type"": ""MSQL_XP""}",EXECUTE,197.0,103.0,0.0,0.0,MSQL_XP,,,,USER,carga1
logout,2026-09-04 05:15:51.408,71,,,,"{""event_name"": ""logout"", ""timestamp"": ""2026-09-04 05:15:51.408"", ""session_id"": 71}",,,,,,,,,,UNKNOWN,carga1
wait_info,2026-09-04 05:15:51.408,58,,,master,"{""event_name"": ""wait_info"", ""timestamp"": ""2026-09-04 05:15:51.408"", ""session_id"": 58, ""wait_type"": ""BROKER_TO_FLUSH"", ""database_name"": ""master""}",,,,,,BROKER_TO_FLUSH,,,,UNKNOWN,carga1
sql_batch_completed,2026-09-04 05:15:51.408,77,,,SteelNort,"{""event_name"": ""sql_batch_completed"", ""timestamp"": ""2026-09-04 05:15:51.408"", ""database_name"": ""SteelNort"", ""session_id"": 77, ""command"": ""EXECUTE"", ""duration"": 5225, ""cpu_time"": 103, ""logical_reads"": 0, ""writes"": 0, ""status"": ""completed""}",EXECUTE,5225.0,103.0,0.0,0.0,,,,completed,USER,carga1
login,2026-09-04 05:15:56.437,72,sa,unknown,SteelNort,"{""event_name"": ""login"", ""timestamp"": ""2026-09-04 05:15:56.437"", ""session_id"": 72, ""login_name"": ""sa"", ""program_name"": ""unknown"", ""database_name"": ""SteelNort""}",,,,,,,,,,UNKNOWN,carga1
login,2026-09-04 05:15:56.437,73,sa,unknown,SteelNort,"{""event_name"": ""login"", ""timestamp"": ""2026-09-04 05:15:56.437"", ""session_id"": 73, ""login_name"": ""sa"", ""program_name"": ""unknown"", ""database_name"": ""SteelNort""}",,,,,,,,,,UNKNOWN,carga1
wait_info,2026-09-04 05:15:56.437,58,,,master,"{""event_name"": ""wait_info"", ""timestamp"": ""2026-09-04 05:15:56.437"", ""session_id"": 58, ""wait_type"": ""SLEEP_TASK"", ""database_name"": ""master""}",,,,,,SLEEP_TASK,,,,UNKNOWN,carga1
sql_batch_completed,2026-09-04 05:15:56.437,72,,,master,"{""event_name"": ""sql_batch_completed"", ""timestamp"": ""2026-09-04 05:15:56.437"", ""database_name"": ""master"", ""session_id"": 72, ""command"": ""TASK MANAGER"", ""duration"": 3257, ""cpu_time"": 0, ""logical_reads"": 0, ""writes"": 0}",TASK MANAGER,3257.0,0.0,0.0,0.0,,,,,SQL_SERVER_INTERNAL,carga1
sql_batch_completed,2026-09-04 05:15:56.437,73,,,master,"{""event_name"": ""sql_batch_completed"", ""timestamp"": ""2026-09-04 05:15:56.437"", ""database_name"": ""master"", ""session_id"": 73, ""command"": ""TASK MANAGER"", ""duration"": 3258, ""cpu_time"": 0, ""logical_reads"": 0, ""writes"": 0}",TASK MANAGER,3258.0,0.0,0.0,0.0,,,,,SQL_SERVER_INTERNAL,carga1
wait_info,2026-09-04 05:16:01.463,58,,,master,"{""event_name"": ""wait_info"", ""timestamp"": ""2026-09-04 05:16:01.463"", ""session_id"": 58, ""wait_type"": ""BROKER_TO_FLUSH"", ""database_name"": ""master""}",,,,,,BROKER_TO_FLUSH,,,,UNKNOWN,carga1
sql_batch_completed,2026-09-04 05:16:01.463,62,,,SteelNort,"{""event_name"": ""sql_batch_completed"", ""timestamp"": ""2026-09-04 05:16:01.463"", ""database_name"": ""SteelNort"", ""session_id"": 62, ""command"": ""EXECUTE"", ""duration"": 7, ""cpu_time"": 0, ""logical_reads"": 0, ""writes"": 0}",EXECUTE,7.0,0.0,0.0,0.0,,,,,USER,carga1
lock_acquired,2026-09-04 05:16:01.463,60,,,,"{""event_name"": ""lock_acquired"", ""timestamp"": ""2026-09-04 05:16:01.463"", ""session_id"": 60, ""resource_type"": ""KEY"", ""mode"": ""S""}",,,,,,,KEY,S,,UNKNOWN,carga1
lock_acquired,2026-09-04 05:16:01.463,60,,,,"{""event_name"": ""lock_acquired"", ""timestamp"": ""2026-09-04 05:16:01.463"", ""session_id"": 60, ""resource_type"": ""PAGE"", ""mode"": ""IS""}",,,,,,,PAGE,IS,,UNKNOWN,carga1
lock_acquired,2026-09-04 05:16:01.463,60,,,,"{""event_name"": ""lock_acquired"", ""timestamp"": ""2026-09-04 05:16:01.463"", ""session_id"": 60, ""resource_type"": ""OBJECT"", ""mode"": ""IS""}",,,,,,,OBJECT,IS,,UNKNOWN,carga1
wait_info,2026-09-04 05:16:06.497,58,,,master,"{""event_name"": ""wait_info"", ""timestamp"": ""2026-09-04 05:16:06.497"", ""session_id"": 58, ""wait_type"": ""SLEEP_TASK"", ""database_name"": ""master""}",,,,,,SLEEP_TASK,,,,UNKNOWN,carga1
sql_batch_completed,2026-09-04 05:16:06.497,62,,,SteelNort,"{""event_name"": ""sql_batch_completed"", ""timestamp"": ""2026-09-04 05:16:06.497"", ""database_name"": ""SteelNort"", ""session_id"": 62, ""command"": ""EXECUTE"", ""duration"": 5039, ""cpu_time"": 0, ""logical_reads"": 0, ""writes"": 0, ""status"": ""completed""}",EXECUTE,5039.0,0.0,0.0,0.0,,,,completed,USER,carga1
lock_released,2026-09-04 05:16:06.497,60,,,,"{""event_name"": ""lock_released"", ""timestamp"": ""2026-09-04 05:16:06.497"", ""session_id"": 60, ""resource_type"": ""KEY"", ""mode"": ""S""}",,,,,,,KEY,S,,UNKNOWN,carga1
lock_released,2026-09-04 05:16:06.497,60,,,,"{""event_name"": ""lock_released"", ""timestamp"": ""2026-09-04 05:16:06.497"", ""session_id"": 60, ""resource_type"": ""PAGE"", ""mode"": ""IS""}",,,,,,,PAGE,IS,,UNKNOWN,carga1
lock_released,2026-09-04 05:16:06.497,60,,,,"{""event_name"": ""lock_released"", ""timestamp"": ""2026-09-04 05:16:06.497"", ""session_id"": 60, ""resource_type"": ""OBJECT"", ""mode"": ""IS""}",,,,,,,OBJECT,IS,,UNKNOWN,carga1
wait_info,2026-09-04 05:16:11.528,58,,,master,"{""event_name"": ""wait_info"", ""timestamp"": ""2026-09-04 05:16:11.528"", ""session_id"": 58, ""wait_type"": ""BROKER_TO_FLUSH"", ""database_name"": ""master""}",,,,,,BROKER_TO_FLUSH,,,,UNKNOWN,carga1
wait_info,2026-09-04 05:16:21.582,58,,,master,"{""event_name"": ""wait_info"", ""timestamp"": ""2026-09-04 05:16:21.582"", ""session_id"": 58, ""wait_type"": ""SLEEP_TASK"", ""database_name"": ""master""}",,,,,,SLEEP_TASK,,,,UNKNOWN,carga1
wait_info,2026-09-04 05:16:26.614,58,,,master,"{""event_name"": ""wait_info"", ""timestamp"": ""2026-09-04 05:16:26.614"", ""session_id"": 58, ""wait_type"": ""BROKER_TO_FLUSH"", ""database_name"": ""master""}",,,,,,BROKER_TO_FLUSH,,,,UNKNOWN,carga1
login,2026-09-04 05:16:31.639,71,795ec2146175\Administrator,Microsoft SQL Server,SteelNort,"{""event_name"": ""login"", ""timestamp"": ""2026-09-04 05:16:31.639"", ""session_id"": 71, ""login_name"": ""795ec2146175\\Administrator"", ""program_name"": ""Microsoft SQL Server"", ""database_name"": ""SteelNort""}",,,,,,,,,,UNKNOWN,carga1
wait_info,2026-09-04 05:16:31.639,58,,,master,"{""event_name"": ""wait_info"", ""timestamp"": ""2026-09-04 05:16:31.639"", ""session_id"": 58, ""wait_type"": ""SLEEP_TASK"", ""database_name"": ""master""}",,,,,,SLEEP_TASK,,,,UNKNOWN,carga1
sql_batch_completed,2026-09-04 05:16:31.639,77,,,SteelNort,"{""event_name"": ""sql_batch_completed"", ""timestamp"": ""2026-09-04 05:16:31.639"", ""database_name"": ""SteelNort"", ""session_id"": 77, ""command"": ""EXECUTE"", ""duration"": 180, ""cpu_time"": 169, ""logical_reads"": 0, ""writes"": 0, ""wait_type"": ""MSQL_XP""}",EXECUTE,180.0,169.0,0.0,0.0,MSQL_XP,,,,USER,carga1
logout,2026-09-04 05:16:36.675,71,,,,"{""event_name"": ""logout"", ""timestamp"": ""2026-09-04 05:16:36.675"", ""session_id"": 71}",,,,,,,,,,UNKNOWN,carga1
wait_info,2026-09-04 05:16:36.675,58,,,master,"{""event_name"": ""wait_info"", ""timestamp"": ""2026-09-04 05:16:36.675"", ""session_id"": 58, ""wait_type"": ""BROKER_TO_FLUSH"", ""database_name"": ""master""}",,,,,,BROKER_TO_FLUSH,,,,UNKNOWN,carga1
sql_batch_completed,2026-09-04 05:16:36.675,77,,,SteelNort,"{""event_name"": ""sql_batch_completed"", ""timestamp"": ""2026-09-04 05:16:36.675"", ""database_name"": ""SteelNort"", ""session_id"": 77, ""command"": ""EXECUTE"", ""duration"": 5213, ""cpu_time"": 169, ""logical_reads"": 0, ""writes"": 0, ""status"": ""completed""}",EXECUTE,5213.0,169.0,0.0,0.0,,,,completed,USER,carga1
wait_info,2026-09-04 05:16:41.696,58,,,master,"{""event_name"": ""wait_info"", ""timestamp"": ""2026-09-04 05:16:41.696"", ""session_id"": 58, ""wait_type"": ""SLEEP_TASK"", ""database_name"": ""master""}",,,,,,SLEEP_TASK,,,,UNKNOWN,carga1
wait_info,2026-09-04 05:16:46.717,58,,,master,"{""event_name"": ""wait_info"", ""timestamp"": ""2026-09-04 05:16:46.717"", ""session_id"": 58, ""wait_type"": ""BROKER_TO_FLUSH"", ""database_name"": ""master""}",,,,,,BROKER_TO_FLUSH,,,,UNKNOWN,carga1
wait_info,2026-09-04 05:16:51.736,58,,,master,"{""event_name"": ""wait_info"", ""timestamp"": ""2026-09-04 05:16:51.736"", ""session_id"": 58, ""wait_type"": ""SLEEP_TASK"", ""database_name"": ""master""}",,,,,,SLEEP_TASK,,,,UNKNOWN,carga1
sql_batch_completed,2026-09-04 05:16:51.736,62,,,SteelNort,"{""event_name"": ""sql_batch_completed"", ""timestamp"": ""2026-09-04 05:16:51.736"", ""database_name"": ""SteelNort"", ""session_id"": 62, ""command"": ""AWAITING COMMAND"", ""duration"": 7, ""cpu_time"": 0, ""logical_reads"": 0, ""writes"": 0}",AWAITING COMMAND,7.0,0.0,0.0,0.0,,,,,UNKNOWN,carga1
sql_batch_completed,2026-09-04 05:16:56.774,52,,,SteelNort,"{""event_name"": ""sql_batch_completed"", ""timestamp"": ""2026-09-04 05:16:56.774"", ""database_name"": ""SteelNort"", ""session_id"": 52, ""command"": ""EXECUTE"", ""duration"": 4, ""cpu_time"": 0, ""logical_reads"": 0, ""writes"": 0}",EXECUTE,4.0,0.0,0.0,0.0,,,,,USER,carga1
wait_info,2026-09-04 05:16:56.774,58,,,master,"{""event_name"": ""wait_info"", ""timestamp"": ""2026-09-04 05:16:56.774"", ""session_id"": 58, ""wait_type"": ""BROKER_TO_FLUSH"", ""database_name"": ""master""}",,,,,,BROKER_TO_FLUSH,,,,UNKNOWN,carga1
sql_batch_completed,2026-09-04 05:16:56.774,62,,,SteelNort,"{""event_name"": ""sql_batch_completed"", ""timestamp"": ""2026-09-04 05:16:56.774"", ""database_name"": ""SteelNort"", ""session_id"": 62, ""command"": ""AWAITING COMMAND"", ""duration"": 5044, ""cpu_time"": 0, ""logical_reads"": 0, ""writes"": 0, ""status"": ""completed""}",AWAITING COMMAND,5044.0,0.0,0.0,0.0,,,,completed,UNKNOWN,carga1
wait_info,2026-09-04 05:17:01.798,58,,,master,"{""event_name"": ""wait_info"", ""timestamp"": ""2026-09-04 05:17:01.798"", ""session_id"": 58, ""wait_type"": ""SLEEP_TASK"", ""database_name"": ""master""}",,,,,,SLEEP_TASK,,,,UNKNOWN,carga1
sql_batch_completed,2026-09-04 05:17:01.798,52,,,SteelNort,"{""event_name"": ""sql_batch_completed"", ""timestamp"": ""2026-09-04 05:17:01.798"", ""database_name"": ""SteelNort"", ""session_id"": 52, ""command"": ""EXECUTE"", ""duration"": 5038, ""cpu_time"": 0, ""logical_reads"": 0, ""writes"": 0, ""status"": ""completed""}",EXECUTE,5038.0,0.0,0.0,0.0,,,,completed,USER,carga1
wait_info,2026-09-04 05:17:06.829,58,,,master,"{""event_name"": ""wait_info"", ""timestamp"": ""2026-09-04 05:17:06.829"", ""session_id"": 58, ""wait_type"": ""BROKER_TO_FLUSH"", ""database_name"": ""master""}",,,,,,BROKER_TO_FLUSH,,,,UNKNOWN,carga1
sql_batch_completed,2026-09-04 05:17:06.829,66,,,SteelNort,"{""event_name"": ""sql_batch_completed"", ""timestamp"": ""2026-09-04 05:17:06.829"", ""database_name"": ""SteelNort"", ""session_id"": 66, ""command"": ""AWAITING COMMAND"", ""duration"": 5, ""cpu_time"": 0, ""logical_reads"": 0, ""writes"": 0}",AWAITING COMMAND,5.0,0.0,0.0,0.0,,,,,UNKNOWN,carga1
login,2026-09-04 05:39:55.290,64,sa,Microsoft JDBC Driver for SQL Server,SteelNort,"{""event_name"": ""login"", ""timestamp"": ""2026-09-04 05:39:55.290"", ""session_id"": 64, ""login_name"": ""sa"", ""program_name"": ""Microsoft JDBC Driver for SQL Server"", ""database_name"": ""SteelNort""}",,,,,,,,,,UNKNOWN,carga2
login,2026-09-04 05:39:55.290,65,sa,Microsoft JDBC Driver for SQL Server,SteelNort,"{""event_name"": ""login"", ""timestamp"": ""2026-09-04 05:39:55.290"", ""session_id"": 65, ""login_name"": ""sa"", ""program_name"": ""Microsoft JDBC Driver for SQL Server"", ""database_name"": ""SteelNort""}",,,,,,,,,,UNKNOWN,carga2
login,2026-09-04 05:39:55.290,66,sa,Microsoft JDBC Driver for SQL Server,SteelNort,"{""event_name"": ""login"", ""timestamp"": ""2026-09-04 05:39:55.290"", ""session_id"": 66, ""login_name"": ""sa"", ""program_name"": ""Microsoft JDBC Driver for SQL Server"", ""database_name"": ""SteelNort""}",,,,,,,,,,UNKNOWN,carga2
login,2026-09-04 05:39:55.290,67,sa,Microsoft JDBC Driver for SQL Server,SteelNort,"{""event_name"": ""login"", ""timestamp"": ""2026-09-04 05:39:55.290"", ""session_id"": 67, ""login_name"": ""sa"", ""program_name"": ""Microsoft JDBC Driver for SQL Server"", ""database_name"": ""SteelNort""}",,,,,,,,,,UNKNOWN,carga2
login,2026-09-04 05:39:55.290,68,sa,Microsoft JDBC Driver for SQL Server,SteelNort,"{""event_name"": ""login"", ""timestamp"": ""2026-09-04 05:39:55.290"", ""session_id"": 68, ""login_name"": ""sa"", ""program_name"": ""Microsoft JDBC Driver for SQL Server"", ""database_name"": ""SteelNort""}",,,,,,,,,,UNKNOWN,carga2
login,2026-09-04 05:39:55.290,69,sa,Microsoft JDBC Driver for SQL Server,SteelNort,"{""event_name"": ""login"", ""timestamp"": ""2026-09-04 05:39:55.290"", ""session_id"": 69, ""login_name"": ""sa"", ""program_name"": ""Microsoft JDBC Driver for SQL Server"", ""database_name"": ""SteelNort""}",,,,,,,,,,UNKNOWN,carga2
login,2026-09-04 05:39:55.290,70,sa,Microsoft JDBC Driver for SQL Server,SteelNort,"{""event_name"": ""login"", ""timestamp"": ""2026-09-04 05:39:55.290"", ""session_id"": 70, ""login_name"": ""sa"", ""program_name"": ""Microsoft JDBC Driver for SQL Server"", ""database_name"": ""SteelNort""}",,,,,,,,,,UNKNOWN,carga2
login,2026-09-04 05:39:55.290,71,sa,python3.11,SteelNort,"{""event_name"": ""login"", ""timestamp"": ""2026-09-04 05:39:55.290"", ""session_id"": 71, ""login_name"": ""sa"", ""program_name"": ""python3.11"", ""database_name"": ""SteelNort""}",,,,,,,,,,UNKNOWN,carga2
login,2026-09-04 05:39:55.290,72,sa,python3.11,SteelNort,"{""event_name"": ""login"", ""timestamp"": ""2026-09-04 05:39:55.290"", ""session_id"": 72, ""login_name"": ""sa"", ""program_name"": ""python3.11"", ""database_name"": ""SteelNort""}",,,,,,,,,,UNKNOWN,carga2
login,2026-09-04 05:39:55.290,73,sa,python3.11,SteelNort,"{""event_name"": ""login"", ""timestamp"": ""2026-09-04 05:39:55.290"", ""session_id"": 73, ""login_name"": ""sa"", ""program_name"": ""python3.11"", ""database_name"": ""SteelNort""}",,,,,,,,,,UNKNOWN,carga2
login,2026-09-04 05:39:55.290,51,sa,unknown,SteelNort,"{""event_name"": ""login"", ""timestamp"": ""2026-09-04 05:39:55.290"", ""session_id"": 51, ""login_name"": ""sa"", ""program_name"": ""unknown"", ""database_name"": ""SteelNort""}",,,,,,,,,,UNKNOWN,carga2
login,2026-09-04 05:39:55.290,52,sa,unknown,SteelNort,"{""event_name"": ""login"", ""timestamp"": ""2026-09-04 05:39:55.290"", ""session_id"": 52, ""login_name"": ""sa"", ""program_name"": ""unknown"", ""database_name"": ""SteelNort""}",,,,,,,,,,UNKNOWN,carga2
login,2026-09-04 05:39:55.290,53,sa,unknown,SteelNort,"{""event_name"": ""login"", ""timestamp"": ""2026-09-04 05:39:55.290"", ""session_id"": 53, ""login_name"": ""sa"", ""program_name"": ""unknown"", ""database_name"": ""SteelNort""}",,,,,,,,,,UNKNOWN,carga2
login,2026-09-04 05:39:55.290,54,sa,unknown,SteelNort,"{""event_name"": ""login"", ""timestamp"": ""2026-09-04 05:39:55.290"", ""session_id"": 54, ""login_name"": ""sa"", ""program_name"": ""unknown"", ""database_name"": ""SteelNort""}",,,,,,,,,,UNKNOWN,carga2
login,2026-09-04 05:39:55.290,55,sa,unknown,SteelNort,"{""event_name"": ""login"", ""timestamp"": ""2026-09-04 05:39:55.290"", ""session_id"": 55, ""login_name"": ""sa"", ""program_name"": ""unknown"", ""database_name"": ""SteelNort""}",,,,,,,,,,UNKNOWN,carga2
login,2026-09-04 05:39:55.290,56,sa,unknown,SteelNort,"{""event_name"": ""login"", ""timestamp"": ""2026-09-04 05:39:55.290"", ""session_id"": 56, ""login_name"": ""sa"", ""program_name"": ""unknown"", ""database_name"": ""SteelNort""}",,,,,,,,,,UNKNOWN,carga2
login,2026-09-04 05:39:55.290,57,sa,unknown,SteelNort,"{""event_name"": ""login"", ""timestamp"": ""2026-09-04 05:39:55.290"", ""session_id"": 57, ""login_name"": ""sa"", ""program_name"": ""unknown"", ""database_name"": ""SteelNort""}",,,,,,,,,,UNKNOWN,carga2
login,2026-09-04 05:39:55.290,58,sa,unknown,SteelNort,"{""event_name"": ""login"", ""timestamp"": ""2026-09-04 05:39:55.290"", ""session_id"": 58, ""login_name"": ""sa"", ""program_name"": ""unknown"", ""database_name"": ""SteelNort""}",,,,,,,,,,UNKNOWN,carga2
login,2026-09-04 05:39:55.290,59,sa,unknown,SteelNort,"{""event_name"": ""login"", ""timestamp"": ""2026-09-04 05:39:55.290"", ""session_id"": 59, ""login_name"": ""sa"", ""program_name"": ""unknown"", ""database_name"": ""SteelNort""}",,,,,,,,,,UNKNOWN,carga2
login,2026-09-04 05:39:55.290,60,sa,Microsoft JDBC Driver for SQL Server,SteelNort,"{""event_name"": ""login"", ""timestamp"": ""2026-09-04 05:39:55.290"", ""session_id"": 60, ""login_name"": ""sa"", ""program_name"": ""Microsoft JDBC Driver for SQL Server"", ""database_name"": ""SteelNort""}",,,,,,,,,,UNKNOWN,carga2
login,2026-09-04 05:39:55.290,61,sa,unknown,SteelNort,"{""event_name"": ""login"", ""timestamp"": ""2026-09-04 05:39:55.290"", ""session_id"": 61, ""login_name"": ""sa"", ""program_name"": ""unknown"", ""database_name"": ""SteelNort""}",,,,,,,,,,UNKNOWN,carga2
login,2026-09-04 05:39:55.290,62,sa,Microsoft JDBC Driver for SQL Server,SteelNort,"{""event_name"": ""login"", ""timestamp"": ""2026-09-04 05:39:55.290"", ""session_id"": 62, ""login_name"": ""sa"", ""program_name"": ""Microsoft JDBC Driver for SQL Server"", ""database_name"": ""SteelNort""}",,,,,,,,,,UNKNOWN,carga2
login,2026-09-04 05:39:55.290,63,sa,Microsoft JDBC Driver for SQL Server,SteelNort,"{""event_name"": ""login"", ""timestamp"": ""2026-09-04 05:39:55.290"", ""session_id"": 63, ""login_name"": ""sa"", ""program_name"": ""Microsoft JDBC Driver for SQL Server"", ""database_name"": ""SteelNort""}",,,,,,,,,,UNKNOWN,carga2
sql_batch_completed,2026-09-04 05:39:55.290,51,,,master,"{""event_name"": ""sql_batch_completed"", ""timestamp"": ""2026-09-04 05:39:55.290"", ""database_name"": ""master"", ""session_id"": 51, ""command"": ""TASK MANAGER"", ""duration"": 34662, ""cpu_time"": 0, ""logical_reads"": 0, ""writes"": 0}",TASK MANAGER,34662.0,0.0,0.0,0.0,,,,,SQL_SERVER_INTERNAL,carga2
sql_batch_completed,2026-09-04 05:39:55.290,52,,,master,"{""event_name"": ""sql_batch_completed"", ""timestamp"": ""2026-09-04 05:39:55.290"", ""database_name"": ""master"", ""session_id"": 52, ""command"": ""TASK MANAGER"", ""duration"": 34657, ""cpu_time"": 0, ""logical_reads"": 0, ""writes"": 0}",TASK MANAGER,34657.0,0.0,0.0,0.0,,,,,SQL_SERVER_INTERNAL,carga2
sql_batch_completed,2026-09-04 05:39:55.290,53,,,master,"{""event_name"": ""sql_batch_completed"", ""timestamp"": ""2026-09-04 05:39:55.290"", ""database_name"": ""master"", ""session_id"": 53, ""command"": ""TRACE QUEUE TASK"", ""duration"": 34493, ""cpu_time"": 0, ""logical_reads"": 0, ""writes"": 0, ""wait_type"": ""SQLTRACE_INCREMENTAL_FLUSH_SLEEP""}",TRACE QUEUE TASK,34493.0,0.0,0.0,0.0,SQLTRACE_INCREMENTAL_FLUSH_SLEEP,,,,SQL_SERVER_INTERNAL,carga2
sql_batch_completed,2026-09-04 05:39:55.290,54,,,SteelNort,"{""event_name"": ""sql_batch_completed"", ""timestamp"": ""2026-09-04 05:39:55.290"", ""database_name"": ""SteelNort"", ""session_id"": 54, ""command"": ""SYSTEM_HEALTH_MONITOR"", ""duration"": 34488, ""cpu_time"": 0, ""logical_reads"": 0, ""writes"": 0, ""wait_type"": ""SP_SERVER_DIAGNOSTICS_SLEEP""}",SYSTEM_HEALTH_MONITOR,34488.0,0.0,0.0,0.0,SP_SERVER_DIAGNOSTICS_SLEEP,,,,SQL_SERVER_INTERNAL,carga2
sql_batch_completed,2026-09-04 05:39:55.290,55,,,master,"{""event_name"": ""sql_batch_completed"", ""timestamp"": ""2026-09-04 05:39:55.290"", ""database_name"": ""master"", ""session_id"": 55, ""command"": ""TASK MANAGER"", ""duration"": 34410, ""cpu_time"": 0, ""logical_reads"": 0, ""writes"": 0, ""wait_type"": ""ONDEMAND_TASK_QUEUE""}",TASK MANAGER,34410.0,0.0,0.0,0.0,ONDEMAND_TASK_QUEUE,,,,SQL_SERVER_INTERNAL,carga2
sql_batch_completed,2026-09-04 05:39:55.290,56,,,master,"{""event_name"": ""sql_batch_completed"", ""timestamp"": ""2026-09-04 05:39:55.290"", ""database_name"": ""master"", ""session_id"": 56, ""command"": ""BRKR TASK"", ""duration"": 32714, ""cpu_time"": 0, ""logical_reads"": 0, ""writes"": 0, ""wait_type"": ""BROKER_TRANSMITTER""}",BRKR TASK,32714.0,0.0,0.0,0.0,BROKER_TRANSMITTER,,,,SQL_SERVER_INTERNAL,carga2
sql_batch_completed,2026-09-04 05:39:55.290,57,,,master,"{""event_name"": ""sql_batch_completed"", ""timestamp"": ""2026-09-04 05:39:55.290"", ""database_name"": ""master"", ""session_id"": 57, ""command"": ""BRKR TASK"", ""duration"": 32715, ""cpu_time"": 1, ""logical_reads"": 0, ""writes"": 0, ""wait_type"": ""SLEEP_TASK""}",BRKR TASK,32715.0,1.0,0.0,0.0,SLEEP_TASK,,,,SQL_SERVER_INTERNAL,carga2
sql_batch_completed,2026-09-04 05:39:55.290,58,,,master,"{""event_name"": ""sql_batch_completed"", ""timestamp"": ""2026-09-04 05:39:55.290"", ""database_name"": ""master"", ""session_id"": 58, ""command"": ""CHECKPOINT"", ""duration"": 34413, ""cpu_time"": 0, ""logical_reads"": 0, ""writes"": 6, ""wait_type"": ""CHECKPOINT_QUEUE""}",CHECKPOINT,34413.0,0.0,0.0,6.0,CHECKPOINT_QUEUE,,,,SQL_SERVER_INTERNAL,carga2
sql_batch_completed,2026-09-04 05:39:55.290,59,,,master,"{""event_name"": ""sql_batch_completed"", ""timestamp"": ""2026-09-04 05:39:55.290"", ""database_name"": ""master"", ""session_id"": 59, ""command"": ""BRKR TASK"", ""duration"": 32717, ""cpu_time"": 13, ""logical_reads"": 0, ""writes"": 0, ""wait_type"": ""HADR_FILESTREAM_IOMGR_IOCOMPLETION""}",BRKR TASK,32717.0,13.0,0.0,0.0,HADR_FILESTREAM_IOMGR_IOCOMPLETION,,,,SQL_SERVER_INTERNAL,carga2
sql_batch_completed,2026-09-04 05:39:55.290,61,,,SteelNort,"{""event_name"": ""sql_batch_completed"", ""timestamp"": ""2026-09-04 05:39:55.290"", ""database_name"": ""SteelNort"", ""session_id"": 61, ""command"": ""HADR_AR_MGR_NOTIFICATION_WORKER"", ""duration"": 34411, ""cpu_time"": 0, ""logical_reads"": 0, ""writes"": 0, ""wait_type"": ""HADR_NOTIFICATION_DEQUEUE""}",HADR_AR_MGR_NOTIFICATION_WORKER,34411.0,0.0,0.0,0.0,HADR_NOTIFICATION_DEQUEUE,,,,SQL_SERVER_INTERNAL,carga2
sql_batch_completed,2026-09-04 05:39:55.290,71,,,SteelNort,"{""event_name"": ""sql_batch_completed"", ""timestamp"": ""2026-09-04 05:39:55.290"", ""database_name"": ""SteelNort"", ""session_id"": 71, ""command"": ""EXECUTE"", ""duration"": 80, ""cpu_time"": 54, ""logical_reads"": 40, ""writes"": 0, ""wait_type"": ""PREEMPTIVE_OS_VERIFYTRUST""}",EXECUTE,80.0,54.0,40.0,0.0,PREEMPTIVE_OS_VERIFYTRUST,,,,USER,carga2
sql_batch_completed,2026-09-04 05:39:55.290,72,,,SteelNort,"{""event_name"": ""sql_batch_completed"", ""timestamp"": ""2026-09-04 05:39:55.290"", ""database_name"": ""SteelNort"", ""session_id"": 72, ""command"": ""SELECT"", ""duration"": 22, ""cpu_time"": 2, ""logical_reads"": 0, ""writes"": 0}",SELECT,22.0,2.0,0.0,0.0,,,,,USER,carga2
sql_batch_completed,2026-09-04 05:39:55.290,73,,,SteelNort,"{""event_name"": ""sql_batch_completed"", ""timestamp"": ""2026-09-04 05:39:55.290"", ""database_name"": ""SteelNort"", ""session_id"": 73, ""command"": ""SELECT"", ""duration"": 26, ""cpu_time"": 5, ""logical_reads"": 0, ""writes"": 0}",SELECT,26.0,5.0,0.0,0.0,,,,,USER,carga2
lock_acquired,2026-09-04 05:39:55.290,69,,,,"{""event_name"": ""lock_acquired"", ""timestamp"": ""2026-09-04 05:39:55.290"", ""session_id"": 69, ""resource_type"": ""DATABASE"", ""mode"": ""S""}",,,,,,,DATABASE,S,,UNKNOWN,carga2
lock_acquired,2026-09-04 05:39:55.290,62,,,,"{""event_name"": ""lock_acquired"", ""timestamp"": ""2026-09-04 05:39:55.290"", ""session_id"": 62, ""resource_type"": ""DATABASE"", ""mode"": ""S""}",,,,,,,DATABASE,S,,UNKNOWN,carga2
lock_acquired,2026-09-04 05:39:55.290,73,,,,"{""event_name"": ""lock_acquired"", ""timestamp"": ""2026-09-04 05:39:55.290"", ""session_id"": 73, ""resource_type"": ""DATABASE"", ""mode"": ""S""}",,,,,,,DATABASE,S,,UNKNOWN,carga2
lock_acquired,2026-09-04 05:39:55.290,64,,,,"{""event_name"": ""lock_acquired"", ""timestamp"": ""2026-09-04 05:39:55.290"", ""session_id"": 64, ""resource_type"": ""DATABASE"", ""mode"": ""S""}",,,,,,,DATABASE,S,,UNKNOWN,carga2
lock_acquired,2026-09-04 05:39:55.290,66,,,,"{""event_name"": ""lock_acquired"", ""timestamp"": ""2026-09-04 05:39:55.290"", ""session_id"": 66, ""resource_type"": ""DATABASE"", ""mode"": ""S""}",,,,,,,DATABASE,S,,UNKNOWN,carga2
lock_acquired,2026-09-04 05:39:55.290,63,,,,"{""event_name"": ""lock_acquired"", ""timestamp"": ""2026-09-04 05:39:55.290"", ""session_id"": 63, ""resource_type"": ""DATABASE"", ""mode"": ""S""}",,,,,,,DATABASE,S,,UNKNOWN,carga2
lock_acquired,2026-09-04 05:39:55.290,60,,,,"{""event_name"": ""lock_acquired"", ""timestamp"": ""2026-09-04 05:39:55.290"", ""session_id"": 60, ""resource_type"": ""DATABASE"", ""mode"": ""S""}",,,,,,,DATABASE,S,,UNKNOWN,carga2
lock_acquired,2026-09-04 05:39:55.290,67,,,,"{""event_name"": ""lock_acquired"", ""timestamp"": ""2026-09-04 05:39:55.290"", ""session_id"": 67, ""resource_type"": ""DATABASE"", ""mode"": ""S""}",,,,,,,DATABASE,S,,UNKNOWN,carga2
lock_acquired,2026-09-04 05:39:55.290,65,,,,"{""event_name"": ""lock_acquired"", ""timestamp"": ""2026-09-04 05:39:55.290"", ""session_id"": 65, ""resource_type"": ""DATABASE"", ""mode"": ""S""}",,,,,,,DATABASE,S,,UNKNOWN,carga2
lock_acquired,2026-09-04 05:39:55.290,70,,,,"{""event_name"": ""lock_acquired"", ""timestamp"": ""2026-09-04 05:39:55.290"", ""session_id"": 70, ""resource_type"": ""DATABASE"", ""mode"": ""S""}",,,,,,,DATABASE,S,,UNKNOWN,carga2
lock_acquired,2026-09-04 05:39:55.290,71,,,,"{""event_name"": ""lock_acquired"", ""timestamp"": ""2026-09-04 05:39:55.290"", ""session_id"": 71, ""resource_type"": ""DATABASE"", ""mode"": ""S""}",,,,,,,DATABASE,S,,UNKNOWN,carga2
lock_acquired,2026-09-04 05:39:55.290,68,,,,"{""event_name"": ""lock_acquired"", ""timestamp"": ""2026-09-04 05:39:55.290"", ""session_id"": 68, ""resource_type"": ""DATABASE"", ""mode"": ""S""}",,,,,,,DATABASE,S,,UNKNOWN,carga2
lock_acquired,2026-09-04 05:39:55.290,72,,,,"{""event_name"": ""lock_acquired"", ""timestamp"": ""2026-09-04 05:39:55.290"", ""session_id"": 72, ""resource_type"": ""DATABASE"", ""mode"": ""S""}",,,,,,,DATABASE,S,,UNKNOWN,carga2
sql_batch_completed,2026-09-04 05:39:57.408,72,,,SteelNort,"{""event_name"": ""sql_batch_completed"", ""timestamp"": ""2026-09-04 05:39:57.408"", ""database_name"": ""SteelNort"", ""session_id"": 72, ""command"": ""SELECT"", ""duration"": 2066, ""cpu_time"": 2, ""logical_reads"": 0, ""writes"": 0, ""status"": ""completed""}",SELECT,2066.0,2.0,0.0,0.0,,,,completed,USER,carga2
sql_batch_completed,2026-09-04 05:39:57.408,71,,,SteelNort,"{""event_name"": ""sql_batch_completed"", ""timestamp"": ""2026-09-04 05:39:57.408"", ""database_name"": ""SteelNort"", ""session_id"": 71, ""command"": ""EXECUTE"", ""duration"": 2129, ""cpu_time"": 54, ""logical_reads"": 40, ""writes"": 0, ""status"": ""completed""}",EXECUTE,2129.0,54.0,40.0,0.0,,,,completed,USER,carga2
sql_batch_completed,2026-09-04 05:39:59.443,66,,,SteelNort,"{""event_name"": ""sql_batch_completed"", ""timestamp"": ""2026-09-04 05:39:59.443"", ""database_name"": ""SteelNort"", ""session_id"": 66, ""command"": ""COMMIT TRANSACTION"", ""duration"": 30, ""cpu_time"": 19, ""logical_reads"": 0, ""writes"": 0, ""wait_type"": ""PREEMPTIVE_OS_FLUSHFILEBUFFERS""}",COMMIT TRANSACTION,30.0,19.0,0.0,0.0,PREEMPTIVE_OS_FLUSHFILEBUFFERS,,,,UNKNOWN,carga2
sql_batch_completed,2026-09-04 05:39:59.443,71,,,SteelNort,"{""event_name"": ""sql_batch_completed"", ""timestamp"": ""2026-09-04 05:39:59.443"", ""database_name"": ""SteelNort"", ""session_id"": 71, ""command"": ""EXECUTE"", ""duration"": 75, ""cpu_time"": 3, ""logical_reads"": 0, ""writes"": 0, ""wait_type"": ""MSQL_XP""}",EXECUTE,75.0,3.0,0.0,0.0,MSQL_XP,,,,USER,carga2
lock_acquired,2026-09-04 05:39:59.443,68,,,,"{""event_name"": ""lock_acquired"", ""timestamp"": ""2026-09-04 05:39:59.443"", ""session_id"": 68, ""resource_type"": ""OBJECT"", ""mode"": ""IS""}",,,,,,,OBJECT,IS,,UNKNOWN,carga2
lock_acquired,2026-09-04 05:39:59.443,68,,,,"{""event_name"": ""lock_acquired"", ""timestamp"": ""2026-09-04 05:39:59.443"", ""session_id"": 68, ""resource_type"": ""PAGE"", ""mode"": ""IS""}",,,,,,,PAGE,IS,,UNKNOWN,carga2
sql_batch_completed,2026-09-04 05:40:01.598,66,,,SteelNort,"{""event_name"": ""sql_batch_completed"", ""timestamp"": ""2026-09-04 05:40:01.598"", ""database_name"": ""SteelNort"", ""session_id"": 66, ""command"": ""COMMIT TRANSACTION"", ""duration"": 2174, ""cpu_time"": 19, ""logical_reads"": 0, ""writes"": 0, ""status"": ""completed""}",COMMIT TRANSACTION,2174.0,19.0,0.0,0.0,,,,completed,UNKNOWN,carga2
sql_batch_completed,2026-09-04 05:40:01.598,71,,,SteelNort,"{""event_name"": ""sql_batch_completed"", ""timestamp"": ""2026-09-04 05:40:01.598"", ""database_name"": ""SteelNort"", ""session_id"": 71, ""command"": ""EXECUTE"", ""duration"": 2180, ""cpu_time"": 3, ""logical_reads"": 0, ""writes"": 0, ""status"": ""completed""}",EXECUTE,2180.0,3.0,0.0,0.0,,,,completed,USER,carga2
lock_released,2026-09-04 05:40:01.598,68,,,,"{""event_name"": ""lock_released"", ""timestamp"": ""2026-09-04 05:40:01.598"", ""session_id"": 68, ""resource_type"": ""OBJECT"", ""mode"": ""IS""}",,,,,,,OBJECT,IS,,UNKNOWN,carga2
lock_released,2026-09-04 05:40:01.598,68,,,,"{""event_name"": ""lock_released"", ""timestamp"": ""2026-09-04 05:40:01.598"", ""session_id"": 68, ""resource_type"": ""PAGE"", ""mode"": ""IS""}",,,,,,,PAGE,IS,,UNKNOWN,carga2
sql_batch_completed,2026-09-04 05:40:03.766,67,,,SteelNort,"{""event_name"": ""sql_batch_completed"", ""timestamp"": ""2026-09-04 05:40:03.766"", ""database_name"": ""SteelNort"", ""session_id"": 67, ""command"": ""AWAITING COMMAND"", ""duration"": 39, ""cpu_time"": 25, ""logical_reads"": 0, ""writes"": 0}",AWAITING COMMAND,39.0,25.0,0.0,0.0,,,,,UNKNOWN,carga2
sql_batch_completed,2026-09-04 05:40:03.766,71,,,SteelNort,"{""event_name"": ""sql_batch_completed"", ""timestamp"": ""2026-09-04 05:40:03.766"", ""database_name"": ""SteelNort"", ""session_id"": 71, ""command"": ""EXECUTE"", ""duration"": 91, ""cpu_time"": 79, ""logical_reads"": 0, ""writes"": 0, ""wait_type"": ""MSQL_XP""}",EXECUTE,91.0,79.0,0.0,0.0,MSQL_XP,,,,USER,carga2
sql_batch_completed,2026-09-04 05:40:06.038,67,,,SteelNort,"{""event_name"": ""sql_batch_completed"", ""timestamp"": ""2026-09-04 05:40:06.038"", ""database_name"": ""SteelNort"", ""session_id"": 67, ""command"": ""AWAITING COMMAND"", ""duration"": 2191, ""cpu_time"": 25, ""logical_reads"": 0, ""writes"": 0, ""status"": ""completed""}",AWAITING COMMAND,2191.0,25.0,0.0,0.0,,,,completed,UNKNOWN,carga2
sql_batch_completed,2026-09-04 05:40:06.038,71,,,SteelNort,"{""event_name"": ""sql_batch_completed"", ""timestamp"": ""2026-09-04 05:40:06.038"", ""database_name"": ""SteelNort"", ""session_id"": 71, ""command"": ""EXECUTE"", ""duration"": 2243, ""cpu_time"": 79, ""logical_reads"": 0, ""writes"": 0, ""status"": ""completed""}",EXECUTE,2243.0,79.0,0.0,0.0,,,,completed,USER,carga2
sql_batch_completed,2026-09-04 05:40:14.189,66,,,SteelNort,"{""event_name"": ""sql_batch_completed"", ""timestamp"": ""2026-09-04 05:40:14.189"", ""database_name"": ""SteelNort"", ""session_id"": 66, ""command"": ""EXECUTE"", ""duration"": 3, ""cpu_time"": 0, ""logical_reads"": 0, ""writes"": 0}",EXECUTE,3.0,0.0,0.0,0.0,,,,,USER,carga2
login,2026-09-04 05:40:16.218,74,sa,unknown,SteelNort,"{""event_name"": ""login"", ""timestamp"": ""2026-09-04 05:40:16.218"", ""session_id"": 74, ""login_name"": ""sa"", ""program_name"": ""unknown"", ""database_name"": ""SteelNort""}",,,,,,,,,,UNKNOWN,carga2
login,2026-09-04 05:40:16.218,75,sa,unknown,SteelNort,"{""event_name"": ""login"", ""timestamp"": ""2026-09-04 05:40:16.218"", ""session_id"": 75, ""login_name"": ""sa"", ""program_name"": ""unknown"", ""database_name"": ""SteelNort""}",,,,,,,,,,UNKNOWN,carga2
login,2026-09-04 05:40:16.218,77,sa,unknown,SteelNort,"{""event_name"": ""login"", ""timestamp"": ""2026-09-04 05:40:16.218"", ""session_id"": 77, ""login_name"": ""sa"", ""program_name"": ""unknown"", ""database_name"": ""SteelNort""}",,,,,,,,,,UNKNOWN,carga2
login,2026-09-04 05:40:16.218,78,sa,unknown,SteelNort,"{""event_name"": ""login"", ""timestamp"": ""2026-09-04 05:40:16.218"", ""session_id"": 78, ""login_name"": ""sa"", ""program_name"": ""unknown"", ""database_name"": ""SteelNort""}",,,,,,,,,,UNKNOWN,carga2
login,2026-09-04 05:40:16.218,79,sa,unknown,SteelNort,"{""event_name"": ""login"", ""timestamp"": ""2026-09-04 05:40:16.218"", ""session_id"": 79, ""login_name"": ""sa"", ""program_name"": ""unknown"", ""database_name"": ""SteelNort""}",,,,,,,,,,UNKNOWN,carga2
login,2026-09-04 05:40:16.218,80,sa,unknown,SteelNort,"{""event_name"": ""login"", ""timestamp"": ""2026-09-04 05:40:16.218"", ""session_id"": 80, ""login_name"": ""sa"", ""program_name"": ""unknown"", ""database_name"": ""SteelNort""}",,,,,,,,,,UNKNOWN,carga2
login,2026-09-04 05:40:16.218,81,sa,unknown,SteelNort,"{""event_name"": ""login"", ""timestamp"": ""2026-09-04 05:40:16.218"", ""session_id"": 81, ""login_name"": ""sa"", ""program_name"": ""unknown"", ""database_name"": ""SteelNort""}",,,,,,,,,,UNKNOWN,carga2
login,2026-09-04 05:40:16.218,82,sa,unknown,SteelNort,"{""event_name"": ""login"", ""timestamp"": ""2026-09-04 05:40:16.218"", ""session_id"": 82, ""login_name"": ""sa"", ""program_name"": ""unknown"", ""database_name"": ""SteelNort""}",,,,,,,,,,UNKNOWN,carga2
login,2026-09-04 05:40:16.218,83,sa,unknown,SteelNort,"{""event_name"": ""login"", ""timestamp"": ""2026-09-04 05:40:16.218"", ""session_id"": 83, ""login_name"": ""sa"", ""program_name"": ""unknown"", ""database_name"": ""SteelNort""}",,,,,,,,,,UNKNOWN,carga2
login,2026-09-04 05:40:16.218,84,sa,unknown,SteelNort,"{""event_name"": ""login"", ""timestamp"": ""2026-09-04 05:40:16.218"", ""session_id"": 84, ""login_name"": ""sa"", ""program_name"": ""unknown"", ""database_name"": ""SteelNort""}",,,,,,,,,,UNKNOWN,carga2
login,2026-09-04 05:40:16.218,85,sa,unknown,SteelNort,"{""event_name"": ""login"", ""timestamp"": ""2026-09-04 05:40:16.218"", ""session_id"": 85, ""login_name"": ""sa"", ""program_name"": ""unknown"", ""database_name"": ""SteelNort""}",,,,,,,,,,UNKNOWN,carga2
sql_batch_completed,2026-09-04 05:40:16.218,63,,,SteelNort,"{""event_name"": ""sql_batch_completed"", ""timestamp"": ""2026-09-04 05:40:16.218"", ""database_name"": ""SteelNort"", ""session_id"": 63, ""command"": ""EXECUTE"", ""duration"": 2, ""cpu_time"": 0, ""logical_reads"": 0, ""writes"": 0}",EXECUTE,2.0,0.0,0.0,0.0,,,,,USER,carga2
sql_batch_completed,2026-09-04 05:40:16.218,71,,,SteelNort,"{""event_name"": ""sql_batch_completed"", ""timestamp"": ""2026-09-04 05:40:16.218"", ""database_name"": ""SteelNort"", ""session_id"": 71, ""command"": ""EXECUTE"", ""duration"": 93, ""cpu_time"": 87, ""logical_reads"": 0, ""writes"": 0, ""wait_type"": ""MSQL_XP""}",EXECUTE,93.0,87.0,0.0,0.0,MSQL_XP,,,,USER,carga2
sql_batch_completed,2026-09-04 05:40:16.218,74,,,master,"{""event_name"": ""sql_batch_completed"", ""timestamp"": ""2026-09-04 05:40:16.218"", ""database_name"": ""master"", ""session_id"": 74, ""command"": ""TASK MANAGER"", ""duration"": 531, ""cpu_time"": 0, ""logical_reads"": 0, ""writes"": 0}",TASK MANAGER,531.0,0.0,0.0,0.0,,,,,SQL_SERVER_INTERNAL,carga2
sql_batch_completed,2026-09-04 05:40:16.218,75,,,master,"{""event_name"": ""sql_batch_completed"", ""timestamp"": ""2026-09-04 05:40:16.218"", ""database_name"": ""master"", ""session_id"": 75, ""command"": ""TASK MANAGER"", ""duration"": 532, ""cpu_time"": 0, ""logical_reads"": 0, ""writes"": 0}",TASK MANAGER,532.0,0.0,0.0,0.0,,,,,SQL_SERVER_INTERNAL,carga2
sql_batch_completed,2026-09-04 05:40:16.218,77,,,master,"{""event_name"": ""sql_batch_completed"", ""timestamp"": ""2026-09-04 05:40:16.218"", ""database_name"": ""master"", ""session_id"": 77, ""command"": ""TASK MANAGER"", ""duration"": 533, ""cpu_time"": 0, ""logical_reads"": 0, ""writes"": 0}",TASK MANAGER,533.0,0.0,0.0,0.0,,,,,SQL_SERVER_INTERNAL,carga2
sql_batch_completed,2026-09-04 05:40:16.218,78,,,master,"{""event_name"": ""sql_batch_completed"", ""timestamp"": ""2026-09-04 05:40:16.218"", ""database_name"": ""master"", ""session_id"": 78, ""command"": ""TASK MANAGER"", ""duration"": 534, ""cpu_time"": 0, ""logical_reads"": 0, ""writes"": 0}",TASK MANAGER,534.0,0.0,0.0,0.0,,,,,SQL_SERVER_INTERNAL,carga2
sql_batch_completed,2026-09-04 05:40:16.218,79,,,master,"{""event_name"": ""sql_batch_completed"", ""timestamp"": ""2026-09-04 05:40:16.218"", ""database_name"": ""master"", ""session_id"": 79, ""command"": ""TASK MANAGER"", ""duration"": 535, ""cpu_time"": 0, ""logical_reads"": 0, ""writes"": 0}",TASK MANAGER,535.0,0.0,0.0,0.0,,,,,SQL_SERVER_INTERNAL,carga2
sql_batch_completed,2026-09-04 05:40:16.218,80,,,master,"{""event_name"": ""sql_batch_completed"", ""timestamp"": ""2026-09-04 05:40:16.218"", ""database_name"": ""master"", ""session_id"": 80, ""command"": ""TASK MANAGER"", ""duration"": 537, ""cpu_time"": 0, ""logical_reads"": 0, ""writes"": 0}",TASK MANAGER,537.0,0.0,0.0,0.0,,,,,SQL_SERVER_INTERNAL,carga2
sql_batch_completed,2026-09-04 05:40:16.218,81,,,master,"{""event_name"": ""sql_batch_completed"", ""timestamp"": ""2026-09-04 05:40:16.218"", ""database_name"": ""master"", ""session_id"": 81, ""command"": ""TASK MANAGER"", ""duration"": 538, ""cpu_time"": 0, ""logical_reads"": 0, ""writes"": 0}",TASK MANAGER,538.0,0.0,0.0,0.0,,,,,SQL_SERVER_INTERNAL,carga2
sql_batch_completed,2026-09-04 05:40:16.218,82,,,master,"{""event_name"": ""sql_batch_completed"", ""timestamp"": ""2026-09-04 05:40:16.218"", ""database_name"": ""master"", ""session_id"": 82, ""command"": ""TASK MANAGER"", ""duration"": 536, ""cpu_time"": 0, ""logical_reads"": 0, ""writes"": 0}",TASK MANAGER,536.0,0.0,0.0,0.0,,,,,SQL_SERVER_INTERNAL,carga2
sql_batch_completed,2026-09-04 05:40:16.218,83,,,master,"{""event_name"": ""sql_batch_completed"", ""timestamp"": ""2026-09-04 05:40:16.218"", ""database_name"": ""master"", ""session_id"": 83, ""command"": ""TASK MANAGER"", ""duration"": 537, ""cpu_time"": 0, ""logical_reads"": 0, ""writes"": 0}",TASK MANAGER,537.0,0.0,0.0,0.0,,,,,SQL_SERVER_INTERNAL,carga2
sql_batch_completed,2026-09-04 05:40:16.218,84,,,master,"{""event_name"": ""sql_batch_completed"", ""timestamp"": ""2026-09-04 05:40:16.218"", ""database_name"": ""master"", ""session_id"": 84, ""command"": ""TASK MANAGER"", ""duration"": 538, ""cpu_time"": 0, ""logical_reads"": 0, ""writes"": 0}",TASK MANAGER,538.0,0.0,0.0,0.0,,,,,SQL_SERVER_INTERNAL,carga2
sql_batch_completed,2026-09-04 05:40:16.218,85,,,master,"{""event_name"": ""sql_batch_completed"", ""timestamp"": ""2026-09-04 05:40:16.218"", ""database_name"": ""master"", ""session_id"": 85, ""command"": ""TASK MANAGER"", ""duration"": 539, ""cpu_time"": 0, ""logical_reads"": 0, ""writes"": 0}",TASK MANAGER,539.0,0.0,0.0,0.0,,,,,SQL_SERVER_INTERNAL,carga2
sql_batch_completed,2026-09-04 05:40:16.218,66,,,SteelNort,"{""event_name"": ""sql_batch_completed"", ""timestamp"": ""2026-09-04 05:40:16.218"", ""database_name"": ""SteelNort"", ""session_id"": 66, ""command"": ""EXECUTE"", ""duration"": 2063, ""cpu_time"": 0, ""logical_reads"": 0, ""writes"": 0, ""status"": ""completed""}",EXECUTE,2063.0,0.0,0.0,0.0,,,,completed,USER,carga2
sql_batch_completed,2026-09-04 05:40:18.275,71,,,SteelNort,"{""event_name"": ""sql_batch_completed"", ""timestamp"": ""2026-09-04 05:40:18.275"", ""database_name"": ""SteelNort"", ""session_id"": 71, ""command"": ""EXECUTE"", ""duration"": 2142, ""cpu_time"": 87, ""logical_reads"": 0, ""writes"": 0, ""status"": ""completed""}",EXECUTE,2142.0,87.0,0.0,0.0,,,,completed,USER,carga2
sql_batch_completed,2026-09-04 05:40:18.275,63,,,SteelNort,"{""event_name"": ""sql_batch_completed"", ""timestamp"": ""2026-09-04 05:40:18.275"", ""database_name"": ""SteelNort"", ""session_id"": 63, ""command"": ""EXECUTE"", ""duration"": 2053, ""cpu_time"": 0, ""logical_reads"": 0, ""writes"": 0, ""status"": ""completed""}",EXECUTE,2053.0,0.0,0.0,0.0,,,,completed,USER,carga2
lock_acquired,2026-09-04 05:40:20.322,66,,,,"{""event_name"": ""lock_acquired"", ""timestamp"": ""2026-09-04 05:40:20.322"", ""session_id"": 66, ""resource_type"": ""OBJECT"", ""mode"": ""IS""}",,,,,,,OBJECT,IS,,UNKNOWN,carga2
sql_batch_completed,2026-09-04 05:40:22.354,69,,,SteelNort,"{""event_name"": ""sql_batch_completed"", ""timestamp"": ""2026-09-04 05:40:22.354"", ""database_name"": ""SteelNort"", ""session_id"": 69, ""command"": ""AWAITING COMMAND"", ""duration"": 5, ""cpu_time"": 0, ""logical_reads"": 0, ""writes"": 0}",AWAITING COMMAND,5.0,0.0,0.0,0.0,,,,,UNKNOWN,carga2
sql_batch_completed,2026-09-04 05:40:22.354,71,,,SteelNort,"{""event_name"": ""sql_batch_completed"", ""timestamp"": ""2026-09-04 05:40:22.354"", ""database_name"": ""SteelNort"", ""session_id"": 71, ""command"": ""EXECUTE"", ""duration"": 94, ""cpu_time"": 87, ""logical_reads"": 0, ""writes"": 0, ""wait_type"": ""MSQL_XP""}",EXECUTE,94.0,87.0,0.0,0.0,MSQL_XP,,,,USER,carga2
lock_released,2026-09-04 05:40:22.354,66,,,,"{""event_name"": ""lock_released"", ""timestamp"": ""2026-09-04 05:40:22.354"", ""session_id"": 66, ""resource_type"": ""OBJECT"", ""mode"": ""IS""}",,,,,,,OBJECT,IS,,UNKNOWN,carga2
sql_batch_completed,2026-09-04 05:40:24.391,69,,,SteelNort,"{""event_name"": ""sql_batch_completed"", ""timestamp"": ""2026-09-04 05:40:24.391"", ""database_name"": ""SteelNort"", ""session_id"": 69, ""command"": ""AWAITING COMMAND"", ""duration"": 2062, ""cpu_time"": 0, ""logical_reads"": 0, ""writes"": 0, ""status"": ""completed""}",AWAITING COMMAND,2062.0,0.0,0.0,0.0,,,,completed,UNKNOWN,carga2
sql_batch_completed,2026-09-04 05:40:24.391,71,,,SteelNort,"{""event_name"": ""sql_batch_completed"", ""timestamp"": ""2026-09-04 05:40:24.391"", ""database_name"": ""SteelNort"", ""session_id"": 71, ""command"": ""EXECUTE"", ""duration"": 2157, ""cpu_time"": 87, ""logical_reads"": 0, ""writes"": 0, ""status"": ""completed""}",EXECUTE,2157.0,87.0,0.0,0.0,,,,completed,USER,carga2
sql_batch_completed,2026-09-04 05:40:26.456,66,,,SteelNort,"{""event_name"": ""sql_batch_completed"", ""timestamp"": ""2026-09-04 05:40:26.456"", ""database_name"": ""SteelNort"", ""session_id"": 66, ""command"": ""AWAITING COMMAND"", ""duration"": 6, ""cpu_time"": 0, ""logical_reads"": 0, ""writes"": 0}",AWAITING COMMAND,6.0,0.0,0.0,0.0,,,,,UNKNOWN,carga2
sql_batch_completed,2026-09-04 05:40:26.456,67,,,SteelNort,"{""event_name"": ""sql_batch_completed"", ""timestamp"": ""2026-09-04 05:40:26.456"", ""database_name"": ""SteelNort"", ""session_id"": 67, ""command"": ""SET OPTION ON"", ""duration"": 7, ""cpu_time"": 0, ""logical_reads"": 0, ""writes"": 0}",SET OPTION ON,7.0,0.0,0.0,0.0,,,,,UNKNOWN,carga2
login,2026-09-04 05:40:28.484,76,795ec2146175\Administrator,Microsoft SQL Server,SteelNort,"{""event_name"": ""login"", ""timestamp"": ""2026-09-04 05:40:28.484"", ""session_id"": 76, ""login_name"": ""795ec2146175\\Administrator"", ""program_name"": ""Microsoft SQL Server"", ""database_name"": ""SteelNort""}",,,,,,,,,,UNKNOWN,carga2
sql_batch_completed,2026-09-04 05:40:28.484,71,,,SteelNort,"{""event_name"": ""sql_batch_completed"", ""timestamp"": ""2026-09-04 05:40:28.484"", ""database_name"": ""SteelNort"", ""session_id"": 71, ""command"": ""EXECUTE"", ""duration"": 214, ""cpu_time"": 124, ""logical_reads"": 0, ""writes"": 0, ""wait_type"": ""MSQL_XP""}",EXECUTE,214.0,124.0,0.0,0.0,MSQL_XP,,,,USER,carga2
sql_batch_completed,2026-09-04 05:40:28.484,66,,,SteelNort,"{""event_name"": ""sql_batch_completed"", ""timestamp"": ""2026-09-04 05:40:28.484"", ""database_name"": ""SteelNort"", ""session_id"": 66, ""command"": ""AWAITING COMMAND"", ""duration"": 2039, ""cpu_time"": 0, ""logical_reads"": 0, ""writes"": 0, ""status"": ""completed""}",AWAITING COMMAND,2039.0,0.0,0.0,0.0,,,,completed,UNKNOWN,carga2
sql_batch_completed,2026-09-04 05:40:28.484,67,,,SteelNort,"{""event_name"": ""sql_batch_completed"", ""timestamp"": ""2026-09-04 05:40:28.484"", ""database_name"": ""SteelNort"", ""session_id"": 67, ""command"": ""SET OPTION ON"", ""duration"": 2043, ""cpu_time"": 0, ""logical_reads"": 0, ""writes"": 0, ""status"": ""completed""}",SET OPTION ON,2043.0,0.0,0.0,0.0,,,,completed,UNKNOWN,carga2
logout,2026-09-04 05:40:30.518,76,,,,"{""event_name"": ""logout"", ""timestamp"": ""2026-09-04 05:40:30.518"", ""session_id"": 76}",,,,,,,,,,UNKNOWN,carga2
sql_batch_completed,2026-09-04 05:40:30.518,71,,,SteelNort,"{""event_name"": ""sql_batch_completed"", ""timestamp"": ""2026-09-04 05:40:30.518"", ""database_name"": ""SteelNort"", ""session_id"": 71, ""command"": ""EXECUTE"", ""duration"": 2247, ""cpu_time"": 124, ""logical_reads"": 0, ""writes"": 0, ""status"": ""completed""}",EXECUTE,2247.0,124.0,0.0,0.0,,,,completed,USER,carga2
login,2026-09-04 05:40:34.569,76,795ec2146175\Administrator,Microsoft SQL Server,SteelNort,"{""event_name"": ""login"", ""timestamp"": ""2026-09-04 05:40:34.569"", ""session_id"": 76, ""login_name"": ""795ec2146175\\Administrator"", ""program_name"": ""Microsoft SQL Server"", ""database_name"": ""SteelNort""}",,,,,,,,,,UNKNOWN,carga2
sql_batch_completed,2026-09-04 05:40:34.569,71,,,SteelNort,"{""event_name"": ""sql_batch_completed"", ""timestamp"": ""2026-09-04 05:40:34.569"", ""database_name"": ""SteelNort"", ""session_id"": 71, ""command"": ""EXECUTE"", ""duration"": 111, ""cpu_time"": 89, ""logical_reads"": 0, ""writes"": 0, ""wait_type"": ""MSQL_XP""}",EXECUTE,111.0,89.0,0.0,0.0,MSQL_XP,,,,USER,carga2
logout,2026-09-04 05:40:36.597,76,,,,"{""event_name"": ""logout"", ""timestamp"": ""2026-09-04 05:40:36.597"", ""session_id"": 76}",,,,,,,,,,UNKNOWN,carga2
sql_batch_completed,2026-09-04 05:40:36.597,71,,,SteelNort,"{""event_name"": ""sql_batch_completed"", ""timestamp"": ""2026-09-04 05:40:36.597"", ""database_name"": ""SteelNort"", ""session_id"": 71, ""command"": ""EXECUTE"", ""duration"": 2136, ""cpu_time"": 89, ""logical_reads"": 0, ""writes"": 0, ""status"": ""completed""}",EXECUTE,2136.0,89.0,0.0,0.0,,,,completed,USER,carga2
sql_batch_completed,2026-09-04 05:40:38.633,67,,,SteelNort,"{""event_name"": ""sql_batch_completed"", ""timestamp"": ""2026-09-04 05:40:38.633"", ""database_name"": ""SteelNort"", ""session_id"": 67, ""command"": ""AWAITING COMMAND"", ""duration"": 6, ""cpu_time"": 1, ""logical_reads"": 0, ""writes"": 0}",AWAITING COMMAND,6.0,1.0,0.0,0.0,,,,,UNKNOWN,carga2
sql_batch_completed,2026-09-04 05:40:40.668,71,,,SteelNort,"{""event_name"": ""sql_batch_completed"", ""timestamp"": ""2026-09-04 05:40:40.668"", ""database_name"": ""SteelNort"", ""session_id"": 71, ""command"": ""EXECUTE"", ""duration"": 38, ""cpu_time"": 29, ""logical_reads"": 0, ""writes"": 0, ""wait_type"": ""MSQL_XP""}",EXECUTE,38.0,29.0,0.0,0.0,MSQL_XP,,,,USER,carga2
sql_batch_completed,2026-09-04 05:40:40.668,67,,,SteelNort,"{""event_name"": ""sql_batch_completed"", ""timestamp"": ""2026-09-04 05:40:40.668"", ""database_name"": ""SteelNort"", ""session_id"": 67, ""command"": ""AWAITING COMMAND"", ""duration"": 2043, ""cpu_time"": 1, ""logical_reads"": 0, ""writes"": 0, ""status"": ""completed""}",AWAITING COMMAND,2043.0,1.0,0.0,0.0,,,,completed,UNKNOWN,carga2
sql_batch_completed,2026-09-04 05:40:42.690,69,,,SteelNort,"{""event_name"": ""sql_batch_completed"", ""timestamp"": ""2026-09-04 05:40:42.690"", ""database_name"": ""SteelNort"", ""session_id"": 69, ""command"": ""AWAITING COMMAND"", ""duration"": 7, ""cpu_time"": 0, ""logical_reads"": 0, ""writes"": 0}",AWAITING COMMAND,7.0,0.0,0.0,0.0,,,,,UNKNOWN,carga2
sql_batch_completed,2026-09-04 05:40:42.690,71,,,SteelNort,"{""event_name"": ""sql_batch_completed"", ""timestamp"": ""2026-09-04 05:40:42.690"", ""database_name"": ""SteelNort"", ""session_id"": 71, ""command"": ""EXECUTE"", ""duration"": 2062, ""cpu_time"": 29, ""logical_reads"": 0, ""writes"": 0, ""status"": ""completed""}",EXECUTE,2062.0,29.0,0.0,0.0,,,,completed,USER,carga2
sql_batch_completed,2026-09-04 05:40:44.714,66,,,SteelNort,"{""event_name"": ""sql_batch_completed"", ""timestamp"": ""2026-09-04 05:40:44.714"", ""database_name"": ""SteelNort"", ""session_id"": 66, ""command"": ""AWAITING COMMAND"", ""duration"": 2, ""cpu_time"": 0, ""logical_reads"": 0, ""writes"": 0}",AWAITING COMMAND,2.0,0.0,0.0,0.0,,,,,UNKNOWN,carga2
sql_batch_completed,2026-09-04 05:40:44.714,69,,,SteelNort,"{""event_name"": ""sql_batch_completed"", ""timestamp"": ""2026-09-04 05:40:44.714"", ""database_name"": ""SteelNort"", ""session_id"": 69, ""command"": ""AWAITING COMMAND"", ""duration"": 2033, ""cpu_time"": 0, ""logical_reads"": 0, ""writes"": 0, ""status"": ""completed""}",AWAITING COMMAND,2033.0,0.0,0.0,0.0,,,,completed,UNKNOWN,carga2
sql_batch_completed,2026-09-04 05:40:46.738,66,,,SteelNort,"{""event_name"": ""sql_batch_completed"", ""timestamp"": ""2026-09-04 05:40:46.738"", ""database_name"": ""SteelNort"", ""session_id"": 66, ""command"": ""AWAITING COMMAND"", ""duration"": 2026, ""cpu_time"": 0, ""logical_reads"": 0, ""writes"": 0, ""status"": ""completed""}",AWAITING COMMAND,2026.0,0.0,0.0,0.0,,,,completed,UNKNOWN,carga2
login,2026-09-04 05:40:50.786,76,unknown,Microsoft SQL Server,SteelNort,"{""event_name"": ""login"", ""timestamp"": ""2026-09-04 05:40:50.786"", ""session_id"": 76, ""login_name"": ""unknown"", ""program_name"": ""Microsoft SQL Server"", ""database_name"": ""SteelNort""}",,,,,,,,,,UNKNOWN,carga2
sql_batch_completed,2026-09-04 05:40:50.786,62,,,SteelNort,"{""event_name"": ""sql_batch_completed"", ""timestamp"": ""2026-09-04 05:40:50.786"", ""database_name"": ""SteelNort"", ""session_id"": 62, ""command"": ""AWAITING COMMAND"", ""duration"": 3, ""cpu_time"": 0, ""logical_reads"": 0, ""writes"": 0}",AWAITING COMMAND,3.0,0.0,0.0,0.0,,,,,UNKNOWN,carga2
sql_batch_completed,2026-09-04 05:40:50.786,71,,,SteelNort,"{""event_name"": ""sql_batch_completed"", ""timestamp"": ""2026-09-04 05:40:50.786"", ""database_name"": ""SteelNort"", ""session_id"": 71, ""command"": ""EXECUTE"", ""duration"": 92, ""cpu_time"": 84, ""logical_reads"": 0, ""writes"": 0, ""wait_type"": ""MSQL_XP""}",EXECUTE,92.0,84.0,0.0,0.0,MSQL_XP,,,,USER,carga2
logout,2026-09-04 05:40:52.822,76,,,,"{""event_name"": ""logout"", ""timestamp"": ""2026-09-04 05:40:52.822"", ""session_id"": 76}",,,,,,,,,,UNKNOWN,carga2
sql_batch_completed,2026-09-04 05:40:52.822,62,,,SteelNort,"{""event_name"": ""sql_batch_completed"", ""timestamp"": ""2026-09-04 05:40:52.822"", ""database_name"": ""SteelNort"", ""session_id"": 62, ""command"": ""AWAITING COMMAND"", ""duration"": 2033, ""cpu_time"": 0, ""logical_reads"": 0, ""writes"": 0, ""status"": ""completed""}",AWAITING COMMAND,2033.0,0.0,0.0,0.0,,,,completed,UNKNOWN,carga2
sql_batch_completed,2026-09-04 05:40:52.822,71,,,SteelNort,"{""event_name"": ""sql_batch_completed"", ""timestamp"": ""2026-09-04 05:40:52.822"", ""database_name"": ""SteelNort"", ""session_id"": 71, ""command"": ""EXECUTE"", ""duration"": 2122, ""cpu_time"": 84, ""logical_reads"": 0, ""writes"": 0, ""status"": ""completed""}",EXECUTE,2122.0,84.0,0.0,0.0,,,,completed,USER,carga2
sql_batch_completed,2026-09-04 05:40:56.882,71,,,SteelNort,"{""event_name"": ""sql_batch_completed"", ""timestamp"": ""2026-09-04 05:40:56.882"", ""database_name"": ""SteelNort"", ""session_id"": 71, ""command"": ""EXECUTE"", ""duration"": 32, ""cpu_time"": 28, ""logical_reads"": 0, ""writes"": 0, ""wait_type"": ""MSQL_XP""}",EXECUTE,32.0,28.0,0.0,0.0,MSQL_XP,,,,USER,carga2
wait_info,2026-09-04 05:40:58.910,57,,,master,"{""event_name"": ""wait_info"", ""timestamp"": ""2026-09-04 05:40:58.910"", ""session_id"": 57, ""wait_type"": ""BROKER_TO_FLUSH"", ""database_name"": ""master""}",,,,,,BROKER_TO_FLUSH,,,,UNKNOWN,carga2
sql_batch_completed,2026-09-04 05:40:58.910,71,,,SteelNort,"{""event_name"": ""sql_batch_completed"", ""timestamp"": ""2026-09-04 05:40:58.910"", ""database_name"": ""SteelNort"", ""session_id"": 71, ""command"": ""EXECUTE"", ""duration"": 2064, ""cpu_time"": 28, ""logical_reads"": 0, ""writes"": 0, ""status"": ""completed""}",EXECUTE,2064.0,28.0,0.0,0.0,,,,completed,USER,carga2
sql_batch_completed,2026-09-04 05:41:02.973,71,,,SteelNort,"{""event_name"": ""sql_batch_completed"", ""timestamp"": ""2026-09-04 05:41:02.973"", ""database_name"": ""SteelNort"", ""session_id"": 71, ""command"": ""EXECUTE"", ""duration"": 115, ""cpu_time"": 107, ""logical_reads"": 0, ""writes"": 0, ""wait_type"": ""MSQL_XP""}",EXECUTE,115.0,107.0,0.0,0.0,MSQL_XP,,,,USER,carga2
sql_batch_completed,2026-09-04 05:41:05.061,71,,,SteelNort,"{""event_name"": ""sql_batch_completed"", ""timestamp"": ""2026-09-04 05:41:05.061"", ""database_name"": ""SteelNort"", ""session_id"": 71, ""command"": ""EXECUTE"", ""duration"": 2176, ""cpu_time"": 107, ""logical_reads"": 0, ""writes"": 0, ""status"": ""completed""}",EXECUTE,2176.0,107.0,0.0,0.0,,,,completed,USER,carga2
login,2026-09-04 05:41:13.151,76,795ec2146175\Administrator,Microsoft SQL Server,SteelNort,"{""event_name"": ""login"", ""timestamp"": ""2026-09-04 05:41:13.151"", ""session_id"": 76, ""login_name"": ""795ec2146175\\Administrator"", ""program_name"": ""Microsoft SQL Server"", ""database_name"": ""SteelNort""}",,,,,,,,,,UNKNOWN,carga2
sql_batch_completed,2026-09-04 05:41:13.151,71,,,SteelNort,"{""event_name"": ""sql_batch_completed"", ""timestamp"": ""2026-09-04 05:41:13.151"", ""database_name"": ""SteelNort"", ""session_id"": 71, ""command"": ""EXECUTE"", ""duration"": 143, ""cpu_time"": 130, ""logical_reads"": 0, ""writes"": 0, ""wait_type"": ""MSQL_XP""}",EXECUTE,143.0,130.0,0.0,0.0,MSQL_XP,,,,USER,carga2
logout,2026-09-04 05:41:15.182,76,,,,"{""event_name"": ""logout"", ""timestamp"": ""2026-09-04 05:41:15.182"", ""session_id"": 76}",,,,,,,,,,UNKNOWN,carga2
sql_batch_completed,2026-09-04 05:41:15.182,69,,,SteelNort,"{""event_name"": ""sql_batch_completed"", ""timestamp"": ""2026-09-04 05:41:15.182"", ""database_name"": ""SteelNort"", ""session_id"": 69, ""command"": ""EXECUTE"", ""duration"": 6, ""cpu_time"": 0, ""logical_reads"": 0, ""writes"": 0}",EXECUTE,6.0,0.0,0.0,0.0,,,,,USER,carga2
sql_batch_completed,2026-09-04 05:41:15.182,71,,,SteelNort,"{""event_name"": ""sql_batch_completed"", ""timestamp"": ""2026-09-04 05:41:15.182"", ""database_name"": ""SteelNort"", ""session_id"": 71, ""command"": ""EXECUTE"", ""duration"": 2172, ""cpu_time"": 130, ""logical_reads"": 0, ""writes"": 0, ""status"": ""completed""}",EXECUTE,2172.0,130.0,0.0,0.0,,,,completed,USER,carga2
wait_info,2026-09-04 05:41:17.207,51,,,master,"{""event_name"": ""wait_info"", ""timestamp"": ""2026-09-04 05:41:17.207"", ""session_id"": 51, ""wait_type"": ""SLEEP_TASK"", ""database_name"": ""master""}",,,,,,SLEEP_TASK,,,,UNKNOWN,carga2
sql_batch_completed,2026-09-04 05:41:17.207,63,,,SteelNort,"{""event_name"": ""sql_batch_completed"", ""timestamp"": ""2026-09-04 05:41:17.207"", ""database_name"": ""SteelNort"", ""session_id"": 63, ""command"": ""AWAITING COMMAND"", ""duration"": 5, ""cpu_time"": 0, ""logical_reads"": 0, ""writes"": 0}",AWAITING COMMAND,5.0,0.0,0.0,0.0,,,,,UNKNOWN,carga2
sql_batch_completed,2026-09-04 05:41:17.207,69,,,SteelNort,"{""event_name"": ""sql_batch_completed"", ""timestamp"": ""2026-09-04 05:41:17.207"", ""database_name"": ""SteelNort"", ""session_id"": 69, ""command"": ""EXECUTE"", ""duration"": 2036, ""cpu_time"": 0, ""logical_reads"": 0, ""writes"": 0, ""status"": ""completed""}",EXECUTE,2036.0,0.0,0.0,0.0,,,,completed,USER,carga2
sql_batch_completed,2026-09-04 05:41:19.236,63,,,SteelNort,"{""event_name"": ""sql_batch_completed"", ""timestamp"": ""2026-09-04 05:41:19.236"", ""database_name"": ""SteelNort"", ""session_id"": 63, ""command"": ""AWAITING COMMAND"", ""duration"": 2031, ""cpu_time"": 0, ""logical_reads"": 0, ""writes"": 0, ""status"": ""completed""}",AWAITING COMMAND,2031.0,0.0,0.0,0.0,,,,completed,UNKNOWN,carga2
sql_batch_completed,2026-09-04 05:41:21.264,70,,,SteelNort,"{""event_name"": ""sql_batch_completed"", ""timestamp"": ""2026-09-04 05:41:21.264"", ""database_name"": ""SteelNort"", ""session_id"": 70, ""command"": ""AWAITING COMMAND"", ""duration"": 5, ""cpu_time"": 0, ""logical_reads"": 0, ""writes"": 0}",AWAITING COMMAND,5.0,0.0,0.0,0.0,,,,,UNKNOWN,carga2
sql_batch_completed,2026-09-04 05:41:23.287,70,,,SteelNort,"{""event_name"": ""sql_batch_completed"", ""timestamp"": ""2026-09-04 05:41:23.287"", ""database_name"": ""SteelNort"", ""session_id"": 70, ""command"": ""AWAITING COMMAND"", ""duration"": 2032, ""cpu_time"": 0, ""logical_reads"": 0, ""writes"": 0, ""status"": ""completed""}",AWAITING COMMAND,2032.0,0.0,0.0,0.0,,,,completed,UNKNOWN,carga2
sql_batch_completed,2026-09-04 05:41:25.319,71,,,SteelNort,"{""event_name"": ""sql_batch_completed"", ""timestamp"": ""2026-09-04 05:41:25.319"", ""database_name"": ""SteelNort"", ""session_id"": 71, ""command"": ""EXECUTE"", ""duration"": 32, ""cpu_time"": 29, ""logical_reads"": 0, ""writes"": 0, ""wait_type"": ""MSQL_XP""}",EXECUTE,32.0,29.0,0.0,0.0,MSQL_XP,,,,USER,carga2
lock_acquired,2026-09-04 05:41:25.319,68,,,,"{""event_name"": ""lock_acquired"", ""timestamp"": ""2026-09-04 05:41:25.319"", ""session_id"": 68, ""resource_type"": ""RID"", ""mode"": ""S""}",,,,,,,RID,S,,UNKNOWN,carga2
sql_batch_completed,2026-09-04 05:41:27.348,66,,,SteelNort,"{""event_name"": ""sql_batch_completed"", ""timestamp"": ""2026-09-04 05:41:27.348"", ""database_name"": ""SteelNort"", ""session_id"": 66, ""command"": ""EXECUTE"", ""duration"": 8, ""cpu_time"": 0, ""logical_reads"": 0, ""writes"": 0}",EXECUTE,8.0,0.0,0.0,0.0,,,,,USER,carga2
sql_batch_completed,2026-09-04 05:41:27.348,71,,,SteelNort,"{""event_name"": ""sql_batch_completed"", ""timestamp"": ""2026-09-04 05:41:27.348"", ""database_name"": ""SteelNort"", ""session_id"": 71, ""command"": ""EXECUTE"", ""duration"": 2065, ""cpu_time"": 29, ""logical_reads"": 0, ""writes"": 0, ""status"": ""completed""}",EXECUTE,2065.0,29.0,0.0,0.0,,,,completed,USER,carga2
lock_released,2026-09-04 05:41:27.348,68,,,,"{""event_name"": ""lock_released"", ""timestamp"": ""2026-09-04 05:41:27.348"", ""session_id"": 68, ""resource_type"": ""RID"", ""mode"": ""S""}",,,,,,,RID,S,,UNKNOWN,carga2
sql_batch_completed,2026-09-04 05:41:29.374,66,,,SteelNort,"{""event_name"": ""sql_batch_completed"", ""timestamp"": ""2026-09-04 05:41:29.374"", ""database_name"": ""SteelNort"", ""session_id"": 66, ""command"": ""EXECUTE"", ""duration"": 2032, ""cpu_time"": 0, ""logical_reads"": 0, ""writes"": 0, ""status"": ""completed""}",EXECUTE,2032.0,0.0,0.0,0.0,,,,completed,USER,carga2
sql_batch_completed,2026-09-04 05:41:31.403,67,,,SteelNort,"{""event_name"": ""sql_batch_completed"", ""timestamp"": ""2026-09-04 05:41:31.403"", ""database_name"": ""SteelNort"", ""session_id"": 67, ""command"": ""COMMIT TRANSACTION"", ""duration"": 77, ""cpu_time"": 69, ""logical_reads"": 0, ""writes"": 0, ""wait_type"": ""PREEMPTIVE_OS_FLUSHFILEBUFFERS""}",COMMIT TRANSACTION,77.0,69.0,0.0,0.0,PREEMPTIVE_OS_FLUSHFILEBUFFERS,,,,UNKNOWN,carga2
sql_batch_completed,2026-09-04 05:41:33.438,68,,,SteelNort,"{""event_name"": ""sql_batch_completed"", ""timestamp"": ""2026-09-04 05:41:33.438"", ""database_name"": ""SteelNort"", ""session_id"": 68, ""command"": ""SELECT"", ""duration"": 13, ""cpu_time"": 6, ""logical_reads"": 0, ""writes"": 0}",SELECT,13.0,6.0,0.0,0.0,,,,,USER,carga2
sql_batch_completed,2026-09-04 05:41:33.438,67,,,SteelNort,"{""event_name"": ""sql_batch_completed"", ""timestamp"": ""2026-09-04 05:41:33.438"", ""database_name"": ""SteelNort"", ""session_id"": 67, ""command"": ""COMMIT TRANSACTION"", ""duration"": 2102, ""cpu_time"": 69, ""logical_reads"": 0, ""writes"": 0, ""status"": ""completed""}",COMMIT TRANSACTION,2102.0,69.0,0.0,0.0,,,,completed,UNKNOWN,carga2
lock_acquired,2026-09-04 05:41:33.438,65,,,,"{""event_name"": ""lock_acquired"", ""timestamp"": ""2026-09-04 05:41:33.438"", ""session_id"": 65, ""resource_type"": ""KEY"", ""mode"": ""X""}",,,,,,,KEY,X,,UNKNOWN,carga2
lock_acquired,2026-09-04 05:41:33.438,65,,,,"{""event_name"": ""lock_acquired"", ""timestamp"": ""2026-09-04 05:41:33.438"", ""session_id"": 65, ""resource_type"": ""PAGE"", ""mode"": ""IX""}",,,,,,,PAGE,IX,,UNKNOWN,carga2
lock_acquired,2026-09-04 05:41:33.438,65,,,,"{""event_name"": ""lock_acquired"", ""timestamp"": ""2026-09-04 05:41:33.438"", ""session_id"": 65, ""resource_type"": ""OBJECT"", ""mode"": ""IX""}",,,,,,,OBJECT,IX,,UNKNOWN,carga2
lock_acquired,2026-09-04 05:41:33.438,68,,,,"{""event_name"": ""lock_acquired"", ""timestamp"": ""2026-09-04 05:41:33.438"", ""session_id"": 68, ""resource_type"": ""OBJECT"", ""mode"": ""IS""}",,,,,,,OBJECT,IS,,UNKNOWN,carga2
lock_acquired,2026-09-04 05:41:33.438,68,,,,"{""event_name"": ""lock_acquired"", ""timestamp"": ""2026-09-04 05:41:33.438"", ""session_id"": 68, ""resource_type"": ""PAGE"", ""mode"": ""IS""}",,,,,,,PAGE,IS,,UNKNOWN,carga2
lock_acquired,2026-09-04 05:41:33.438,65,,,,"{""event_name"": ""lock_acquired"", ""timestamp"": ""2026-09-04 05:41:33.438"", ""session_id"": 65, ""resource_type"": ""RID"", ""mode"": ""X""}",,,,,,,RID,X,,UNKNOWN,carga2
sql_batch_completed,2026-09-04 05:41:35.466,68,,,SteelNort,"{""event_name"": ""sql_batch_completed"", ""timestamp"": ""2026-09-04 05:41:35.466"", ""database_name"": ""SteelNort"", ""session_id"": 68, ""command"": ""SELECT"", ""duration"": 2044, ""cpu_time"": 6, ""logical_reads"": 0, ""writes"": 0, ""status"": ""completed""}",SELECT,2044.0,6.0,0.0,0.0,,,,completed,USER,carga2
lock_released,2026-09-04 05:41:35.466,65,,,,"{""event_name"": ""lock_released"", ""timestamp"": ""2026-09-04 05:41:35.466"", ""session_id"": 65, ""resource_type"": ""KEY"", ""mode"": ""X""}",,,,,,,KEY,X,,UNKNOWN,carga2
lock_released,2026-09-04 05:41:35.466,65,,,,"{""event_name"": ""lock_released"", ""timestamp"": ""2026-09-04 05:41:35.466"", ""session_id"": 65, ""resource_type"": ""PAGE"", ""mode"": ""IX""}",,,,,,,PAGE,IX,,UNKNOWN,carga2
lock_released,2026-09-04 05:41:35.466,65,,,,"{""event_name"": ""lock_released"", ""timestamp"": ""2026-09-04 05:41:35.466"", ""session_id"": 65, ""resource_type"": ""OBJECT"", ""mode"": ""IX""}",,,,,,,OBJECT,IX,,UNKNOWN,carga2
lock_released,2026-09-04 05:41:35.466,68,,,,"{""event_name"": ""lock_released"", ""timestamp"": ""2026-09-04 05:41:35.466"", ""session_id"": 68, ""resource_type"": ""OBJECT"", ""mode"": ""IS""}",,,,,,,OBJECT,IS,,UNKNOWN,carga2
lock_released,2026-09-04 05:41:35.466,68,,,,"{""event_name"": ""lock_released"", ""timestamp"": ""2026-09-04 05:41:35.466"", ""session_id"": 68, ""resource_type"": ""PAGE"", ""mode"": ""IS""}",,,,,,,PAGE,IS,,UNKNOWN,carga2
lock_released,2026-09-04 05:41:35.466,65,,,,"{""event_name"": ""lock_released"", ""timestamp"": ""2026-09-04 05:41:35.466"", ""session_id"": 65, ""resource_type"": ""RID"", ""mode"": ""X""}",,,,,,,RID,X,,UNKNOWN,carga2
login,2026-09-04 05:41:37.490,76,795ec2146175\Administrator,Microsoft SQL Server,SteelNort,"{""event_name"": ""login"", ""timestamp"": ""2026-09-04 05:41:37.490"", ""session_id"": 76, ""login_name"": ""795ec2146175\\Administrator"", ""program_name"": ""Microsoft SQL Server"", ""database_name"": ""SteelNort""}",,,,,,,,,,UNKNOWN,carga2
sql_batch_completed,2026-09-04 05:41:37.490,71,,,SteelNort,"{""event_name"": ""sql_batch_completed"", ""timestamp"": ""2026-09-04 05:41:37.490"", ""database_name"": ""SteelNort"", ""session_id"": 71, ""command"": ""EXECUTE"", ""duration"": 241, ""cpu_time"": 127, ""logical_reads"": 0, ""writes"": 0, ""wait_type"": ""MSQL_XP""}",EXECUTE,241.0,127.0,0.0,0.0,MSQL_XP,,,,USER,carga2
logout,2026-09-04 05:41:39.516,76,,,,"{""event_name"": ""logout"", ""timestamp"": ""2026-09-04 05:41:39.516"", ""session_id"": 76}",,,,,,,,,,UNKNOWN,carga2
sql_batch_completed,2026-09-04 05:41:39.516,71,,,SteelNort,"{""event_name"": ""sql_batch_completed"", ""timestamp"": ""2026-09-04 05:41:39.516"", ""database_name"": ""SteelNort"", ""session_id"": 71, ""command"": ""EXECUTE"", ""duration"": 2265, ""cpu_time"": 127, ""logical_reads"": 0, ""writes"": 0, ""status"": ""completed""}",EXECUTE,2265.0,127.0,0.0,0.0,,,,completed,USER,carga2
sql_batch_completed,2026-09-04 05:41:41.534,69,,,SteelNort,"{""event_name"": ""sql_batch_completed"", ""timestamp"": ""2026-09-04 05:41:41.534"", ""database_name"": ""SteelNort"", ""session_id"": 69, ""command"": ""AWAITING COMMAND"", ""duration"": 7, ""cpu_time"": 0, ""logical_reads"": 0, ""writes"": 0}",AWAITING COMMAND,7.0,0.0,0.0,0.0,,,,,UNKNOWN,carga2
login,2026-09-04 05:41:43.555,76,795ec2146175\Administrator,Microsoft SQL Server,SteelNort,"{""event_name"": ""login"", ""timestamp"": ""2026-09-04 05:41:43.555"", ""session_id"": 76, ""login_name"": ""795ec2146175\\Administrator"", ""program_name"": ""Microsoft SQL Server"", ""database_name"": ""SteelNort""}",,,,,,,,,,UNKNOWN,carga2
sql_batch_completed,2026-09-04 05:41:43.555,71,,,SteelNort,"{""event_name"": ""sql_batch_completed"", ""timestamp"": ""2026-09-04 05:41:43.555"", ""database_name"": ""SteelNort"", ""session_id"": 71, ""command"": ""EXECUTE"", ""duration"": 106, ""cpu_time"": 94, ""logical_reads"": 0, ""writes"": 0, ""wait_type"": ""MSQL_XP""}",EXECUTE,106.0,94.0,0.0,0.0,MSQL_XP,,,,USER,carga2
sql_batch_completed,2026-09-04 05:41:43.555,69,,,SteelNort,"{""event_name"": ""sql_batch_completed"", ""timestamp"": ""2026-09-04 05:41:43.555"", ""database_name"": ""SteelNort"", ""session_id"": 69, ""command"": ""AWAITING COMMAND"", ""duration"": 2037, ""cpu_time"": 0, ""logical_reads"": 0, ""writes"": 0, ""status"": ""completed""}",AWAITING COMMAND,2037.0,0.0,0.0,0.0,,,,completed,UNKNOWN,carga2
logout,2026-09-04 05:41:45.595,76,,,,"{""event_name"": ""logout"", ""timestamp"": ""2026-09-04 05:41:45.595"", ""session_id"": 76}",,,,,,,,,,UNKNOWN,carga2
sql_batch_completed,2026-09-04 05:41:45.595,71,,,SteelNort,"{""event_name"": ""sql_batch_completed"", ""timestamp"": ""2026-09-04 05:41:45.595"", ""database_name"": ""SteelNort"", ""session_id"": 71, ""command"": ""EXECUTE"", ""duration"": 2144, ""cpu_time"": 94, ""logical_reads"": 0, ""writes"": 0, ""status"": ""completed""}",EXECUTE,2144.0,94.0,0.0,0.0,,,,completed,USER,carga2
sql_batch_completed,2026-09-04 05:41:49.640,66,,,SteelNort,"{""event_name"": ""sql_batch_completed"", ""timestamp"": ""2026-09-04 05:41:49.640"", ""database_name"": ""SteelNort"", ""session_id"": 66, ""command"": ""AWAITING COMMAND"", ""duration"": 3, ""cpu_time"": 0, ""logical_reads"": 0, ""writes"": 0}",AWAITING COMMAND,3.0,0.0,0.0,0.0,,,,,UNKNOWN,carga2
sql_batch_completed,2026-09-04 05:41:51.665,66,,,SteelNort,"{""event_name"": ""sql_batch_completed"", ""timestamp"": ""2026-09-04 05:41:51.665"", ""database_name"": ""SteelNort"", ""session_id"": 66, ""command"": ""AWAITING COMMAND"", ""duration"": 2025, ""cpu_time"": 0, ""logical_reads"": 0, ""writes"": 0, ""status"": ""completed""}",AWAITING COMMAND,2025.0,0.0,0.0,0.0,,,,completed,UNKNOWN,carga2
sql_batch_completed,2026-09-04 05:41:53.687,67,,,SteelNort,"{""event_name"": ""sql_batch_completed"", ""timestamp"": ""2026-09-04 05:41:53.687"", ""database_name"": ""SteelNort"", ""session_id"": 67, ""command"": ""AWAITING COMMAND"", ""duration"": 5, ""cpu_time"": 0, ""logical_reads"": 0, ""writes"": 0}",AWAITING COMMAND,5.0,0.0,0.0,0.0,,,,,UNKNOWN,carga2
sql_batch_completed,2026-09-04 05:41:53.687,71,,,SteelNort,"{""event_name"": ""sql_batch_completed"", ""timestamp"": ""2026-09-04 05:41:53.687"", ""database_name"": ""SteelNort"", ""session_id"": 71, ""command"": ""EXECUTE"", ""duration"": 66, ""cpu_time"": 57, ""logical_reads"": 0, ""writes"": 0, ""wait_type"": ""MSQL_XP""}",EXECUTE,66.0,57.0,0.0,0.0,MSQL_XP,,,,USER,carga2
sql_batch_completed,2026-09-04 05:41:55.716,67,,,SteelNort,"{""event_name"": ""sql_batch_completed"", ""timestamp"": ""2026-09-04 05:41:55.716"", ""database_name"": ""SteelNort"", ""session_id"": 67, ""command"": ""AWAITING COMMAND"", ""duration"": 2030, ""cpu_time"": 0, ""logical_reads"": 0, ""writes"": 0, ""status"": ""completed""}",AWAITING COMMAND,2030.0,0.0,0.0,0.0,,,,completed,UNKNOWN,carga2
sql_batch_completed,2026-09-04 05:41:55.716,71,,,SteelNort,"{""event_name"": ""sql_batch_completed"", ""timestamp"": ""2026-09-04 05:41:55.716"", ""database_name"": ""SteelNort"", ""session_id"": 71, ""command"": ""EXECUTE"", ""duration"": 2092, ""cpu_time"": 57, ""logical_reads"": 0, ""writes"": 0, ""status"": ""completed""}",EXECUTE,2092.0,57.0,0.0,0.0,,,,completed,USER,carga2
login,2026-09-04 05:41:57.736,76,795ec2146175\Administrator,Microsoft SQL Server,SteelNort,"{""event_name"": ""login"", ""timestamp"": ""2026-09-04 05:41:57.736"", ""session_id"": 76, ""login_name"": ""795ec2146175\\Administrator"", ""program_name"": ""Microsoft SQL Server"", ""database_name"": ""SteelNort""}",,,,,,,,,,UNKNOWN,carga2
sql_batch_completed,2026-09-04 05:41:57.736,71,,,SteelNort,"{""event_name"": ""sql_batch_completed"", ""timestamp"": ""2026-09-04 05:41:57.736"", ""database_name"": ""SteelNort"", ""session_id"": 71, ""command"": ""EXECUTE"", ""duration"": 329, ""cpu_time"": 172, ""logical_reads"": 0, ""writes"": 0, ""wait_type"": ""MSQL_XP""}",EXECUTE,329.0,172.0,0.0,0.0,MSQL_XP,,,,USER,carga2
logout,2026-09-04 05:41:59.760,76,,,,"{""event_name"": ""logout"", ""timestamp"": ""2026-09-04 05:41:59.760"", ""session_id"": 76}",,,,,,,,,,UNKNOWN,carga2
sql_batch_completed,2026-09-04 05:41:59.760,71,,,SteelNort,"{""event_name"": ""sql_batch_completed"", ""timestamp"": ""2026-09-04 05:41:59.760"", ""database_name"": ""SteelNort"", ""session_id"": 71, ""command"": ""EXECUTE"", ""duration"": 2357, ""cpu_time"": 172, ""logical_reads"": 0, ""writes"": 0, ""status"": ""completed""}",EXECUTE,2357.0,172.0,0.0,0.0,,,,completed,USER,carga2
sql_batch_completed,2026-09-04 05:42:07.858,67,,,SteelNort,"{""event_name"": ""sql_batch_completed"", ""timestamp"": ""2026-09-04 05:42:07.858"", ""database_name"": ""SteelNort"", ""session_id"": 67, ""command"": ""AWAITING COMMAND"", ""duration"": 4, ""cpu_time"": 0, ""logical_reads"": 0, ""writes"": 0}",AWAITING COMMAND,4.0,0.0,0.0,0.0,,,,,UNKNOWN,carga2
sql_batch_completed,2026-09-04 05:42:09.877,67,,,SteelNort,"{""event_name"": ""sql_batch_completed"", ""timestamp"": ""2026-09-04 05:42:09.877"", ""database_name"": ""SteelNort"", ""session_id"": 67, ""command"": ""AWAITING COMMAND"", ""duration"": 2023, ""cpu_time"": 0, ""logical_reads"": 0, ""writes"": 0, ""status"": ""completed""}",AWAITING COMMAND,2023.0,0.0,0.0,0.0,,,,completed,UNKNOWN,carga2
login,2026-09-04 05:42:13.921,76,795ec2146175\Administrator,Microsoft SQL Server,SteelNort,"{""event_name"": ""login"", ""timestamp"": ""2026-09-04 05:42:13.921"", ""session_id"": 76, ""login_name"": ""795ec2146175\\Administrator"", ""program_name"": ""Microsoft SQL Server"", ""database_name"": ""SteelNort""}",,,,,,,,,,UNKNOWN,carga2
sql_batch_completed,2026-09-04 05:42:13.921,71,,,SteelNort,"{""event_name"": ""sql_batch_completed"", ""timestamp"": ""2026-09-04 05:42:13.921"", ""database_name"": ""SteelNort"", ""session_id"": 71, ""command"": ""EXECUTE"", ""duration"": 143, ""cpu_time"": 104, ""logical_reads"": 0, ""writes"": 0, ""wait_type"": ""MSQL_XP""}",EXECUTE,143.0,104.0,0.0,0.0,MSQL_XP,,,,USER,carga2
logout,2026-09-04 05:42:15.947,76,,,,"{""event_name"": ""logout"", ""timestamp"": ""2026-09-04 05:42:15.947"", ""session_id"": 76}",,,,,,,,,,UNKNOWN,carga2
sql_batch_completed,2026-09-04 05:42:15.947,71,,,SteelNort,"{""event_name"": ""sql_batch_completed"", ""timestamp"": ""2026-09-04 05:42:15.947"", ""database_name"": ""SteelNort"", ""session_id"": 71, ""command"": ""EXECUTE"", ""duration"": 2166, ""cpu_time"": 104, ""logical_reads"": 0, ""writes"": 0, ""status"": ""completed""}",EXECUTE,2166.0,104.0,0.0,0.0,,,,completed,USER,carga2
sql_batch_completed,2026-09-04 05:42:17.970,65,,,SteelNort,"{""event_name"": ""sql_batch_completed"", ""timestamp"": ""2026-09-04 05:42:17.970"", ""database_name"": ""SteelNort"", ""session_id"": 65, ""command"": ""AWAITING COMMAND"", ""duration"": 7, ""cpu_time"": 0, ""logical_reads"": 0, ""writes"": 0}",AWAITING COMMAND,7.0,0.0,0.0,0.0,,,,,UNKNOWN,carga2
sql_batch_completed,2026-09-04 05:42:19.988,65,,,SteelNort,"{""event_name"": ""sql_batch_completed"", ""timestamp"": ""2026-09-04 05:42:19.988"", ""database_name"": ""SteelNort"", ""session_id"": 65, ""command"": ""AWAITING COMMAND"", ""duration"": 2025, ""cpu_time"": 0, ""logical_reads"": 0, ""writes"": 0, ""status"": ""completed""}",AWAITING COMMAND,2025.0,0.0,0.0,0.0,,,,completed,UNKNOWN,carga2
login,2026-09-04 05:42:22.011,76,795ec2146175\Administrator,Microsoft SQL Server,SteelNort,"{""event_name"": ""login"", ""timestamp"": ""2026-09-04 05:42:22.011"", ""session_id"": 76, ""login_name"": ""795ec2146175\\Administrator"", ""program_name"": ""Microsoft SQL Server"", ""database_name"": ""SteelNort""}",,,,,,,,,,UNKNOWN,carga2
sql_batch_completed,2026-09-04 05:42:22.011,71,,,SteelNort,"{""event_name"": ""sql_batch_completed"", ""timestamp"": ""2026-09-04 05:42:22.011"", ""database_name"": ""SteelNort"", ""session_id"": 71, ""command"": ""EXECUTE"", ""duration"": 146, ""cpu_time"": 96, ""logical_reads"": 0, ""writes"": 0, ""wait_type"": ""MSQL_XP""}",EXECUTE,146.0,96.0,0.0,0.0,MSQL_XP,,,,USER,carga2
logout,2026-09-04 05:42:24.037,76,,,,"{""event_name"": ""logout"", ""timestamp"": ""2026-09-04 05:42:24.037"", ""session_id"": 76}",,,,,,,,,,UNKNOWN,carga2
sql_batch_completed,2026-09-04 05:42:24.037,71,,,SteelNort,"{""event_name"": ""sql_batch_completed"", ""timestamp"": ""2026-09-04 05:42:24.037"", ""database_name"": ""SteelNort"", ""session_id"": 71, ""command"": ""EXECUTE"", ""duration"": 2169, ""cpu_time"": 96, ""logical_reads"": 0, ""writes"": 0, ""status"": ""completed""}",EXECUTE,2169.0,96.0,0.0,0.0,,,,completed,USER,carga2
sql_batch_completed,2026-09-04 05:42:28.099,63,,,SteelNort,"{""event_name"": ""sql_batch_completed"", ""timestamp"": ""2026-09-04 05:42:28.099"", ""database_name"": ""SteelNort"", ""session_id"": 63, ""command"": ""AWAITING COMMAND"", ""duration"": 4, ""cpu_time"": 0, ""logical_reads"": 0, ""writes"": 0}",AWAITING COMMAND,4.0,0.0,0.0,0.0,,,,,UNKNOWN,carga2
login,2026-09-04 05:42:30.123,76,795ec2146175\Administrator,Microsoft SQL Server,SteelNort,"{""event_name"": ""login"", ""timestamp"": ""2026-09-04 05:42:30.123"", ""session_id"": 76, ""login_name"": ""795ec2146175\\Administrator"", ""program_name"": ""Microsoft SQL Server"", ""database_name"": ""SteelNort""}",,,,,,,,,,UNKNOWN,carga2
wait_info,2026-09-04 05:42:30.123,57,,,master,"{""event_name"": ""wait_info"", ""timestamp"": ""2026-09-04 05:42:30.123"", ""session_id"": 57, ""wait_type"": ""SLEEP_TASK"", ""database_name"": ""master""}",,,,,,SLEEP_TASK,,,,UNKNOWN,carga2
sql_batch_completed,2026-09-04 05:42:30.123,71,,,SteelNort,"{""event_name"": ""sql_batch_completed"", ""timestamp"": ""2026-09-04 05:42:30.123"", ""database_name"": ""SteelNort"", ""session_id"": 71, ""command"": ""EXECUTE"", ""duration"": 151, ""cpu_time"": 113, ""logical_reads"": 0, ""writes"": 0, ""wait_type"": ""MSQL_XP""}",EXECUTE,151.0,113.0,0.0,0.0,MSQL_XP,,,,USER,carga2
sql_batch_completed,2026-09-04 05:42:30.123,63,,,SteelNort,"{""event_name"": ""sql_batch_completed"", ""timestamp"": ""2026-09-04 05:42:30.123"", ""database_name"": ""SteelNort"", ""session_id"": 63, ""command"": ""AWAITING COMMAND"", ""duration"": 2028, ""cpu_time"": 0, ""logical_reads"": 0, ""writes"": 0, ""status"": ""completed""}",AWAITING COMMAND,2028.0,0.0,0.0,0.0,,,,completed,UNKNOWN,carga2
logout,2026-09-04 05:42:32.150,76,,,,"{""event_name"": ""logout"", ""timestamp"": ""2026-09-04 05:42:32.150"", ""session_id"": 76}",,,,,,,,,,UNKNOWN,carga2
sql_batch_completed,2026-09-04 05:42:32.150,66,,,SteelNort,"{""event_name"": ""sql_batch_completed"", ""timestamp"": ""2026-09-04 05:42:32.150"", ""database_name"": ""SteelNort"", ""session_id"": 66, ""command"": ""AWAITING COMMAND"", ""duration"": 4, ""cpu_time"": 0, ""logical_reads"": 0, ""writes"": 0}",AWAITING COMMAND,4.0,0.0,0.0,0.0,,,,,UNKNOWN,carga2
sql_batch_completed,2026-09-04 05:42:32.150,71,,,SteelNort,"{""event_name"": ""sql_batch_completed"", ""timestamp"": ""2026-09-04 05:42:32.150"", ""database_name"": ""SteelNort"", ""session_id"": 71, ""command"": ""EXECUTE"", ""duration"": 2179, ""cpu_time"": 113, ""logical_reads"": 0, ""writes"": 0, ""status"": ""completed""}",EXECUTE,2179.0,113.0,0.0,0.0,,,,completed,USER,carga2
sql_batch_completed,2026-09-04 05:42:34.173,66,,,SteelNort,"{""event_name"": ""sql_batch_completed"", ""timestamp"": ""2026-09-04 05:42:34.173"", ""database_name"": ""SteelNort"", ""session_id"": 66, ""command"": ""AWAITING COMMAND"", ""duration"": 2023, ""cpu_time"": 0, ""logical_reads"": 0, ""writes"": 0, ""status"": ""completed""}",AWAITING COMMAND,2023.0,0.0,0.0,0.0,,,,completed,UNKNOWN,carga2
sql_batch_completed,2026-09-04 05:42:40.231,64,,,SteelNort,"{""event_name"": ""sql_batch_completed"", ""timestamp"": ""2026-09-04 05:42:40.231"", ""database_name"": ""SteelNort"", ""session_id"": 64, ""command"": ""AWAITING COMMAND"", ""duration"": 8, ""cpu_time"": 0, ""logical_reads"": 0, ""writes"": 0}",AWAITING COMMAND,8.0,0.0,0.0,0.0,,,,,UNKNOWN,carga2
sql_batch_completed,2026-09-04 05:42:40.231,71,,,SteelNort,"{""event_name"": ""sql_batch_completed"", ""timestamp"": ""2026-09-04 05:42:40.231"", ""database_name"": ""SteelNort"", ""session_id"": 71, ""command"": ""EXECUTE"", ""duration"": 49, ""cpu_time"": 39, ""logical_reads"": 0, ""writes"": 0, ""wait_type"": ""MSQL_XP""}",EXECUTE,49.0,39.0,0.0,0.0,MSQL_XP,,,,USER,carga2
sql_batch_completed,2026-09-04 05:42:42.249,64,,,SteelNort,"{""event_name"": ""sql_batch_completed"", ""timestamp"": ""2026-09-04 05:42:42.249"", ""database_name"": ""SteelNort"", ""session_id"": 64, ""command"": ""AWAITING COMMAND"", ""duration"": 2026, ""cpu_time"": 0, ""logical_reads"": 0, ""writes"": 0, ""status"": ""completed""}",AWAITING COMMAND,2026.0,0.0,0.0,0.0,,,,completed,UNKNOWN,carga2
sql_batch_completed,2026-09-04 05:42:42.249,71,,,SteelNort,"{""event_name"": ""sql_batch_completed"", ""timestamp"": ""2026-09-04 05:42:42.249"", ""database_name"": ""SteelNort"", ""session_id"": 71, ""command"": ""EXECUTE"", ""duration"": 2067, ""cpu_time"": 39, ""logical_reads"": 0, ""writes"": 0, ""status"": ""completed""}",EXECUTE,2067.0,39.0,0.0,0.0,,,,completed,USER,carga2
sql_batch_completed,2026-09-04 05:42:46.295,69,,,SteelNort,"{""event_name"": ""sql_batch_completed"", ""timestamp"": ""2026-09-04 05:42:46.295"", ""database_name"": ""SteelNort"", ""session_id"": 69, ""command"": ""AWAITING COMMAND"", ""duration"": 5, ""cpu_time"": 0, ""logical_reads"": 0, ""writes"": 0}",AWAITING COMMAND,5.0,0.0,0.0,0.0,,,,,UNKNOWN,carga2
sql_batch_completed,2026-09-04 05:42:48.319,69,,,SteelNort,"{""event_name"": ""sql_batch_completed"", ""timestamp"": ""2026-09-04 05:42:48.319"", ""database_name"": ""SteelNort"", ""session_id"": 69, ""command"": ""AWAITING COMMAND"", ""duration"": 2031, ""cpu_time"": 0, ""logical_reads"": 0, ""writes"": 0, ""status"": ""completed""}",AWAITING COMMAND,2031.0,0.0,0.0,0.0,,,,completed,UNKNOWN,carga2
login,2026-09-04 05:42:56.409,76,795ec2146175\Administrator,Microsoft SQL Server,SteelNort,"{""event_name"": ""login"", ""timestamp"": ""2026-09-04 05:42:56.409"", ""session_id"": 76, ""login_name"": ""795ec2146175\\Administrator"", ""program_name"": ""Microsoft SQL Server"", ""database_name"": ""SteelNort""}",,,,,,,,,,UNKNOWN,carga2
sql_batch_completed,2026-09-04 05:42:56.409,60,,,SteelNort,"{""event_name"": ""sql_batch_completed"", ""timestamp"": ""2026-09-04 05:42:56.409"", ""database_name"": ""SteelNort"", ""session_id"": 60, ""command"": ""AWAITING COMMAND"", ""duration"": 7, ""cpu_time"": 0, ""logical_reads"": 0, ""writes"": 0}",AWAITING COMMAND,7.0,0.0,0.0,0.0,,,,,UNKNOWN,carga2
sql_batch_completed,2026-09-04 05:42:56.409,71,,,SteelNort,"{""event_name"": ""sql_batch_completed"", ""timestamp"": ""2026-09-04 05:42:56.409"", ""database_name"": ""SteelNort"", ""session_id"": 71, ""command"": ""EXECUTE"", ""duration"": 155, ""cpu_time"": 97, ""logical_reads"": 0, ""writes"": 0, ""wait_type"": ""MSQL_XP""}",EXECUTE,155.0,97.0,0.0,0.0,MSQL_XP,,,,USER,carga2
logout,2026-09-04 05:42:58.438,76,,,,"{""event_name"": ""logout"", ""timestamp"": ""2026-09-04 05:42:58.438"", ""session_id"": 76}",,,,,,,,,,UNKNOWN,carga2
sql_batch_completed,2026-09-04 05:42:58.438,71,,,SteelNort,"{""event_name"": ""sql_batch_completed"", ""timestamp"": ""2026-09-04 05:42:58.438"", ""database_name"": ""SteelNort"", ""session_id"": 71, ""command"": ""EXECUTE"", ""duration"": 2185, ""cpu_time"": 97, ""logical_reads"": 0, ""writes"": 0, ""status"": ""completed""}",EXECUTE,2185.0,97.0,0.0,0.0,,,,completed,USER,carga2
sql_batch_completed,2026-09-04 05:43:00.466,60,,,SteelNort,"{""event_name"": ""sql_batch_completed"", ""timestamp"": ""2026-09-04 05:43:00.466"", ""database_name"": ""SteelNort"", ""session_id"": 60, ""command"": ""AWAITING COMMAND"", ""duration"": 2034, ""cpu_time"": 0, ""logical_reads"": 0, ""writes"": 0, ""status"": ""completed""}",AWAITING COMMAND,2034.0,0.0,0.0,0.0,,,,completed,UNKNOWN,carga2
sql_batch_completed,2026-09-04 05:43:02.493,63,,,SteelNort,"{""event_name"": ""sql_batch_completed"", ""timestamp"": ""2026-09-04 05:43:02.493"", ""database_name"": ""SteelNort"", ""session_id"": 63, ""command"": ""CONDITIONAL"", ""duration"": 4, ""cpu_time"": 0, ""logical_reads"": 0, ""writes"": 0}",CONDITIONAL,4.0,0.0,0.0,0.0,,,,,UNKNOWN,carga2
sql_batch_completed,2026-09-04 05:43:02.493,69,,,SteelNort,"{""event_name"": ""sql_batch_completed"", ""timestamp"": ""2026-09-04 05:43:02.493"", ""database_name"": ""SteelNort"", ""session_id"": 69, ""command"": ""SET OPTION OFF"", ""duration"": 6, ""cpu_time"": 0, ""logical_reads"": 0, ""writes"": 0}",SET OPTION OFF,6.0,0.0,0.0,0.0,,,,,UNKNOWN,carga2
sql_batch_completed,2026-09-04 05:43:02.493,71,,,SteelNort,"{""event_name"": ""sql_batch_completed"", ""timestamp"": ""2026-09-04 05:43:02.493"", ""database_name"": ""SteelNort"", ""session_id"": 71, ""command"": ""EXECUTE"", ""duration"": 27, ""cpu_time"": 16, ""logical_reads"": 0, ""writes"": 0, ""wait_type"": ""MSQL_XP""}",EXECUTE,27.0,16.0,0.0,0.0,MSQL_XP,,,,USER,carga2
sql_batch_completed,2026-09-04 05:43:04.540,69,,,SteelNort,"{""event_name"": ""sql_batch_completed"", ""timestamp"": ""2026-09-04 05:43:04.540"", ""database_name"": ""SteelNort"", ""session_id"": 69, ""command"": ""SET OPTION OFF"", ""duration"": 2042, ""cpu_time"": 0, ""logical_reads"": 0, ""writes"": 0, ""status"": ""completed""}",SET OPTION OFF,2042.0,0.0,0.0,0.0,,,,completed,UNKNOWN,carga2
sql_batch_completed,2026-09-04 05:43:04.540,71,,,SteelNort,"{""event_name"": ""sql_batch_completed"", ""timestamp"": ""2026-09-04 05:43:04.540"", ""database_name"": ""SteelNort"", ""session_id"": 71, ""command"": ""EXECUTE"", ""duration"": 2064, ""cpu_time"": 16, ""logical_reads"": 0, ""writes"": 0, ""status"": ""completed""}",EXECUTE,2064.0,16.0,0.0,0.0,,,,completed,USER,carga2
sql_batch_completed,2026-09-04 05:43:04.540,63,,,SteelNort,"{""event_name"": ""sql_batch_completed"", ""timestamp"": ""2026-09-04 05:43:04.540"", ""database_name"": ""SteelNort"", ""session_id"": 63, ""command"": ""CONDITIONAL"", ""duration"": 2045, ""cpu_time"": 0, ""logical_reads"": 0, ""writes"": 0, ""status"": ""completed""}",CONDITIONAL,2045.0,0.0,0.0,0.0,,,,completed,UNKNOWN,carga2
sql_batch_completed,2026-09-04 05:43:06.561,69,,,SteelNort,"{""event_name"": ""sql_batch_completed"", ""timestamp"": ""2026-09-04 05:43:06.561"", ""database_name"": ""SteelNort"", ""session_id"": 69, ""command"": ""AWAITING COMMAND"", ""duration"": 2, ""cpu_time"": 0, ""logical_reads"": 0, ""writes"": 0}",AWAITING COMMAND,2.0,0.0,0.0,0.0,,,,,UNKNOWN,carga2
sql_batch_completed,2026-09-04 05:43:08.592,69,,,SteelNort,"{""event_name"": ""sql_batch_completed"", ""timestamp"": ""2026-09-04 05:43:08.592"", ""database_name"": ""SteelNort"", ""session_id"": 69, ""command"": ""AWAITING COMMAND"", ""duration"": 2034, ""cpu_time"": 0, ""logical_reads"": 0, ""writes"": 0, ""status"": ""completed""}",AWAITING COMMAND,2034.0,0.0,0.0,0.0,,,,completed,UNKNOWN,carga2
sql_batch_completed,2026-09-04 05:43:16.682,66,,,SteelNort,"{""event_name"": ""sql_batch_completed"", ""timestamp"": ""2026-09-04 05:43:16.682"", ""database_name"": ""SteelNort"", ""session_id"": 66, ""command"": ""EXECUTE"", ""duration"": 8, ""cpu_time"": 0, ""logical_reads"": 0, ""writes"": 0}",EXECUTE,8.0,0.0,0.0,0.0,,,,,USER,carga2
sql_batch_completed,2026-09-04 05:43:18.706,64,,,SteelNort,"{""event_name"": ""sql_batch_completed"", ""timestamp"": ""2026-09-04 05:43:18.706"", ""database_name"": ""SteelNort"", ""session_id"": 64, ""command"": ""AWAITING COMMAND"", ""duration"": 6, ""cpu_time"": 0, ""logical_reads"": 0, ""writes"": 0}",AWAITING COMMAND,6.0,0.0,0.0,0.0,,,,,UNKNOWN,carga2
sql_batch_completed,2026-09-04 05:43:18.706,65,,,SteelNort,"{""event_name"": ""sql_batch_completed"", ""timestamp"": ""2026-09-04 05:43:18.706"", ""database_name"": ""SteelNort"", ""session_id"": 65, ""command"": ""EXECUTE"", ""duration"": 7, ""cpu_time"": 0, ""logical_reads"": 0, ""writes"": 0}",EXECUTE,7.0,0.0,0.0,0.0,,,,,USER,carga2
sql_batch_completed,2026-09-04 05:43:18.706,66,,,SteelNort,"{""event_name"": ""sql_batch_completed"", ""timestamp"": ""2026-09-04 05:43:18.706"", ""database_name"": ""SteelNort"", ""session_id"": 66, ""command"": ""EXECUTE"", ""duration"": 2032, ""cpu_time"": 0, ""logical_reads"": 0, ""writes"": 0, ""status"": ""completed""}",EXECUTE,2032.0,0.0,0.0,0.0,,,,completed,USER,carga2
sql_batch_completed,2026-09-04 05:43:20.727,70,,,SteelNort,"{""event_name"": ""sql_batch_completed"", ""timestamp"": ""2026-09-04 05:43:20.727"", ""database_name"": ""SteelNort"", ""session_id"": 70, ""command"": ""AWAITING COMMAND"", ""duration"": 4, ""cpu_time"": 0, ""logical_reads"": 0, ""writes"": 0}",AWAITING COMMAND,4.0,0.0,0.0,0.0,,,,,UNKNOWN,carga2
sql_batch_completed,2026-09-04 05:43:20.727,64,,,SteelNort,"{""event_name"": ""sql_batch_completed"", ""timestamp"": ""2026-09-04 05:43:20.727"", ""database_name"": ""SteelNort"", ""session_id"": 64, ""command"": ""AWAITING COMMAND"", ""duration"": 2031, ""cpu_time"": 0, ""logical_reads"": 0, ""writes"": 0, ""status"": ""completed""}",AWAITING COMMAND,2031.0,0.0,0.0,0.0,,,,completed,UNKNOWN,carga2
sql_batch_completed,2026-09-04 05:43:20.727,65,,,SteelNort,"{""event_name"": ""sql_batch_completed"", ""timestamp"": ""2026-09-04 05:43:20.727"", ""database_name"": ""SteelNort"", ""session_id"": 65, ""command"": ""EXECUTE"", ""duration"": 2032, ""cpu_time"": 0, ""logical_reads"": 0, ""writes"": 0, ""status"": ""completed""}",EXECUTE,2032.0,0.0,0.0,0.0,,,,completed,USER,carga2
sql_batch_completed,2026-09-04 05:43:22.753,70,,,SteelNort,"{""event_name"": ""sql_batch_completed"", ""timestamp"": ""2026-09-04 05:43:22.753"", ""database_name"": ""SteelNort"", ""session_id"": 70, ""command"": ""AWAITING COMMAND"", ""duration"": 2028, ""cpu_time"": 0, ""logical_reads"": 0, ""writes"": 0, ""status"": ""completed""}",AWAITING COMMAND,2028.0,0.0,0.0,0.0,,,,completed,UNKNOWN,carga2
login,2026-09-04 05:43:24.771,76,795ec2146175\Administrator,Microsoft SQL Server,SteelNort,"{""event_name"": ""login"", ""timestamp"": ""2026-09-04 05:43:24.771"", ""session_id"": 76, ""login_name"": ""795ec2146175\\Administrator"", ""program_name"": ""Microsoft SQL Server"", ""database_name"": ""SteelNort""}",,,,,,,,,,UNKNOWN,carga2
sql_batch_completed,2026-09-04 05:43:24.771,64,,,SteelNort,"{""event_name"": ""sql_batch_completed"", ""timestamp"": ""2026-09-04 05:43:24.771"", ""database_name"": ""SteelNort"", ""session_id"": 64, ""command"": ""AWAITING COMMAND"", ""duration"": 5, ""cpu_time"": 0, ""logical_reads"": 0, ""writes"": 0}",AWAITING COMMAND,5.0,0.0,0.0,0.0,,,,,UNKNOWN,carga2
sql_batch_completed,2026-09-04 05:43:24.771,71,,,SteelNort,"{""event_name"": ""sql_batch_completed"", ""timestamp"": ""2026-09-04 05:43:24.771"", ""database_name"": ""SteelNort"", ""session_id"": 71, ""command"": ""EXECUTE"", ""duration"": 120, ""cpu_time"": 92, ""logical_reads"": 0, ""writes"": 0, ""wait_type"": ""MSQL_XP""}",EXECUTE,120.0,92.0,0.0,0.0,MSQL_XP,,,,USER,carga2
logout,2026-09-04 05:43:26.794,76,,,,"{""event_name"": ""logout"", ""timestamp"": ""2026-09-04 05:43:26.794"", ""session_id"": 76}",,,,,,,,,,UNKNOWN,carga2
sql_batch_completed,2026-09-04 05:43:26.794,64,,,SteelNort,"{""event_name"": ""sql_batch_completed"", ""timestamp"": ""2026-09-04 05:43:26.794"", ""database_name"": ""SteelNort"", ""session_id"": 64, ""command"": ""AWAITING COMMAND"", ""duration"": 2029, ""cpu_time"": 0, ""logical_reads"": 0, ""writes"": 0, ""status"": ""completed""}",AWAITING COMMAND,2029.0,0.0,0.0,0.0,,,,completed,UNKNOWN,carga2
sql_batch_completed,2026-09-04 05:43:26.794,71,,,SteelNort,"{""event_name"": ""sql_batch_completed"", ""timestamp"": ""2026-09-04 05:43:26.794"", ""database_name"": ""SteelNort"", ""session_id"": 71, ""command"": ""EXECUTE"", ""duration"": 2144, ""cpu_time"": 92, ""logical_reads"": 0, ""writes"": 0, ""status"": ""completed""}",EXECUTE,2144.0,92.0,0.0,0.0,,,,completed,USER,carga2
sql_batch_completed,2026-09-04 05:43:32.865,60,,,SteelNort,"{""event_name"": ""sql_batch_completed"", ""timestamp"": ""2026-09-04 05:43:32.865"", ""database_name"": ""SteelNort"", ""session_id"": 60, ""command"": ""AWAITING COMMAND"", ""duration"": 8, ""cpu_time"": 1, ""logical_reads"": 0, ""writes"": 0}",AWAITING COMMAND,8.0,1.0,0.0,0.0,,,,,UNKNOWN,carga2
lock_acquired,2026-09-04 05:43:32.865,66,,,,"{""event_name"": ""lock_acquired"", ""timestamp"": ""2026-09-04 05:43:32.865"", ""session_id"": 66, ""resource_type"": ""OBJECT"", ""mode"": ""IS""}",,,,,,,OBJECT,IS,,UNKNOWN,carga2
sql_batch_completed,2026-09-04 05:43:34.894,63,,,SteelNort,"{""event_name"": ""sql_batch_completed"", ""timestamp"": ""2026-09-04 05:43:34.894"", ""database_name"": ""SteelNort"", ""session_id"": 63, ""command"": ""AWAITING COMMAND"", ""duration"": 4, ""cpu_time"": 0, ""logical_reads"": 0, ""writes"": 0}",AWAITING COMMAND,4.0,0.0,0.0,0.0,,,,,UNKNOWN,carga2
sql_batch_completed,2026-09-04 05:43:34.894,60,,,SteelNort,"{""event_name"": ""sql_batch_completed"", ""timestamp"": ""2026-09-04 05:43:34.894"", ""database_name"": ""SteelNort"", ""session_id"": 60, ""command"": ""AWAITING COMMAND"", ""duration"": 2038, ""cpu_time"": 1, ""logical_reads"": 0, ""writes"": 0, ""status"": ""completed""}",AWAITING COMMAND,2038.0,1.0,0.0,0.0,,,,completed,UNKNOWN,carga2
lock_released,2026-09-04 05:43:34.894,66,,,,"{""event_name"": ""lock_released"", ""timestamp"": ""2026-09-04 05:43:34.894"", ""session_id"": 66, ""resource_type"": ""OBJECT"", ""mode"": ""IS""}",,,,,,,OBJECT,IS,,UNKNOWN,carga2
sql_batch_completed,2026-09-04 05:43:36.917,63,,,SteelNort,"{""event_name"": ""sql_batch_completed"", ""timestamp"": ""2026-09-04 05:43:36.917"", ""database_name"": ""SteelNort"", ""session_id"": 63, ""command"": ""AWAITING COMMAND"", ""duration"": 2025, ""cpu_time"": 0, ""logical_reads"": 0, ""writes"": 0, ""status"": ""completed""}",AWAITING COMMAND,2025.0,0.0,0.0,0.0,,,,completed,UNKNOWN,carga2
sql_batch_completed,2026-09-04 05:43:40.967,67,,,SteelNort,"{""event_name"": ""sql_batch_completed"", ""timestamp"": ""2026-09-04 05:43:40.967"", ""database_name"": ""SteelNort"", ""session_id"": 67, ""command"": ""EXECUTE"", ""duration"": 8, ""cpu_time"": 0, ""logical_reads"": 0, ""writes"": 0}",EXECUTE,8.0,0.0,0.0,0.0,,,,,USER,carga2
sql_batch_completed,2026-09-04 05:43:40.967,70,,,SteelNort,"{""event_name"": ""sql_batch_completed"", ""timestamp"": ""2026-09-04 05:43:40.967"", ""database_name"": ""SteelNort"", ""session_id"": 70, ""command"": ""EXECUTE"", ""duration"": 9, ""cpu_time"": 0, ""logical_reads"": 0, ""writes"": 0}",EXECUTE,9.0,0.0,0.0,0.0,,,,,USER,carga2
sql_batch_completed,2026-09-04 05:43:40.967,71,,,SteelNort,"{""event_name"": ""sql_batch_completed"", ""timestamp"": ""2026-09-04 05:43:40.967"", ""database_name"": ""SteelNort"", ""session_id"": 71, ""command"": ""EXECUTE"", ""duration"": 37, ""cpu_time"": 24, ""logical_reads"": 0, ""writes"": 0, ""wait_type"": ""MSQL_XP""}",EXECUTE,37.0,24.0,0.0,0.0,MSQL_XP,,,,USER,carga2
sql_batch_completed,2026-09-04 05:43:42.994,67,,,SteelNort,"{""event_name"": ""sql_batch_completed"", ""timestamp"": ""2026-09-04 05:43:42.994"", ""database_name"": ""SteelNort"", ""session_id"": 67, ""command"": ""EXECUTE"", ""duration"": 2036, ""cpu_time"": 0, ""logical_reads"": 0, ""writes"": 0, ""status"": ""completed""}",EXECUTE,2036.0,0.0,0.0,0.0,,,,completed,USER,carga2
sql_batch_completed,2026-09-04 05:43:42.994,70,,,SteelNort,"{""event_name"": ""sql_batch_completed"", ""timestamp"": ""2026-09-04 05:43:42.994"", ""database_name"": ""SteelNort"", ""session_id"": 70, ""command"": ""EXECUTE"", ""duration"": 2038, ""cpu_time"": 0, ""logical_reads"": 0, ""writes"": 0, ""status"": ""completed""}",EXECUTE,2038.0,0.0,0.0,0.0,,,,completed,USER,carga2
sql_batch_completed,2026-09-04 05:43:42.994,71,,,SteelNort,"{""event_name"": ""sql_batch_completed"", ""timestamp"": ""2026-09-04 05:43:42.994"", ""database_name"": ""SteelNort"", ""session_id"": 71, ""command"": ""EXECUTE"", ""duration"": 2066, ""cpu_time"": 24, ""logical_reads"": 0, ""writes"": 0, ""status"": ""completed""}",EXECUTE,2066.0,24.0,0.0,0.0,,,,completed,USER,carga2
sql_batch_completed,2026-09-04 05:43:49.067,62,,,SteelNort,"{""event_name"": ""sql_batch_completed"", ""timestamp"": ""2026-09-04 05:43:49.067"", ""database_name"": ""SteelNort"", ""session_id"": 62, ""command"": ""EXECUTE"", ""duration"": 2, ""cpu_time"": 0, ""logical_reads"": 0, ""writes"": 0}",EXECUTE,2.0,0.0,0.0,0.0,,,,,USER,carga2
wait_info,2026-09-04 05:43:51.092,57,,,master,"{""event_name"": ""wait_info"", ""timestamp"": ""2026-09-04 05:43:51.092"", ""session_id"": 57, ""wait_type"": ""BROKER_TO_FLUSH"", ""database_name"": ""master""}",,,,,,BROKER_TO_FLUSH,,,,UNKNOWN,carga2
sql_batch_completed,2026-09-04 05:43:51.092,71,,,SteelNort,"{""event_name"": ""sql_batch_completed"", ""timestamp"": ""2026-09-04 05:43:51.092"", ""database_name"": ""SteelNort"", ""session_id"": 71, ""command"": ""EXECUTE"", ""duration"": 61, ""cpu_time"": 55, ""logical_reads"": 0, ""writes"": 0, ""wait_type"": ""MSQL_XP""}",EXECUTE,61.0,55.0,0.0,0.0,MSQL_XP,,,,USER,carga2
sql_batch_completed,2026-09-04 05:43:51.092,62,,,SteelNort,"{""event_name"": ""sql_batch_completed"", ""timestamp"": ""2026-09-04 05:43:51.092"", ""database_name"": ""SteelNort"", ""session_id"": 62, ""command"": ""EXECUTE"", ""duration"": 2029, ""cpu_time"": 0, ""logical_reads"": 0, ""writes"": 0, ""status"": ""completed""}",EXECUTE,2029.0,0.0,0.0,0.0,,,,completed,USER,carga2
sql_batch_completed,2026-09-04 05:43:53.127,70,,,SteelNort,"{""event_name"": ""sql_batch_completed"", ""timestamp"": ""2026-09-04 05:43:53.127"", ""database_name"": ""SteelNort"", ""session_id"": 70, ""command"": ""EXECUTE"", ""duration"": 5, ""cpu_time"": 0, ""logical_reads"": 0, ""writes"": 0}",EXECUTE,5.0,0.0,0.0,0.0,,,,,USER,carga2
sql_batch_completed,2026-09-04 05:43:53.127,71,,,SteelNort,"{""event_name"": ""sql_batch_completed"", ""timestamp"": ""2026-09-04 05:43:53.127"", ""database_name"": ""SteelNort"", ""session_id"": 71, ""command"": ""EXECUTE"", ""duration"": 2096, ""cpu_time"": 55, ""logical_reads"": 0, ""writes"": 0, ""status"": ""completed""}",EXECUTE,2096.0,55.0,0.0,0.0,,,,completed,USER,carga2
sql_batch_completed,2026-09-04 05:43:55.152,70,,,SteelNort,"{""event_name"": ""sql_batch_completed"", ""timestamp"": ""2026-09-04 05:43:55.152"", ""database_name"": ""SteelNort"", ""session_id"": 70, ""command"": ""EXECUTE"", ""duration"": 2030, ""cpu_time"": 0, ""logical_reads"": 0, ""writes"": 0, ""status"": ""completed""}",EXECUTE,2030.0,0.0,0.0,0.0,,,,completed,USER,carga2
sql_batch_completed,2026-09-04 05:43:59.196,69,,,SteelNort,"{""event_name"": ""sql_batch_completed"", ""timestamp"": ""2026-09-04 05:43:59.196"", ""database_name"": ""SteelNort"", ""session_id"": 69, ""command"": ""EXECUTE"", ""duration"": 4, ""cpu_time"": 0, ""logical_reads"": 0, ""writes"": 0}",EXECUTE,4.0,0.0,0.0,0.0,,,,,USER,carga2
login,2026-09-04 05:44:01.219,76,795ec2146175\Administrator,Microsoft SQL Server,SteelNort,"{""event_name"": ""login"", ""timestamp"": ""2026-09-04 05:44:01.219"", ""session_id"": 76, ""login_name"": ""795ec2146175\\Administrator"", ""program_name"": ""Microsoft SQL Server"", ""database_name"": ""SteelNort""}",,,,,,,,,,UNKNOWN,carga2
sql_batch_completed,2026-09-04 05:44:01.219,64,,,SteelNort,"{""event_name"": ""sql_batch_completed"", ""timestamp"": ""2026-09-04 05:44:01.219"", ""database_name"": ""SteelNort"", ""session_id"": 64, ""command"": ""AWAITING COMMAND"", ""duration"": 7, ""cpu_time"": 0, ""logical_reads"": 0, ""writes"": 0}",AWAITING COMMAND,7.0,0.0,0.0,0.0,,,,,UNKNOWN,carga2
sql_batch_completed,2026-09-04 05:44:01.219,71,,,SteelNort,"{""event_name"": ""sql_batch_completed"", ""timestamp"": ""2026-09-04 05:44:01.219"", ""database_name"": ""SteelNort"", ""session_id"": 71, ""command"": ""EXECUTE"", ""duration"": 182, ""cpu_time"": 100, ""logical_reads"": 0, ""writes"": 0, ""wait_type"": ""MSQL_XP""}",EXECUTE,182.0,100.0,0.0,0.0,MSQL_XP,,,,USER,carga2
sql_batch_completed,2026-09-04 05:44:01.219,69,,,SteelNort,"{""event_name"": ""sql_batch_completed"", ""timestamp"": ""2026-09-04 05:44:01.219"", ""database_name"": ""SteelNort"", ""session_id"": 69, ""command"": ""EXECUTE"", ""duration"": 2034, ""cpu_time"": 0, ""logical_reads"": 0, ""writes"": 0, ""status"": ""completed""}",EXECUTE,2034.0,0.0,0.0,0.0,,,,completed,USER,carga2
logout,2026-09-04 05:44:03.246,76,,,,"{""event_name"": ""logout"", ""timestamp"": ""2026-09-04 05:44:03.246"", ""session_id"": 76}",,,,,,,,,,UNKNOWN,carga2
sql_batch_completed,2026-09-04 05:44:03.246,68,,,SteelNort,"{""event_name"": ""sql_batch_completed"", ""timestamp"": ""2026-09-04 05:44:03.246"", ""database_name"": ""SteelNort"", ""session_id"": 68, ""command"": ""EXECUTE"", ""duration"": 6, ""cpu_time"": 0, ""logical_reads"": 0, ""writes"": 0}",EXECUTE,6.0,0.0,0.0,0.0,,,,,USER,carga2
sql_batch_completed,2026-09-04 05:44:03.246,64,,,SteelNort,"{""event_name"": ""sql_batch_completed"", ""timestamp"": ""2026-09-04 05:44:03.246"", ""database_name"": ""SteelNort"", ""session_id"": 64, ""command"": ""AWAITING COMMAND"", ""duration"": 2034, ""cpu_time"": 0, ""logical_reads"": 0, ""writes"": 0, ""status"": ""completed""}",AWAITING COMMAND,2034.0,0.0,0.0,0.0,,,,completed,UNKNOWN,carga2
sql_batch_completed,2026-09-04 05:44:03.246,71,,,SteelNort,"{""event_name"": ""sql_batch_completed"", ""timestamp"": ""2026-09-04 05:44:03.246"", ""database_name"": ""SteelNort"", ""session_id"": 71, ""command"": ""EXECUTE"", ""duration"": 2209, ""cpu_time"": 100, ""logical_reads"": 0, ""writes"": 0, ""status"": ""completed""}",EXECUTE,2209.0,100.0,0.0,0.0,,,,completed,USER,carga2
sql_batch_completed,2026-09-04 05:44:05.272,67,,,SteelNort,"{""event_name"": ""sql_batch_completed"", ""timestamp"": ""2026-09-04 05:44:05.272"", ""database_name"": ""SteelNort"", ""session_id"": 67, ""command"": ""SELECT"", ""duration"": 4, ""cpu_time"": 1, ""logical_reads"": 0, ""writes"": 0}",SELECT,4.0,1.0,0.0,0.0,,,,,USER,carga2
sql_batch_completed,2026-09-04 05:44:05.272,68,,,SteelNort,"{""event_name"": ""sql_batch_completed"", ""timestamp"": ""2026-09-04 05:44:05.272"", ""database_name"": ""SteelNort"", ""session_id"": 68, ""command"": ""EXECUTE"", ""duration"": 2033, ""cpu_time"": 0, ""logical_reads"": 0, ""writes"": 0, ""status"": ""completed""}",EXECUTE,2033.0,0.0,0.0,0.0,,,,completed,USER,carga2
sql_batch_completed,2026-09-04 05:44:07.295,60,,,SteelNort,"{""event_name"": ""sql_batch_completed"", ""timestamp"": ""2026-09-04 05:44:07.295"", ""database_name"": ""SteelNort"", ""session_id"": 60, ""command"": ""AWAITING COMMAND"", ""duration"": 5, ""cpu_time"": 0, ""logical_reads"": 0, ""writes"": 0}",AWAITING COMMAND,5.0,0.0,0.0,0.0,,,,,UNKNOWN,carga2
sql_batch_completed,2026-09-04 05:44:07.295,67,,,SteelNort,"{""event_name"": ""sql_batch_completed"", ""timestamp"": ""2026-09-04 05:44:07.295"", ""database_name"": ""SteelNort"", ""session_id"": 67, ""command"": ""SELECT"", ""duration"": 2029, ""cpu_time"": 1, ""logical_reads"": 0, ""writes"": 0, ""status"": ""completed""}",SELECT,2029.0,1.0,0.0,0.0,,,,completed,USER,carga2
lock_acquired,2026-09-04 05:44:07.295,69,,,,"{""event_name"": ""lock_acquired"", ""timestamp"": ""2026-09-04 05:44:07.295"", ""session_id"": 69, ""resource_type"": ""KEY"", ""mode"": ""S""}",,,,,,,KEY,S,,UNKNOWN,carga2
sql_batch_completed,2026-09-04 05:44:09.322,62,,,SteelNort,"{""event_name"": ""sql_batch_completed"", ""timestamp"": ""2026-09-04 05:44:09.322"", ""database_name"": ""SteelNort"", ""session_id"": 62, ""command"": ""AWAITING COMMAND"", ""duration"": 7, ""cpu_time"": 0, ""logical_reads"": 0, ""writes"": 0}",AWAITING COMMAND,7.0,0.0,0.0,0.0,,,,,UNKNOWN,carga2
sql_batch_completed,2026-09-04 05:44:09.322,60,,,SteelNort,"{""event_name"": ""sql_batch_completed"", ""timestamp"": ""2026-09-04 05:44:09.322"", ""database_name"": ""SteelNort"", ""session_id"": 60, ""command"": ""AWAITING COMMAND"", ""duration"": 2035, ""cpu_time"": 0, ""logical_reads"": 0, ""writes"": 0, ""status"": ""completed""}",AWAITING COMMAND,2035.0,0.0,0.0,0.0,,,,completed,UNKNOWN,carga2
lock_released,2026-09-04 05:44:09.322,69,,,,"{""event_name"": ""lock_released"", ""timestamp"": ""2026-09-04 05:44:09.322"", ""session_id"": 69, ""resource_type"": ""KEY"", ""mode"": ""S""}",,,,,,,KEY,S,,UNKNOWN,carga2
login,2026-09-04 05:44:11.349,76,795ec2146175\Administrator,Microsoft SQL Server,SteelNort,"{""event_name"": ""login"", ""timestamp"": ""2026-09-04 05:44:11.349"", ""session_id"": 76, ""login_name"": ""795ec2146175\\Administrator"", ""program_name"": ""Microsoft SQL Server"", ""database_name"": ""SteelNort""}",,,,,,,,,,UNKNOWN,carga2
sql_batch_completed,2026-09-04 05:44:11.349,71,,,SteelNort,"{""event_name"": ""sql_batch_completed"", ""timestamp"": ""2026-09-04 05:44:11.349"", ""database_name"": ""SteelNort"", ""session_id"": 71, ""command"": ""EXECUTE"", ""duration"": 211, ""cpu_time"": 127, ""logical_reads"": 0, ""writes"": 0, ""wait_type"": ""MSQL_XP""}",EXECUTE,211.0,127.0,0.0,0.0,MSQL_XP,,,,USER,carga2
sql_batch_completed,2026-09-04 05:44:11.349,62,,,SteelNort,"{""event_name"": ""sql_batch_completed"", ""timestamp"": ""2026-09-04 05:44:11.349"", ""database_name"": ""SteelNort"", ""session_id"": 62, ""command"": ""AWAITING COMMAND"", ""duration"": 2035, ""cpu_time"": 0, ""logical_reads"": 0, ""writes"": 0, ""status"": ""completed""}",AWAITING COMMAND,2035.0,0.0,0.0,0.0,,,,completed,UNKNOWN,carga2
logout,2026-09-04 05:44:13.374,76,,,,"{""event_name"": ""logout"", ""timestamp"": ""2026-09-04 05:44:13.374"", ""session_id"": 76}",,,,,,,,,,UNKNOWN,carga2
sql_batch_completed,2026-09-04 05:44:13.374,71,,,SteelNort,"{""event_name"": ""sql_batch_completed"", ""timestamp"": ""2026-09-04 05:44:13.374"", ""database_name"": ""SteelNort"", ""session_id"": 71, ""command"": ""EXECUTE"", ""duration"": 2235, ""cpu_time"": 127, ""logical_reads"": 0, ""writes"": 0, ""status"": ""completed""}",EXECUTE,2235.0,127.0,0.0,0.0,,,,completed,USER,carga2
login,2026-09-04 05:44:17.423,76,NT AUTHORITY\SYSTEM,SQLServerCEIP,SteelNort,"{""event_name"": ""login"", ""timestamp"": ""2026-09-04 05:44:17.423"", ""session_id"": 76, ""login_name"": ""NT AUTHORITY\\SYSTEM"", ""program_name"": ""SQLServerCEIP"", ""database_name"": ""SteelNort""}",,,,,,,,,,UNKNOWN,carga2
wait_info,2026-09-04 05:44:17.423,77,,,master,"{""event_name"": ""wait_info"", ""timestamp"": ""2026-09-04 05:44:17.423"", ""session_id"": 77, ""wait_type"": ""SLEEP_TASK"", ""database_name"": ""master""}",,,,,,SLEEP_TASK,,,,UNKNOWN,carga2
sql_batch_completed,2026-09-04 05:44:27.583,67,,,SteelNort,"{""event_name"": ""sql_batch_completed"", ""timestamp"": ""2026-09-04 05:44:27.583"", ""database_name"": ""SteelNort"", ""session_id"": 67, ""command"": ""SELECT"", ""duration"": 21, ""cpu_time"": 13, ""logical_reads"": 0, ""writes"": 0}",SELECT,21.0,13.0,0.0,0.0,,,,,USER,carga2
lock_acquired,2026-09-04 05:44:27.583,67,,,,"{""event_name"": ""lock_acquired"", ""timestamp"": ""2026-09-04 05:44:27.583"", ""session_id"": 67, ""resource_type"": ""KEY"", ""mode"": ""S""}",,,,,,,KEY,S,,UNKNOWN,carga2
lock_acquired,2026-09-04 05:44:27.583,67,,,,"{""event_name"": ""lock_acquired"", ""timestamp"": ""2026-09-04 05:44:27.583"", ""session_id"": 67, ""resource_type"": ""RID"", ""mode"": ""S""}",,,,,,,RID,S,,UNKNOWN,carga2
lock_acquired,2026-09-04 05:44:27.583,67,,,,"{""event_name"": ""lock_acquired"", ""timestamp"": ""2026-09-04 05:44:27.583"", ""session_id"": 67, ""resource_type"": ""PAGE"", ""mode"": ""IS""}",,,,,,,PAGE,IS,,UNKNOWN,carga2
lock_acquired,2026-09-04 05:44:27.583,67,,,,"{""event_name"": ""lock_acquired"", ""timestamp"": ""2026-09-04 05:44:27.583"", ""session_id"": 67, ""resource_type"": ""OBJECT"", ""mode"": ""IS""}",,,,,,,OBJECT,IS,,UNKNOWN,carga2
sql_batch_completed,2026-09-04 05:44:29.609,68,,,SteelNort,"{""event_name"": ""sql_batch_completed"", ""timestamp"": ""2026-09-04 05:44:29.609"", ""database_name"": ""SteelNort"", ""session_id"": 68, ""command"": ""AWAITING COMMAND"", ""duration"": 6, ""cpu_time"": 0, ""logical_reads"": 0, ""writes"": 0}",AWAITING COMMAND,6.0,0.0,0.0,0.0,,,,,UNKNOWN,carga2
sql_batch_completed,2026-09-04 05:44:29.609,67,,,SteelNort,"{""event_name"": ""sql_batch_completed"", ""timestamp"": ""2026-09-04 05:44:29.609"", ""database_name"": ""SteelNort"", ""session_id"": 67, ""command"": ""SELECT"", ""duration"": 2052, ""cpu_time"": 13, ""logical_reads"": 0, ""writes"": 0, ""status"": ""completed""}",SELECT,2052.0,13.0,0.0,0.0,,,,completed,USER,carga2
lock_released,2026-09-04 05:44:29.609,67,,,,"{""event_name"": ""lock_released"", ""timestamp"": ""2026-09-04 05:44:29.609"", ""session_id"": 67, ""resource_type"": ""KEY"", ""mode"": ""S""}",,,,,,,KEY,S,,UNKNOWN,carga2
lock_released,2026-09-04 05:44:29.609,67,,,,"{""event_name"": ""lock_released"", ""timestamp"": ""2026-09-04 05:44:29.609"", ""session_id"": 67, ""resource_type"": ""RID"", ""mode"": ""S""}",,,,,,,RID,S,,UNKNOWN,carga2
lock_released,2026-09-04 05:44:29.609,67,,,,"{""event_name"": ""lock_released"", ""timestamp"": ""2026-09-04 05:44:29.609"", ""session_id"": 67, ""resource_type"": ""PAGE"", ""mode"": ""IS""}",,,,,,,PAGE,IS,,UNKNOWN,carga2
lock_released,2026-09-04 05:44:29.609,67,,,,"{""event_name"": ""lock_released"", ""timestamp"": ""2026-09-04 05:44:29.609"", ""session_id"": 67, ""resource_type"": ""OBJECT"", ""mode"": ""IS""}",,,,,,,OBJECT,IS,,UNKNOWN,carga2
sql_batch_completed,2026-09-04 05:44:31.641,70,,,SteelNort,"{""event_name"": ""sql_batch_completed"", ""timestamp"": ""2026-09-04 05:44:31.641"", ""database_name"": ""SteelNort"", ""session_id"": 70, ""command"": ""EXECUTE"", ""duration"": 7, ""cpu_time"": 1, ""logical_reads"": 0, ""writes"": 0}",EXECUTE,7.0,1.0,0.0,0.0,,,,,USER,carga2
sql_batch_completed,2026-09-04 05:44:31.641,68,,,SteelNort,"{""event_name"": ""sql_batch_completed"", ""timestamp"": ""2026-09-04 05:44:31.641"", ""database_name"": ""SteelNort"", ""session_id"": 68, ""command"": ""AWAITING COMMAND"", ""duration"": 2034, ""cpu_time"": 0, ""logical_reads"": 0, ""writes"": 0, ""status"": ""completed""}",AWAITING COMMAND,2034.0,0.0,0.0,0.0,,,,completed,UNKNOWN,carga2
sql_batch_completed,2026-09-04 05:44:33.662,70,,,SteelNort,"{""event_name"": ""sql_batch_completed"", ""timestamp"": ""2026-09-04 05:44:33.662"", ""database_name"": ""SteelNort"", ""session_id"": 70, ""command"": ""EXECUTE"", ""duration"": 2031, ""cpu_time"": 1, ""logical_reads"": 0, ""writes"": 0, ""status"": ""completed""}",EXECUTE,2031.0,1.0,0.0,0.0,,,,completed,USER,carga2
sql_batch_completed,2026-09-04 05:44:37.707,71,,,SteelNort,"{""event_name"": ""sql_batch_completed"", ""timestamp"": ""2026-09-04 05:44:37.707"", ""database_name"": ""SteelNort"", ""session_id"": 71, ""command"": ""EXECUTE"", ""duration"": 76, ""cpu_time"": 67, ""logical_reads"": 0, ""writes"": 0, ""wait_type"": ""MSQL_XP""}",EXECUTE,76.0,67.0,0.0,0.0,MSQL_XP,,,,USER,carga2
sql_batch_completed,2026-09-04 05:44:39.743,71,,,SteelNort,"{""event_name"": ""sql_batch_completed"", ""timestamp"": ""2026-09-04 05:44:39.743"", ""database_name"": ""SteelNort"", ""session_id"": 71, ""command"": ""EXECUTE"", ""duration"": 2105, ""cpu_time"": 67, ""logical_reads"": 0, ""writes"": 0, ""status"": ""completed""}",EXECUTE,2105.0,67.0,0.0,0.0,,,,completed,USER,carga2
sql_batch_completed,2026-09-04 05:44:41.769,62,,,SteelNort,"{""event_name"": ""sql_batch_completed"", ""timestamp"": ""2026-09-04 05:44:41.769"", ""database_name"": ""SteelNort"", ""session_id"": 62, ""command"": ""SET OPTION OFF"", ""duration"": 6, ""cpu_time"": 0, ""logical_reads"": 0, ""writes"": 0}",SET OPTION OFF,6.0,0.0,0.0,0.0,,,,,UNKNOWN,carga2
sql_batch_completed,2026-09-04 05:44:43.790,68,,,SteelNort,"{""event_name"": ""sql_batch_completed"", ""timestamp"": ""2026-09-04 05:44:43.790"", ""database_name"": ""SteelNort"", ""session_id"": 68, ""command"": ""AWAITING COMMAND"", ""duration"": 4, ""cpu_time"": 0, ""logical_reads"": 0, ""writes"": 0}",AWAITING COMMAND,4.0,0.0,0.0,0.0,,,,,UNKNOWN,carga2
sql_batch_completed,2026-09-04 05:44:43.790,62,,,SteelNort,"{""event_name"": ""sql_batch_completed"", ""timestamp"": ""2026-09-04 05:44:43.790"", ""database_name"": ""SteelNort"", ""session_id"": 62, ""command"": ""SET OPTION OFF"", ""duration"": 2029, ""cpu_time"": 0, ""logical_reads"": 0, ""writes"": 0, ""status"": ""completed""}",SET OPTION OFF,2029.0,0.0,0.0,0.0,,,,completed,UNKNOWN,carga2
lock_acquired,2026-09-04 05:44:43.790,69,,,,"{""event_name"": ""lock_acquired"", ""timestamp"": ""2026-09-04 05:44:43.790"", ""session_id"": 69, ""resource_type"": ""OBJECT"", ""mode"": ""IX""}",,,,,,,OBJECT,IX,,UNKNOWN,carga2
lock_acquired,2026-09-04 05:44:43.790,69,,,,"{""event_name"": ""lock_acquired"", ""timestamp"": ""2026-09-04 05:44:43.790"", ""session_id"": 69, ""resource_type"": ""KEY"", ""mode"": ""X""}",,,,,,,KEY,X,,UNKNOWN,carga2
lock_acquired,2026-09-04 05:44:43.790,69,,,,"{""event_name"": ""lock_acquired"", ""timestamp"": ""2026-09-04 05:44:43.790"", ""session_id"": 69, ""resource_type"": ""RID"", ""mode"": ""X""}",,,,,,,RID,X,,UNKNOWN,carga2
lock_acquired,2026-09-04 05:44:43.790,69,,,,"{""event_name"": ""lock_acquired"", ""timestamp"": ""2026-09-04 05:44:43.790"", ""session_id"": 69, ""resource_type"": ""PAGE"", ""mode"": ""IX""}",,,,,,,PAGE,IX,,UNKNOWN,carga2
sql_batch_completed,2026-09-04 05:44:45.826,68,,,SteelNort,"{""event_name"": ""sql_batch_completed"", ""timestamp"": ""2026-09-04 05:44:45.826"", ""database_name"": ""SteelNort"", ""session_id"": 68, ""command"": ""AWAITING COMMAND"", ""duration"": 2042, ""cpu_time"": 0, ""logical_reads"": 0, ""writes"": 0, ""status"": ""completed""}",AWAITING COMMAND,2042.0,0.0,0.0,0.0,,,,completed,UNKNOWN,carga2
lock_released,2026-09-04 05:44:45.826,69,,,,"{""event_name"": ""lock_released"", ""timestamp"": ""2026-09-04 05:44:45.826"", ""session_id"": 69, ""resource_type"": ""OBJECT"", ""mode"": ""IX""}",,,,,,,OBJECT,IX,,UNKNOWN,carga2
lock_released,2026-09-04 05:44:45.826,69,,,,"{""event_name"": ""lock_released"", ""timestamp"": ""2026-09-04 05:44:45.826"", ""session_id"": 69, ""resource_type"": ""KEY"", ""mode"": ""X""}",,,,,,,KEY,X,,UNKNOWN,carga2
lock_released,2026-09-04 05:44:45.826,69,,,,"{""event_name"": ""lock_released"", ""timestamp"": ""2026-09-04 05:44:45.826"", ""session_id"": 69, ""resource_type"": ""RID"", ""mode"": ""X""}",,,,,,,RID,X,,UNKNOWN,carga2
lock_released,2026-09-04 05:44:45.826,69,,,,"{""event_name"": ""lock_released"", ""timestamp"": ""2026-09-04 05:44:45.826"", ""session_id"": 69, ""resource_type"": ""PAGE"", ""mode"": ""IX""}",,,,,,,PAGE,IX,,UNKNOWN,carga2
sql_batch_completed,2026-09-04 05:44:53.916,71,,,SteelNort,"{""event_name"": ""sql_batch_completed"", ""timestamp"": ""2026-09-04 05:44:53.916"", ""database_name"": ""SteelNort"", ""session_id"": 71, ""command"": ""EXECUTE"", ""duration"": 68, ""cpu_time"": 61, ""logical_reads"": 0, ""writes"": 0, ""wait_type"": ""MSQL_XP""}",EXECUTE,68.0,61.0,0.0,0.0,MSQL_XP,,,,USER,carga2
sql_batch_completed,2026-09-04 05:44:55.940,71,,,SteelNort,"{""event_name"": ""sql_batch_completed"", ""timestamp"": ""2026-09-04 05:44:55.940"", ""database_name"": ""SteelNort"", ""session_id"": 71, ""command"": ""EXECUTE"", ""duration"": 2090, ""cpu_time"": 61, ""logical_reads"": 0, ""writes"": 0, ""status"": ""completed""}",EXECUTE,2090.0,61.0,0.0,0.0,,,,completed,USER,carga2
sql_batch_completed,2026-09-04 05:44:57.957,63,,,SteelNort,"{""event_name"": ""sql_batch_completed"", ""timestamp"": ""2026-09-04 05:44:57.957"", ""database_name"": ""SteelNort"", ""session_id"": 63, ""command"": ""EXECUTE"", ""duration"": 3, ""cpu_time"": 0, ""logical_reads"": 0, ""writes"": 0}",EXECUTE,3.0,0.0,0.0,0.0,,,,,USER,carga2
sql_batch_completed,2026-09-04 05:44:59.981,63,,,SteelNort,"{""event_name"": ""sql_batch_completed"", ""timestamp"": ""2026-09-04 05:44:59.981"", ""database_name"": ""SteelNort"", ""session_id"": 63, ""command"": ""EXECUTE"", ""duration"": 2029, ""cpu_time"": 0, ""logical_reads"": 0, ""writes"": 0, ""status"": ""completed""}",EXECUTE,2029.0,0.0,0.0,0.0,,,,completed,USER,carga2
sql_batch_completed,2026-09-04 05:45:04.036,71,,,SteelNort,"{""event_name"": ""sql_batch_completed"", ""timestamp"": ""2026-09-04 05:45:04.036"", ""database_name"": ""SteelNort"", ""session_id"": 71, ""command"": ""EXECUTE"", ""duration"": 63, ""cpu_time"": 54, ""logical_reads"": 0, ""writes"": 0, ""wait_type"": ""MSQL_XP""}",EXECUTE,63.0,54.0,0.0,0.0,MSQL_XP,,,,USER,carga2
sql_batch_completed,2026-09-04 05:45:06.091,68,,,SteelNort,"{""event_name"": ""sql_batch_completed"", ""timestamp"": ""2026-09-04 05:45:06.091"", ""database_name"": ""SteelNort"", ""session_id"": 68, ""command"": ""EXECUTE"", ""duration"": 2, ""cpu_time"": 0, ""logical_reads"": 0, ""writes"": 0}",EXECUTE,2.0,0.0,0.0,0.0,,,,,USER,carga2
sql_batch_completed,2026-09-04 05:45:06.091,71,,,SteelNort,"{""event_name"": ""sql_batch_completed"", ""timestamp"": ""2026-09-04 05:45:06.091"", ""database_name"": ""SteelNort"", ""session_id"": 71, ""command"": ""EXECUTE"", ""duration"": 2103, ""cpu_time"": 54, ""logical_reads"": 0, ""writes"": 0, ""status"": ""completed""}",EXECUTE,2103.0,54.0,0.0,0.0,,,,completed,USER,carga2
sql_batch_completed,2026-09-04 05:45:08.123,68,,,SteelNort,"{""event_name"": ""sql_batch_completed"", ""timestamp"": ""2026-09-04 05:45:08.123"", ""database_name"": ""SteelNort"", ""session_id"": 68, ""command"": ""EXECUTE"", ""duration"": 2031, ""cpu_time"": 0, ""logical_reads"": 0, ""writes"": 0, ""status"": ""completed""}",EXECUTE,2031.0,0.0,0.0,0.0,,,,completed,USER,carga2
sql_batch_completed,2026-09-04 05:45:10.153,65,,,SteelNort,"{""event_name"": ""sql_batch_completed"", ""timestamp"": ""2026-09-04 05:45:10.153"", ""database_name"": ""SteelNort"", ""session_id"": 65, ""command"": ""EXECUTE"", ""duration"": 4, ""cpu_time"": 0, ""logical_reads"": 0, ""writes"": 0}",EXECUTE,4.0,0.0,0.0,0.0,,,,,USER,carga2
sql_batch_completed,2026-09-04 05:45:12.184,63,,,SteelNort,"{""event_name"": ""sql_batch_completed"", ""timestamp"": ""2026-09-04 05:45:12.184"", ""database_name"": ""SteelNort"", ""session_id"": 63, ""command"": ""EXECUTE"", ""duration"": 5, ""cpu_time"": 0, ""logical_reads"": 0, ""writes"": 0}",EXECUTE,5.0,0.0,0.0,0.0,,,,,USER,carga2
sql_batch_completed,2026-09-04 05:45:12.184,65,,,SteelNort,"{""event_name"": ""sql_batch_completed"", ""timestamp"": ""2026-09-04 05:45:12.184"", ""database_name"": ""SteelNort"", ""session_id"": 65, ""command"": ""EXECUTE"", ""duration"": 2033, ""cpu_time"": 0, ""logical_reads"": 0, ""writes"": 0, ""status"": ""completed""}",EXECUTE,2033.0,0.0,0.0,0.0,,,,completed,USER,carga2
login,2026-09-04 05:45:14.207,86,795ec2146175\Administrator,Microsoft SQL Server,SteelNort,"{""event_name"": ""login"", ""timestamp"": ""2026-09-04 05:45:14.207"", ""session_id"": 86, ""login_name"": ""795ec2146175\\Administrator"", ""program_name"": ""Microsoft SQL Server"", ""database_name"": ""SteelNort""}",,,,,,,,,,UNKNOWN,carga2
sql_batch_completed,2026-09-04 05:45:14.207,66,,,SteelNort,"{""event_name"": ""sql_batch_completed"", ""timestamp"": ""2026-09-04 05:45:14.207"", ""database_name"": ""SteelNort"", ""session_id"": 66, ""command"": ""AWAITING COMMAND"", ""duration"": 4, ""cpu_time"": 0, ""logical_reads"": 0, ""writes"": 0}",AWAITING COMMAND,4.0,0.0,0.0,0.0,,,,,UNKNOWN,carga2
sql_batch_completed,2026-09-04 05:45:14.207,71,,,SteelNort,"{""event_name"": ""sql_batch_completed"", ""timestamp"": ""2026-09-04 05:45:14.207"", ""database_name"": ""SteelNort"", ""session_id"": 71, ""command"": ""EXECUTE"", ""duration"": 169, ""cpu_time"": 103, ""logical_reads"": 0, ""writes"": 0, ""wait_type"": ""MSQL_XP""}",EXECUTE,169.0,103.0,0.0,0.0,MSQL_XP,,,,USER,carga2
sql_batch_completed,2026-09-04 05:45:14.207,63,,,SteelNort,"{""event_name"": ""sql_batch_completed"", ""timestamp"": ""2026-09-04 05:45:14.207"", ""database_name"": ""SteelNort"", ""session_id"": 63, ""command"": ""EXECUTE"", ""duration"": 2030, ""cpu_time"": 0, ""logical_reads"": 0, ""writes"": 0, ""status"": ""completed""}",EXECUTE,2030.0,0.0,0.0,0.0,,,,completed,USER,carga2
logout,2026-09-04 05:45:16.233,86,,,,"{""event_name"": ""logout"", ""timestamp"": ""2026-09-04 05:45:16.233"", ""session_id"": 86}",,,,,,,,,,UNKNOWN,carga2
sql_batch_completed,2026-09-04 05:45:16.233,64,,,SteelNort,"{""event_name"": ""sql_batch_completed"", ""timestamp"": ""2026-09-04 05:45:16.233"", ""database_name"": ""SteelNort"", ""session_id"": 64, ""command"": ""AWAITING COMMAND"", ""duration"": 6, ""cpu_time"": 0, ""logical_reads"": 0, ""writes"": 0}",AWAITING COMMAND,6.0,0.0,0.0,0.0,,,,,UNKNOWN,carga2
sql_batch_completed,2026-09-04 05:45:16.233,66,,,SteelNort,"{""event_name"": ""sql_batch_completed"", ""timestamp"": ""2026-09-04 05:45:16.233"", ""database_name"": ""SteelNort"", ""session_id"": 66, ""command"": ""AWAITING COMMAND"", ""duration"": 2032, ""cpu_time"": 0, ""logical_reads"": 0, ""writes"": 0, ""status"": ""completed""}",AWAITING COMMAND,2032.0,0.0,0.0,0.0,,,,completed,UNKNOWN,carga2
sql_batch_completed,2026-09-04 05:45:16.233,71,,,SteelNort,"{""event_name"": ""sql_batch_completed"", ""timestamp"": ""2026-09-04 05:45:16.233"", ""database_name"": ""SteelNort"", ""session_id"": 71, ""command"": ""EXECUTE"", ""duration"": 2196, ""cpu_time"": 103, ""logical_reads"": 0, ""writes"": 0, ""status"": ""completed""}",EXECUTE,2196.0,103.0,0.0,0.0,,,,completed,USER,carga2
sql_batch_completed,2026-09-04 05:45:18.256,64,,,SteelNort,"{""event_name"": ""sql_batch_completed"", ""timestamp"": ""2026-09-04 05:45:18.256"", ""database_name"": ""SteelNort"", ""session_id"": 64, ""command"": ""AWAITING COMMAND"", ""duration"": 2027, ""cpu_time"": 0, ""logical_reads"": 0, ""writes"": 0, ""status"": ""completed""}",AWAITING COMMAND,2027.0,0.0,0.0,0.0,,,,completed,UNKNOWN,carga2
wait_info,2026-09-04 05:45:22.294,57,,,master,"{""event_name"": ""wait_info"", ""timestamp"": ""2026-09-04 05:45:22.294"", ""session_id"": 57, ""wait_type"": ""SLEEP_TASK"", ""database_name"": ""master""}",,,,,,SLEEP_TASK,,,,UNKNOWN,carga2
sql_batch_completed,2026-09-04 05:45:24.316,60,,,SteelNort,"{""event_name"": ""sql_batch_completed"", ""timestamp"": ""2026-09-04 05:45:24.316"", ""database_name"": ""SteelNort"", ""session_id"": 60, ""command"": ""EXECUTE"", ""duration"": 6, ""cpu_time"": 0, ""logical_reads"": 0, ""writes"": 0}",EXECUTE,6.0,0.0,0.0,0.0,,,,,USER,carga2
sql_batch_completed,2026-09-04 05:45:24.316,62,,,SteelNort,"{""event_name"": ""sql_batch_completed"", ""timestamp"": ""2026-09-04 05:45:24.316"", ""database_name"": ""SteelNort"", ""session_id"": 62, ""command"": ""EXECUTE"", ""duration"": 7, ""cpu_time"": 0, ""logical_reads"": 0, ""writes"": 0}",EXECUTE,7.0,0.0,0.0,0.0,,,,,USER,carga2
sql_batch_completed,2026-09-04 05:45:26.343,60,,,SteelNort,"{""event_name"": ""sql_batch_completed"", ""timestamp"": ""2026-09-04 05:45:26.343"", ""database_name"": ""SteelNort"", ""session_id"": 60, ""command"": ""EXECUTE"", ""duration"": 2033, ""cpu_time"": 0, ""logical_reads"": 0, ""writes"": 0, ""status"": ""completed""}",EXECUTE,2033.0,0.0,0.0,0.0,,,,completed,USER,carga2
sql_batch_completed,2026-09-04 05:45:26.343,62,,,SteelNort,"{""event_name"": ""sql_batch_completed"", ""timestamp"": ""2026-09-04 05:45:26.343"", ""database_name"": ""SteelNort"", ""session_id"": 62, ""command"": ""EXECUTE"", ""duration"": 2034, ""cpu_time"": 0, ""logical_reads"": 0, ""writes"": 0, ""status"": ""completed""}",EXECUTE,2034.0,0.0,0.0,0.0,,,,completed,USER,carga2
login,2026-09-04 05:45:28.366,86,795ec2146175\Administrator,Microsoft SQL Server,SteelNort,"{""event_name"": ""login"", ""timestamp"": ""2026-09-04 05:45:28.366"", ""session_id"": 86, ""login_name"": ""795ec2146175\\Administrator"", ""program_name"": ""Microsoft SQL Server"", ""database_name"": ""SteelNort""}",,,,,,,,,,UNKNOWN,carga2
sql_batch_completed,2026-09-04 05:45:28.366,69,,,SteelNort,"{""event_name"": ""sql_batch_completed"", ""timestamp"": ""2026-09-04 05:45:28.366"", ""database_name"": ""SteelNort"", ""session_id"": 69, ""command"": ""AWAITING COMMAND"", ""duration"": 2, ""cpu_time"": 0, ""logical_reads"": 0, ""writes"": 0}",AWAITING COMMAND,2.0,0.0,0.0,0.0,,,,,UNKNOWN,carga2
sql_batch_completed,2026-09-04 05:45:28.366,71,,,SteelNort,"{""event_name"": ""sql_batch_completed"", ""timestamp"": ""2026-09-04 05:45:28.366"", ""database_name"": ""SteelNort"", ""session_id"": 71, ""command"": ""EXECUTE"", ""duration"": 213, ""cpu_time"": 99, ""logical_reads"": 0, ""writes"": 0, ""wait_type"": ""MSQL_XP""}",EXECUTE,213.0,99.0,0.0,0.0,MSQL_XP,,,,USER,carga2
logout,2026-09-04 05:45:30.399,86,,,,"{""event_name"": ""logout"", ""timestamp"": ""2026-09-04 05:45:30.399"", ""session_id"": 86}",,,,,,,,,,UNKNOWN,carga2
sql_batch_completed,2026-09-04 05:45:30.399,69,,,SteelNort,"{""event_name"": ""sql_batch_completed"", ""timestamp"": ""2026-09-04 05:45:30.399"", ""database_name"": ""SteelNort"", ""session_id"": 69, ""command"": ""AWAITING COMMAND"", ""duration"": 2034, ""cpu_time"": 0, ""logical_reads"": 0, ""writes"": 0, ""status"": ""completed""}",AWAITING COMMAND,2034.0,0.0,0.0,0.0,,,,completed,UNKNOWN,carga2
sql_batch_completed,2026-09-04 05:45:30.399,71,,,SteelNort,"{""event_name"": ""sql_batch_completed"", ""timestamp"": ""2026-09-04 05:45:30.399"", ""database_name"": ""SteelNort"", ""session_id"": 71, ""command"": ""EXECUTE"", ""duration"": 2245, ""cpu_time"": 99, ""logical_reads"": 0, ""writes"": 0, ""status"": ""completed""}",EXECUTE,2245.0,99.0,0.0,0.0,,,,completed,USER,carga2
sql_batch_completed,2026-09-04 05:45:32.428,65,,,SteelNort,"{""event_name"": ""sql_batch_completed"", ""timestamp"": ""2026-09-04 05:45:32.428"", ""database_name"": ""SteelNort"", ""session_id"": 65, ""command"": ""EXECUTE"", ""duration"": 7, ""cpu_time"": 1, ""logical_reads"": 0, ""writes"": 0}",EXECUTE,7.0,1.0,0.0,0.0,,,,,USER,carga2
sql_batch_completed,2026-09-04 05:45:34.452,65,,,SteelNort,"{""event_name"": ""sql_batch_completed"", ""timestamp"": ""2026-09-04 05:45:34.452"", ""database_name"": ""SteelNort"", ""session_id"": 65, ""command"": ""EXECUTE"", ""duration"": 2045, ""cpu_time"": 1, ""logical_reads"": 0, ""writes"": 0, ""status"": ""completed""}",EXECUTE,2045.0,1.0,0.0,0.0,,,,completed,USER,carga2
login,2026-09-04 05:45:36.494,86,795ec2146175\Administrator,Microsoft SQL Server,SteelNort,"{""event_name"": ""login"", ""timestamp"": ""2026-09-04 05:45:36.494"", ""session_id"": 86, ""login_name"": ""795ec2146175\\Administrator"", ""program_name"": ""Microsoft SQL Server"", ""database_name"": ""SteelNort""}",,,,,,,,,,UNKNOWN,carga2
sql_batch_completed,2026-09-04 05:45:36.494,70,,,SteelNort,"{""event_name"": ""sql_batch_completed"", ""timestamp"": ""2026-09-04 05:45:36.494"", ""database_name"": ""SteelNort"", ""session_id"": 70, ""command"": ""EXECUTE"", ""duration"": 20, ""cpu_time"": 0, ""logical_reads"": 0, ""writes"": 0}",EXECUTE,20.0,0.0,0.0,0.0,,,,,USER,carga2
sql_batch_completed,2026-09-04 05:45:36.494,71,,,SteelNort,"{""event_name"": ""sql_batch_completed"", ""timestamp"": ""2026-09-04 05:45:36.494"", ""database_name"": ""SteelNort"", ""session_id"": 71, ""command"": ""EXECUTE"", ""duration"": 310, ""cpu_time"": 170, ""logical_reads"": 0, ""writes"": 0, ""wait_type"": ""MSQL_XP""}",EXECUTE,310.0,170.0,0.0,0.0,MSQL_XP,,,,USER,carga2
logout,2026-09-04 05:45:38.581,86,,,,"{""event_name"": ""logout"", ""timestamp"": ""2026-09-04 05:45:38.581"", ""session_id"": 86}",,,,,,,,,,UNKNOWN,carga2
sql_batch_completed,2026-09-04 05:45:38.581,70,,,SteelNort,"{""event_name"": ""sql_batch_completed"", ""timestamp"": ""2026-09-04 05:45:38.581"", ""database_name"": ""SteelNort"", ""session_id"": 70, ""command"": ""EXECUTE"", ""duration"": 2077, ""cpu_time"": 0, ""logical_reads"": 0, ""writes"": 0, ""status"": ""completed""}",EXECUTE,2077.0,0.0,0.0,0.0,,,,completed,USER,carga2
sql_batch_completed,2026-09-04 05:45:38.581,71,,,SteelNort,"{""event_name"": ""sql_batch_completed"", ""timestamp"": ""2026-09-04 05:45:38.581"", ""database_name"": ""SteelNort"", ""session_id"": 71, ""command"": ""EXECUTE"", ""duration"": 2366, ""cpu_time"": 170, ""logical_reads"": 0, ""writes"": 0, ""status"": ""completed""}",EXECUTE,2366.0,170.0,0.0,0.0,,,,completed,USER,carga2
login,2026-09-04 05:45:40.639,86,795ec2146175\Administrator,Microsoft SQL Server,SteelNort,"{""event_name"": ""login"", ""timestamp"": ""2026-09-04 05:45:40.639"", ""session_id"": 86, ""login_name"": ""795ec2146175\\Administrator"", ""program_name"": ""Microsoft SQL Server"", ""database_name"": ""SteelNort""}",,,,,,,,,,UNKNOWN,carga2
logout,2026-09-04 05:45:42.662,86,,,,"{""event_name"": ""logout"", ""timestamp"": ""2026-09-04 05:45:42.662"", ""session_id"": 86}",,,,,,,,,,UNKNOWN,carga2
sql_batch_completed,2026-09-04 05:45:46.705,68,,,SteelNort,"{""event_name"": ""sql_batch_completed"", ""timestamp"": ""2026-09-04 05:45:46.705"", ""database_name"": ""SteelNort"", ""session_id"": 68, ""command"": ""EXECUTE"", ""duration"": 6, ""cpu_time"": 0, ""logical_reads"": 0, ""writes"": 0}",EXECUTE,6.0,0.0,0.0,0.0,,,,,USER,carga2
sql_batch_completed,2026-09-04 05:45:48.731,65,,,SteelNort,"{""event_name"": ""sql_batch_completed"", ""timestamp"": ""2026-09-04 05:45:48.731"", ""database_name"": ""SteelNort"", ""session_id"": 65, ""command"": ""EXECUTE"", ""duration"": 3, ""cpu_time"": 0, ""logical_reads"": 0, ""writes"": 0}",EXECUTE,3.0,0.0,0.0,0.0,,,,,USER,carga2
sql_batch_completed,2026-09-04 05:45:48.731,68,,,SteelNort,"{""event_name"": ""sql_batch_completed"", ""timestamp"": ""2026-09-04 05:45:48.731"", ""database_name"": ""SteelNort"", ""session_id"": 68, ""command"": ""EXECUTE"", ""duration"": 2031, ""cpu_time"": 0, ""logical_reads"": 0, ""writes"": 0, ""status"": ""completed""}",EXECUTE,2031.0,0.0,0.0,0.0,,,,completed,USER,carga2
sql_batch_completed,2026-09-04 05:45:50.754,65,,,SteelNort,"{""event_name"": ""sql_batch_completed"", ""timestamp"": ""2026-09-04 05:45:50.754"", ""database_name"": ""SteelNort"", ""session_id"": 65, ""command"": ""EXECUTE"", ""duration"": 2027, ""cpu_time"": 0, ""logical_reads"": 0, ""writes"": 0, ""status"": ""completed""}",EXECUTE,2027.0,0.0,0.0,0.0,,,,completed,USER,carga2
sql_batch_completed,2026-09-04 05:45:52.776,70,,,SteelNort,"{""event_name"": ""sql_batch_completed"", ""timestamp"": ""2026-09-04 05:45:52.776"", ""database_name"": ""SteelNort"", ""session_id"": 70, ""command"": ""EXECUTE"", ""duration"": 5, ""cpu_time"": 0, ""logical_reads"": 0, ""writes"": 0}",EXECUTE,5.0,0.0,0.0,0.0,,,,,USER,carga2
login,2026-09-04 05:45:54.805,86,795ec2146175\Administrator,Microsoft SQL Server,SteelNort,"{""event_name"": ""login"", ""timestamp"": ""2026-09-04 05:45:54.805"", ""session_id"": 86, ""login_name"": ""795ec2146175\\Administrator"", ""program_name"": ""Microsoft SQL Server"", ""database_name"": ""SteelNort""}",,,,,,,,,,UNKNOWN,carga2
sql_batch_completed,2026-09-04 05:45:54.805,71,,,SteelNort,"{""event_name"": ""sql_batch_completed"", ""timestamp"": ""2026-09-04 05:45:54.805"", ""database_name"": ""SteelNort"", ""session_id"": 71, ""command"": ""EXECUTE"", ""duration"": 136, ""cpu_time"": 90, ""logical_reads"": 0, ""writes"": 0, ""wait_type"": ""MSQL_XP""}",EXECUTE,136.0,90.0,0.0,0.0,MSQL_XP,,,,USER,carga2
sql_batch_completed,2026-09-04 05:45:54.805,70,,,SteelNort,"{""event_name"": ""sql_batch_completed"", ""timestamp"": ""2026-09-04 05:45:54.805"", ""database_name"": ""SteelNort"", ""session_id"": 70, ""command"": ""EXECUTE"", ""duration"": 2037, ""cpu_time"": 0, ""logical_reads"": 0, ""writes"": 0, ""status"": ""completed""}",EXECUTE,2037.0,0.0,0.0,0.0,,,,completed,USER,carga2
logout,2026-09-04 05:45:56.828,86,,,,"{""event_name"": ""logout"", ""timestamp"": ""2026-09-04 05:45:56.828"", ""session_id"": 86}",,,,,,,,,,UNKNOWN,carga2
sql_batch_completed,2026-09-04 05:45:56.828,64,,,SteelNort,"{""event_name"": ""sql_batch_completed"", ""timestamp"": ""2026-09-04 05:45:56.828"", ""database_name"": ""SteelNort"", ""session_id"": 64, ""command"": ""COMMIT TRANSACTION"", ""duration"": 10, ""cpu_time"": 5, ""logical_reads"": 0, ""writes"": 0, ""wait_type"": ""PREEMPTIVE_OS_FLUSHFILEBUFFERS""}",COMMIT TRANSACTION,10.0,5.0,0.0,0.0,PREEMPTIVE_OS_FLUSHFILEBUFFERS,,,,UNKNOWN,carga2
sql_batch_completed,2026-09-04 05:45:56.828,71,,,SteelNort,"{""event_name"": ""sql_batch_completed"", ""timestamp"": ""2026-09-04 05:45:56.828"", ""database_name"": ""SteelNort"", ""session_id"": 71, ""command"": ""EXECUTE"", ""duration"": 2159, ""cpu_time"": 90, ""logical_reads"": 0, ""writes"": 0, ""status"": ""completed""}",EXECUTE,2159.0,90.0,0.0,0.0,,,,completed,USER,carga2
login,2026-09-04 05:45:58.858,86,795ec2146175\Administrator,Microsoft SQL Server,SteelNort,"{""event_name"": ""login"", ""timestamp"": ""2026-09-04 05:45:58.858"", ""session_id"": 86, ""login_name"": ""795ec2146175\\Administrator"", ""program_name"": ""Microsoft SQL Server"", ""database_name"": ""SteelNort""}",,,,,,,,,,UNKNOWN,carga2
sql_batch_completed,2026-09-04 05:45:58.858,65,,,SteelNort,"{""event_name"": ""sql_batch_completed"", ""timestamp"": ""2026-09-04 05:45:58.858"", ""database_name"": ""SteelNort"", ""session_id"": 65, ""command"": ""AWAITING COMMAND"", ""duration"": 5, ""cpu_time"": 0, ""logical_reads"": 0, ""writes"": 0}",AWAITING COMMAND,5.0,0.0,0.0,0.0,,,,,UNKNOWN,carga2
sql_batch_completed,2026-09-04 05:45:58.858,67,,,SteelNort,"{""event_name"": ""sql_batch_completed"", ""timestamp"": ""2026-09-04 05:45:58.858"", ""database_name"": ""SteelNort"", ""session_id"": 67, ""command"": ""EXECUTE"", ""duration"": 6, ""cpu_time"": 0, ""logical_reads"": 0, ""writes"": 0}",EXECUTE,6.0,0.0,0.0,0.0,,,,,USER,carga2
sql_batch_completed,2026-09-04 05:45:58.858,71,,,SteelNort,"{""event_name"": ""sql_batch_completed"", ""timestamp"": ""2026-09-04 05:45:58.858"", ""database_name"": ""SteelNort"", ""session_id"": 71, ""command"": ""EXECUTE"", ""duration"": 234, ""cpu_time"": 117, ""logical_reads"": 0, ""writes"": 0, ""wait_type"": ""MEMORY_ALLOCATION_EXT""}",EXECUTE,234.0,117.0,0.0,0.0,MEMORY_ALLOCATION_EXT,,,,USER,carga2
sql_batch_completed,2026-09-04 05:45:58.858,64,,,SteelNort,"{""event_name"": ""sql_batch_completed"", ""timestamp"": ""2026-09-04 05:45:58.858"", ""database_name"": ""SteelNort"", ""session_id"": 64, ""command"": ""COMMIT TRANSACTION"", ""duration"": 2051, ""cpu_time"": 5, ""logical_reads"": 0, ""writes"": 0, ""status"": ""completed""}",COMMIT TRANSACTION,2051.0,5.0,0.0,0.0,,,,completed,UNKNOWN,carga2
logout,2026-09-04 05:46:00.899,86,,,,"{""event_name"": ""logout"", ""timestamp"": ""2026-09-04 05:46:00.899"", ""session_id"": 86}",,,,,,,,,,UNKNOWN,carga2
sql_batch_completed,2026-09-04 05:46:00.899,65,,,SteelNort,"{""event_name"": ""sql_batch_completed"", ""timestamp"": ""2026-09-04 05:46:00.899"", ""database_name"": ""SteelNort"", ""session_id"": 65, ""command"": ""AWAITING COMMAND"", ""duration"": 2068, ""cpu_time"": 0, ""logical_reads"": 0, ""writes"": 0, ""status"": ""completed""}",AWAITING COMMAND,2068.0,0.0,0.0,0.0,,,,completed,UNKNOWN,carga2
sql_batch_completed,2026-09-04 05:46:00.899,67,,,SteelNort,"{""event_name"": ""sql_batch_completed"", ""timestamp"": ""2026-09-04 05:46:00.899"", ""database_name"": ""SteelNort"", ""session_id"": 67, ""command"": ""EXECUTE"", ""duration"": 2070, ""cpu_time"": 0, ""logical_reads"": 0, ""writes"": 0, ""status"": ""completed""}",EXECUTE,2070.0,0.0,0.0,0.0,,,,completed,USER,carga2
sql_batch_completed,2026-09-04 05:46:00.899,71,,,SteelNort,"{""event_name"": ""sql_batch_completed"", ""timestamp"": ""2026-09-04 05:46:00.899"", ""database_name"": ""SteelNort"", ""session_id"": 71, ""command"": ""EXECUTE"", ""duration"": 2300, ""cpu_time"": 117, ""logical_reads"": 0, ""writes"": 0, ""status"": ""completed""}",EXECUTE,2300.0,117.0,0.0,0.0,,,,completed,USER,carga2
sql_batch_completed,2026-09-04 05:46:02.967,71,,,SteelNort,"{""event_name"": ""sql_batch_completed"", ""timestamp"": ""2026-09-04 05:46:02.967"", ""database_name"": ""SteelNort"", ""session_id"": 71, ""command"": ""EXECUTE"", ""duration"": 88, ""cpu_time"": 83, ""logical_reads"": 0, ""writes"": 0, ""wait_type"": ""MSQL_XP""}",EXECUTE,88.0,83.0,0.0,0.0,MSQL_XP,,,,USER,carga2
sql_batch_completed,2026-09-04 05:46:04.994,71,,,SteelNort,"{""event_name"": ""sql_batch_completed"", ""timestamp"": ""2026-09-04 05:46:04.994"", ""database_name"": ""SteelNort"", ""session_id"": 71, ""command"": ""EXECUTE"", ""duration"": 2111, ""cpu_time"": 83, ""logical_reads"": 0, ""writes"": 0, ""status"": ""completed""}",EXECUTE,2111.0,83.0,0.0,0.0,,,,completed,USER,carga2
sql_batch_completed,2026-09-04 05:46:09.071,66,,,SteelNort,"{""event_name"": ""sql_batch_completed"", ""timestamp"": ""2026-09-04 05:46:09.071"", ""database_name"": ""SteelNort"", ""session_id"": 66, ""command"": ""EXECUTE"", ""duration"": 3, ""cpu_time"": 0, ""logical_reads"": 0, ""writes"": 0}",EXECUTE,3.0,0.0,0.0,0.0,,,,,USER,carga2
sql_batch_completed,2026-09-04 05:46:11.093,65,,,SteelNort,"{""event_name"": ""sql_batch_completed"", ""timestamp"": ""2026-09-04 05:46:11.093"", ""database_name"": ""SteelNort"", ""session_id"": 65, ""command"": ""EXECUTE"", ""duration"": 4, ""cpu_time"": 1, ""logical_reads"": 0, ""writes"": 0}",EXECUTE,4.0,1.0,0.0,0.0,,,,,USER,carga2
sql_batch_completed,2026-09-04 05:46:11.093,66,,,SteelNort,"{""event_name"": ""sql_batch_completed"", ""timestamp"": ""2026-09-04 05:46:11.093"", ""database_name"": ""SteelNort"", ""session_id"": 66, ""command"": ""EXECUTE"", ""duration"": 2026, ""cpu_time"": 0, ""logical_reads"": 0, ""writes"": 0, ""status"": ""completed""}",EXECUTE,2026.0,0.0,0.0,0.0,,,,completed,USER,carga2
sql_batch_completed,2026-09-04 05:46:13.114,64,,,SteelNort,"{""event_name"": ""sql_batch_completed"", ""timestamp"": ""2026-09-04 05:46:13.114"", ""database_name"": ""SteelNort"", ""session_id"": 64, ""command"": ""AWAITING COMMAND"", ""duration"": 9, ""cpu_time"": 0, ""logical_reads"": 0, ""writes"": 0}",AWAITING COMMAND,9.0,0.0,0.0,0.0,,,,,UNKNOWN,carga2
sql_batch_completed,2026-09-04 05:46:13.114,65,,,SteelNort,"{""event_name"": ""sql_batch_completed"", ""timestamp"": ""2026-09-04 05:46:13.114"", ""database_name"": ""SteelNort"", ""session_id"": 65, ""command"": ""EXECUTE"", ""duration"": 2027, ""cpu_time"": 1, ""logical_reads"": 0, ""writes"": 0, ""status"": ""completed""}",EXECUTE,2027.0,1.0,0.0,0.0,,,,completed,USER,carga2
sql_batch_completed,2026-09-04 05:46:15.137,65,,,SteelNort,"{""event_name"": ""sql_batch_completed"", ""timestamp"": ""2026-09-04 05:46:15.137"", ""database_name"": ""SteelNort"", ""session_id"": 65, ""command"": ""EXECUTE"", ""duration"": 6, ""cpu_time"": 0, ""logical_reads"": 0, ""writes"": 0}",EXECUTE,6.0,0.0,0.0,0.0,,,,,USER,carga2
sql_batch_completed,2026-09-04 05:46:15.137,64,,,SteelNort,"{""event_name"": ""sql_batch_completed"", ""timestamp"": ""2026-09-04 05:46:15.137"", ""database_name"": ""SteelNort"", ""session_id"": 64, ""command"": ""AWAITING COMMAND"", ""duration"": 2042, ""cpu_time"": 0, ""logical_reads"": 0, ""writes"": 0, ""status"": ""completed""}",AWAITING COMMAND,2042.0,0.0,0.0,0.0,,,,completed,UNKNOWN,carga2
sql_batch_completed,2026-09-04 05:46:17.181,65,,,SteelNort,"{""event_name"": ""sql_batch_completed"", ""timestamp"": ""2026-09-04 05:46:17.181"", ""database_name"": ""SteelNort"", ""session_id"": 65, ""command"": ""EXECUTE"", ""duration"": 2049, ""cpu_time"": 0, ""logical_reads"": 0, ""writes"": 0, ""status"": ""completed""}",EXECUTE,2049.0,0.0,0.0,0.0,,,,completed,USER,carga2
login,2026-09-04 05:46:19.214,86,795ec2146175\Administrator,Microsoft SQL Server,SteelNort,"{""event_name"": ""login"", ""timestamp"": ""2026-09-04 05:46:19.214"", ""session_id"": 86, ""login_name"": ""795ec2146175\\Administrator"", ""program_name"": ""Microsoft SQL Server"", ""database_name"": ""SteelNort""}",,,,,,,,,,UNKNOWN,carga2
sql_batch_completed,2026-09-04 05:46:19.214,71,,,SteelNort,"{""event_name"": ""sql_batch_completed"", ""timestamp"": ""2026-09-04 05:46:19.214"", ""database_name"": ""SteelNort"", ""session_id"": 71, ""command"": ""EXECUTE"", ""duration"": 384, ""cpu_time"": 155, ""logical_reads"": 0, ""writes"": 0, ""wait_type"": ""MSQL_XP""}",EXECUTE,384.0,155.0,0.0,0.0,MSQL_XP,,,,USER,carga2
logout,2026-09-04 05:46:21.242,86,,,,"{""event_name"": ""logout"", ""timestamp"": ""2026-09-04 05:46:21.242"", ""session_id"": 86}",,,,,,,,,,UNKNOWN,carga2
sql_batch_completed,2026-09-04 05:46:21.242,71,,,SteelNort,"{""event_name"": ""sql_batch_completed"", ""timestamp"": ""2026-09-04 05:46:21.242"", ""database_name"": ""SteelNort"", ""session_id"": 71, ""command"": ""EXECUTE"", ""duration"": 2418, ""cpu_time"": 155, ""logical_reads"": 0, ""writes"": 0, ""status"": ""completed""}",EXECUTE,2418.0,155.0,0.0,0.0,,,,completed,USER,carga2
sql_batch_completed,2026-09-04 05:46:25.289,60,,,SteelNort,"{""event_name"": ""sql_batch_completed"", ""timestamp"": ""2026-09-04 05:46:25.289"", ""database_name"": ""SteelNort"", ""session_id"": 60, ""command"": ""CONDITIONAL"", ""duration"": 7, ""cpu_time"": 0, ""logical_reads"": 0, ""writes"": 0}",CONDITIONAL,7.0,0.0,0.0,0.0,,,,,UNKNOWN,carga2
sql_batch_completed,2026-09-04 05:46:25.289,62,,,SteelNort,"{""event_name"": ""sql_batch_completed"", ""timestamp"": ""2026-09-04 05:46:25.289"", ""database_name"": ""SteelNort"", ""session_id"": 62, ""command"": ""AWAITING COMMAND"", ""duration"": 9, ""cpu_time"": 0, ""logical_reads"": 0, ""writes"": 0}",AWAITING COMMAND,9.0,0.0,0.0,0.0,,,,,UNKNOWN,carga2
sql_batch_completed,2026-09-04 05:46:25.289,69,,,SteelNort,"{""event_name"": ""sql_batch_completed"", ""timestamp"": ""2026-09-04 05:46:25.289"", ""database_name"": ""SteelNort"", ""session_id"": 69, ""command"": ""AWAITING COMMAND"", ""duration"": 10, ""cpu_time"": 0, ""logical_reads"": 0, ""writes"": 0}",AWAITING COMMAND,10.0,0.0,0.0,0.0,,,,,UNKNOWN,carga2
sql_batch_completed,2026-09-04 05:46:27.315,60,,,SteelNort,"{""event_name"": ""sql_batch_completed"", ""timestamp"": ""2026-09-04 05:46:27.315"", ""database_name"": ""SteelNort"", ""session_id"": 60, ""command"": ""CONDITIONAL"", ""duration"": 2032, ""cpu_time"": 0, ""logical_reads"": 0, ""writes"": 0, ""status"": ""completed""}",CONDITIONAL,2032.0,0.0,0.0,0.0,,,,completed,UNKNOWN,carga2
sql_batch_completed,2026-09-04 05:46:27.315,69,,,SteelNort,"{""event_name"": ""sql_batch_completed"", ""timestamp"": ""2026-09-04 05:46:27.315"", ""database_name"": ""SteelNort"", ""session_id"": 69, ""command"": ""AWAITING COMMAND"", ""duration"": 2033, ""cpu_time"": 0, ""logical_reads"": 0, ""writes"": 0, ""status"": ""completed""}",AWAITING COMMAND,2033.0,0.0,0.0,0.0,,,,completed,UNKNOWN,carga2
sql_batch_completed,2026-09-04 05:46:27.315,62,,,SteelNort,"{""event_name"": ""sql_batch_completed"", ""timestamp"": ""2026-09-04 05:46:27.315"", ""database_name"": ""SteelNort"", ""session_id"": 62, ""command"": ""AWAITING COMMAND"", ""duration"": 2035, ""cpu_time"": 0, ""logical_reads"": 0, ""writes"": 0, ""status"": ""completed""}",AWAITING COMMAND,2035.0,0.0,0.0,0.0,,,,completed,UNKNOWN,carga2
sql_batch_completed,2026-09-04 05:46:31.357,68,,,SteelNort,"{""event_name"": ""sql_batch_completed"", ""timestamp"": ""2026-09-04 05:46:31.357"", ""database_name"": ""SteelNort"", ""session_id"": 68, ""command"": ""AWAITING COMMAND"", ""duration"": 6, ""cpu_time"": 0, ""logical_reads"": 0, ""writes"": 0}",AWAITING COMMAND,6.0,0.0,0.0,0.0,,,,,UNKNOWN,carga2
sql_batch_completed,2026-09-04 05:46:33.381,71,,,SteelNort,"{""event_name"": ""sql_batch_completed"", ""timestamp"": ""2026-09-04 05:46:33.381"", ""database_name"": ""SteelNort"", ""session_id"": 71, ""command"": ""EXECUTE"", ""duration"": 104, ""cpu_time"": 101, ""logical_reads"": 0, ""writes"": 0, ""wait_type"": ""MSQL_XP""}",EXECUTE,104.0,101.0,0.0,0.0,MSQL_XP,,,,USER,carga2
sql_batch_completed,2026-09-04 05:46:33.381,76,,,master,"{""event_name"": ""sql_batch_completed"", ""timestamp"": ""2026-09-04 05:46:33.381"", ""database_name"": ""master"", ""session_id"": 76, ""command"": ""SELECT"", ""duration"": 8, ""cpu_time"": 5, ""logical_reads"": 0, ""writes"": 0}",SELECT,8.0,5.0,0.0,0.0,,,,,UNKNOWN,carga2
sql_batch_completed,2026-09-04 05:46:33.381,68,,,SteelNort,"{""event_name"": ""sql_batch_completed"", ""timestamp"": ""2026-09-04 05:46:33.381"", ""database_name"": ""SteelNort"", ""session_id"": 68, ""command"": ""AWAITING COMMAND"", ""duration"": 2033, ""cpu_time"": 0, ""logical_reads"": 0, ""writes"": 0, ""status"": ""completed""}",AWAITING COMMAND,2033.0,0.0,0.0,0.0,,,,completed,UNKNOWN,carga2
sql_batch_completed,2026-09-04 05:46:35.414,76,,,master,"{""event_name"": ""sql_batch_completed"", ""timestamp"": ""2026-09-04 05:46:35.414"", ""database_name"": ""master"", ""session_id"": 76, ""command"": ""SELECT"", ""duration"": 2039, ""cpu_time"": 5, ""logical_reads"": 0, ""writes"": 0, ""status"": ""completed""}",SELECT,2039.0,5.0,0.0,0.0,,,,completed,UNKNOWN,carga2
sql_batch_completed,2026-09-04 05:46:35.414,71,,,SteelNort,"{""event_name"": ""sql_batch_completed"", ""timestamp"": ""2026-09-04 05:46:35.414"", ""database_name"": ""SteelNort"", ""session_id"": 71, ""command"": ""EXECUTE"", ""duration"": 2137, ""cpu_time"": 101, ""logical_reads"": 0, ""writes"": 0, ""status"": ""completed""}",EXECUTE,2137.0,101.0,0.0,0.0,,,,completed,USER,carga2
login,2026-09-04 05:46:37.445,86,795ec2146175\Administrator,Microsoft SQL Server,SteelNort,"{""event_name"": ""login"", ""timestamp"": ""2026-09-04 05:46:37.445"", ""session_id"": 86, ""login_name"": ""795ec2146175\\Administrator"", ""program_name"": ""Microsoft SQL Server"", ""database_name"": ""SteelNort""}",,,,,,,,,,UNKNOWN,carga2
sql_batch_completed,2026-09-04 05:46:37.445,71,,,SteelNort,"{""event_name"": ""sql_batch_completed"", ""timestamp"": ""2026-09-04 05:46:37.445"", ""database_name"": ""SteelNort"", ""session_id"": 71, ""command"": ""EXECUTE"", ""duration"": 315, ""cpu_time"": 144, ""logical_reads"": 0, ""writes"": 0, ""wait_type"": ""MSQL_XP""}",EXECUTE,315.0,144.0,0.0,0.0,MSQL_XP,,,,USER,carga2
logout,2026-09-04 05:46:39.482,86,,,,"{""event_name"": ""logout"", ""timestamp"": ""2026-09-04 05:46:39.482"", ""session_id"": 86}",,,,,,,,,,UNKNOWN,carga2
sql_batch_completed,2026-09-04 05:46:39.482,71,,,SteelNort,"{""event_name"": ""sql_batch_completed"", ""timestamp"": ""2026-09-04 05:46:39.482"", ""database_name"": ""SteelNort"", ""session_id"": 71, ""command"": ""EXECUTE"", ""duration"": 2348, ""cpu_time"": 144, ""logical_reads"": 0, ""writes"": 0, ""status"": ""completed""}",EXECUTE,2348.0,144.0,0.0,0.0,,,,completed,USER,carga2
login,2026-09-04 05:46:41.503,86,795ec2146175\Administrator,Microsoft SQL Server,SteelNort,"{""event_name"": ""login"", ""timestamp"": ""2026-09-04 05:46:41.503"", ""session_id"": 86, ""login_name"": ""795ec2146175\\Administrator"", ""program_name"": ""Microsoft SQL Server"", ""database_name"": ""SteelNort""}",,,,,,,,,,UNKNOWN,carga2
sql_batch_completed,2026-09-04 05:46:41.503,71,,,SteelNort,"{""event_name"": ""sql_batch_completed"", ""timestamp"": ""2026-09-04 05:46:41.503"", ""database_name"": ""SteelNort"", ""session_id"": 71, ""command"": ""EXECUTE"", ""duration"": 294, ""cpu_time"": 145, ""logical_reads"": 0, ""writes"": 0, ""wait_type"": ""MSQL_XP""}",EXECUTE,294.0,145.0,0.0,0.0,MSQL_XP,,,,USER,carga2
logout,2026-09-04 05:46:43.529,86,,,,"{""event_name"": ""logout"", ""timestamp"": ""2026-09-04 05:46:43.529"", ""session_id"": 86}",,,,,,,,,,UNKNOWN,carga2
sql_batch_completed,2026-09-04 05:46:43.529,65,,,SteelNort,"{""event_name"": ""sql_batch_completed"", ""timestamp"": ""2026-09-04 05:46:43.529"", ""database_name"": ""SteelNort"", ""session_id"": 65, ""command"": ""AWAITING COMMAND"", ""duration"": 6, ""cpu_time"": 0, ""logical_reads"": 0, ""writes"": 0}",AWAITING COMMAND,6.0,0.0,0.0,0.0,,,,,UNKNOWN,carga2
sql_batch_completed,2026-09-04 05:46:43.529,71,,,SteelNort,"{""event_name"": ""sql_batch_completed"", ""timestamp"": ""2026-09-04 05:46:43.529"", ""database_name"": ""SteelNort"", ""session_id"": 71, ""command"": ""EXECUTE"", ""duration"": 2320, ""cpu_time"": 145, ""logical_reads"": 0, ""writes"": 0, ""status"": ""completed""}",EXECUTE,2320.0,145.0,0.0,0.0,,,,completed,USER,carga2
login,2026-09-04 05:46:45.554,86,795ec2146175\Administrator,Microsoft SQL Server,SteelNort,"{""event_name"": ""login"", ""timestamp"": ""2026-09-04 05:46:45.554"", ""session_id"": 86, ""login_name"": ""795ec2146175\\Administrator"", ""program_name"": ""Microsoft SQL Server"", ""database_name"": ""SteelNort""}",,,,,,,,,,UNKNOWN,carga2
sql_batch_completed,2026-09-04 05:46:45.554,71,,,SteelNort,"{""event_name"": ""sql_batch_completed"", ""timestamp"": ""2026-09-04 05:46:45.554"", ""database_name"": ""SteelNort"", ""session_id"": 71, ""command"": ""EXECUTE"", ""duration"": 276, ""cpu_time"": 120, ""logical_reads"": 0, ""writes"": 0, ""wait_type"": ""MSQL_XP""}",EXECUTE,276.0,120.0,0.0,0.0,MSQL_XP,,,,USER,carga2
sql_batch_completed,2026-09-04 05:46:45.554,65,,,SteelNort,"{""event_name"": ""sql_batch_completed"", ""timestamp"": ""2026-09-04 05:46:45.554"", ""database_name"": ""SteelNort"", ""session_id"": 65, ""command"": ""AWAITING COMMAND"", ""duration"": 2034, ""cpu_time"": 0, ""logical_reads"": 0, ""writes"": 0, ""status"": ""completed""}",AWAITING COMMAND,2034.0,0.0,0.0,0.0,,,,completed,UNKNOWN,carga2
logout,2026-09-04 05:46:47.577,86,,,,"{""event_name"": ""logout"", ""timestamp"": ""2026-09-04 05:46:47.577"", ""session_id"": 86}",,,,,,,,,,UNKNOWN,carga2
sql_batch_completed,2026-09-04 05:46:47.577,68,,,SteelNort,"{""event_name"": ""sql_batch_completed"", ""timestamp"": ""2026-09-04 05:46:47.577"", ""database_name"": ""SteelNort"", ""session_id"": 68, ""command"": ""EXECUTE"", ""duration"": 5, ""cpu_time"": 0, ""logical_reads"": 0, ""writes"": 0}",EXECUTE,5.0,0.0,0.0,0.0,,,,,USER,carga2
sql_batch_completed,2026-09-04 05:46:47.577,71,,,SteelNort,"{""event_name"": ""sql_batch_completed"", ""timestamp"": ""2026-09-04 05:46:47.577"", ""database_name"": ""SteelNort"", ""session_id"": 71, ""command"": ""EXECUTE"", ""duration"": 2303, ""cpu_time"": 120, ""logical_reads"": 0, ""writes"": 0, ""status"": ""completed""}",EXECUTE,2303.0,120.0,0.0,0.0,,,,completed,USER,carga2
sql_batch_completed,2026-09-04 05:46:49.606,62,,,SteelNort,"{""event_name"": ""sql_batch_completed"", ""timestamp"": ""2026-09-04 05:46:49.606"", ""database_name"": ""SteelNort"", ""session_id"": 62, ""command"": ""AWAITING COMMAND"", ""duration"": 6, ""cpu_time"": 0, ""logical_reads"": 0, ""writes"": 0}",AWAITING COMMAND,6.0,0.0,0.0,0.0,,,,,UNKNOWN,carga2
sql_batch_completed,2026-09-04 05:46:49.606,68,,,SteelNort,"{""event_name"": ""sql_batch_completed"", ""timestamp"": ""2026-09-04 05:46:49.606"", ""database_name"": ""SteelNort"", ""session_id"": 68, ""command"": ""EXECUTE"", ""duration"": 2031, ""cpu_time"": 0, ""logical_reads"": 0, ""writes"": 0, ""status"": ""completed""}",EXECUTE,2031.0,0.0,0.0,0.0,,,,completed,USER,carga2
sql_batch_completed,2026-09-04 05:46:51.629,71,,,SteelNort,"{""event_name"": ""sql_batch_completed"", ""timestamp"": ""2026-09-04 05:46:51.629"", ""database_name"": ""SteelNort"", ""session_id"": 71, ""command"": ""EXECUTE"", ""duration"": 69, ""cpu_time"": 62, ""logical_reads"": 0, ""writes"": 0, ""wait_type"": ""MSQL_XP""}",EXECUTE,69.0,62.0,0.0,0.0,MSQL_XP,,,,USER,carga2
sql_batch_completed,2026-09-04 05:46:51.629,62,,,SteelNort,"{""event_name"": ""sql_batch_completed"", ""timestamp"": ""2026-09-04 05:46:51.629"", ""database_name"": ""SteelNort"", ""session_id"": 62, ""command"": ""AWAITING COMMAND"", ""duration"": 2030, ""cpu_time"": 0, ""logical_reads"": 0, ""writes"": 0, ""status"": ""completed""}",AWAITING COMMAND,2030.0,0.0,0.0,0.0,,,,completed,UNKNOWN,carga2
sql_batch_completed,2026-09-04 05:46:53.662,71,,,SteelNort,"{""event_name"": ""sql_batch_completed"", ""timestamp"": ""2026-09-04 05:46:53.662"", ""database_name"": ""SteelNort"", ""session_id"": 71, ""command"": ""EXECUTE"", ""duration"": 2103, ""cpu_time"": 62, ""logical_reads"": 0, ""writes"": 0, ""status"": ""completed""}",EXECUTE,2103.0,62.0,0.0,0.0,,,,completed,USER,carga2
login,2026-09-04 05:46:55.695,86,795ec2146175\Administrator,Microsoft SQL Server,SteelNort,"{""event_name"": ""login"", ""timestamp"": ""2026-09-04 05:46:55.695"", ""session_id"": 86, ""login_name"": ""795ec2146175\\Administrator"", ""program_name"": ""Microsoft SQL Server"", ""database_name"": ""SteelNort""}",,,,,,,,,,UNKNOWN,carga2
sql_batch_completed,2026-09-04 05:46:55.695,71,,,SteelNort,"{""event_name"": ""sql_batch_completed"", ""timestamp"": ""2026-09-04 05:46:55.695"", ""database_name"": ""SteelNort"", ""session_id"": 71, ""command"": ""EXECUTE"", ""duration"": 219, ""cpu_time"": 113, ""logical_reads"": 0, ""writes"": 0, ""wait_type"": ""MSQL_XP""}",EXECUTE,219.0,113.0,0.0,0.0,MSQL_XP,,,,USER,carga2
logout,2026-09-04 05:46:57.730,86,,,,"{""event_name"": ""logout"", ""timestamp"": ""2026-09-04 05:46:57.730"", ""session_id"": 86}",,,,,,,,,,UNKNOWN,carga2
sql_batch_completed,2026-09-04 05:46:57.730,70,,,SteelNort,"{""event_name"": ""sql_batch_completed"", ""timestamp"": ""2026-09-04 05:46:57.730"", ""database_name"": ""SteelNort"", ""session_id"": 70, ""command"": ""AWAITING COMMAND"", ""duration"": 6, ""cpu_time"": 0, ""logical_reads"": 0, ""writes"": 0}",AWAITING COMMAND,6.0,0.0,0.0,0.0,,,,,UNKNOWN,carga2
sql_batch_completed,2026-09-04 05:46:57.730,71,,,SteelNort,"{""event_name"": ""sql_batch_completed"", ""timestamp"": ""2026-09-04 05:46:57.730"", ""database_name"": ""SteelNort"", ""session_id"": 71, ""command"": ""EXECUTE"", ""duration"": 2251, ""cpu_time"": 113, ""logical_reads"": 0, ""writes"": 0, ""status"": ""completed""}",EXECUTE,2251.0,113.0,0.0,0.0,,,,completed,USER,carga2
sql_batch_completed,2026-09-04 05:46:59.760,68,,,SteelNort,"{""event_name"": ""sql_batch_completed"", ""timestamp"": ""2026-09-04 05:46:59.760"", ""database_name"": ""SteelNort"", ""session_id"": 68, ""command"": ""AWAITING COMMAND"", ""duration"": 3, ""cpu_time"": 0, ""logical_reads"": 0, ""writes"": 0}",AWAITING COMMAND,3.0,0.0,0.0,0.0,,,,,UNKNOWN,carga2
sql_batch_completed,2026-09-04 05:46:59.760,70,,,SteelNort,"{""event_name"": ""sql_batch_completed"", ""timestamp"": ""2026-09-04 05:46:59.760"", ""database_name"": ""SteelNort"", ""session_id"": 70, ""command"": ""AWAITING COMMAND"", ""duration"": 2041, ""cpu_time"": 0, ""logical_reads"": 0, ""writes"": 0, ""status"": ""completed""}",AWAITING COMMAND,2041.0,0.0,0.0,0.0,,,,completed,UNKNOWN,carga2
sql_batch_completed,2026-09-04 05:47:01.794,68,,,SteelNort,"{""event_name"": ""sql_batch_completed"", ""timestamp"": ""2026-09-04 05:47:01.794"", ""database_name"": ""SteelNort"", ""session_id"": 68, ""command"": ""AWAITING COMMAND"", ""duration"": 2036, ""cpu_time"": 0, ""logical_reads"": 0, ""writes"": 0, ""status"": ""completed""}",AWAITING COMMAND,2036.0,0.0,0.0,0.0,,,,completed,UNKNOWN,carga2
login,2026-09-04 05:47:05.847,86,795ec2146175\Administrator,Microsoft SQL Server,SteelNort,"{""event_name"": ""login"", ""timestamp"": ""2026-09-04 05:47:05.847"", ""session_id"": 86, ""login_name"": ""795ec2146175\\Administrator"", ""program_name"": ""Microsoft SQL Server"", ""database_name"": ""SteelNort""}",,,,,,,,,,UNKNOWN,carga2
wait_info,2026-09-04 05:47:05.847,57,,,master,"{""event_name"": ""wait_info"", ""timestamp"": ""2026-09-04 05:47:05.847"", ""session_id"": 57, ""wait_type"": ""BROKER_TO_FLUSH"", ""database_name"": ""master""}",,,,,,BROKER_TO_FLUSH,,,,UNKNOWN,carga2
sql_batch_completed,2026-09-04 05:47:05.847,71,,,SteelNort,"{""event_name"": ""sql_batch_completed"", ""timestamp"": ""2026-09-04 05:47:05.847"", ""database_name"": ""SteelNort"", ""session_id"": 71, ""command"": ""EXECUTE"", ""duration"": 89, ""cpu_time"": 80, ""logical_reads"": 0, ""writes"": 0, ""wait_type"": ""MSQL_XP""}",EXECUTE,89.0,80.0,0.0,0.0,MSQL_XP,,,,USER,carga2
logout,2026-09-04 05:47:07.874,86,,,,"{""event_name"": ""logout"", ""timestamp"": ""2026-09-04 05:47:07.874"", ""session_id"": 86}",,,,,,,,,,UNKNOWN,carga2
sql_batch_completed,2026-09-04 05:47:07.874,71,,,SteelNort,"{""event_name"": ""sql_batch_completed"", ""timestamp"": ""2026-09-04 05:47:07.874"", ""database_name"": ""SteelNort"", ""session_id"": 71, ""command"": ""EXECUTE"", ""duration"": 2114, ""cpu_time"": 80, ""logical_reads"": 0, ""writes"": 0, ""status"": ""completed""}",EXECUTE,2114.0,80.0,0.0,0.0,,,,completed,USER,carga2
sql_batch_completed,2026-09-04 05:47:09.897,63,,,SteelNort,"{""event_name"": ""sql_batch_completed"", ""timestamp"": ""2026-09-04 05:47:09.897"", ""database_name"": ""SteelNort"", ""session_id"": 63, ""command"": ""SELECT"", ""duration"": 7, ""cpu_time"": 0, ""logical_reads"": 0, ""writes"": 0}",SELECT,7.0,0.0,0.0,0.0,,,,,USER,carga2
sql_batch_completed,2026-09-04 05:47:09.897,64,,,SteelNort,"{""event_name"": ""sql_batch_completed"", ""timestamp"": ""2026-09-04 05:47:09.897"", ""database_name"": ""SteelNort"", ""session_id"": 64, ""command"": ""SELECT"", ""duration"": 8, ""cpu_time"": 0, ""logical_reads"": 0, ""writes"": 0}",SELECT,8.0,0.0,0.0,0.0,,,,,USER,carga2
sql_batch_completed,2026-09-04 05:47:11.927,64,,,SteelNort,"{""event_name"": ""sql_batch_completed"", ""timestamp"": ""2026-09-04 05:47:11.927"", ""database_name"": ""SteelNort"", ""session_id"": 64, ""command"": ""SELECT"", ""duration"": 2035, ""cpu_time"": 0, ""logical_reads"": 0, ""writes"": 0, ""status"": ""completed""}",SELECT,2035.0,0.0,0.0,0.0,,,,completed,USER,carga2
sql_batch_completed,2026-09-04 05:47:11.927,63,,,SteelNort,"{""event_name"": ""sql_batch_completed"", ""timestamp"": ""2026-09-04 05:47:11.927"", ""database_name"": ""SteelNort"", ""session_id"": 63, ""command"": ""SELECT"", ""duration"": 2036, ""cpu_time"": 0, ""logical_reads"": 0, ""writes"": 0, ""status"": ""completed""}",SELECT,2036.0,0.0,0.0,0.0,,,,completed,USER,carga2
logout,2026-09-04 05:47:15.975,74,,,,"{""event_name"": ""logout"", ""timestamp"": ""2026-09-04 05:47:15.975"", ""session_id"": 74}",,,,,,,,,,UNKNOWN,carga2
logout,2026-09-04 05:47:15.975,75,,,,"{""event_name"": ""logout"", ""timestamp"": ""2026-09-04 05:47:15.975"", ""session_id"": 75}",,,,,,,,,,UNKNOWN,carga2
logout,2026-09-04 05:47:15.975,77,,,,"{""event_name"": ""logout"", ""timestamp"": ""2026-09-04 05:47:15.975"", ""session_id"": 77}",,,,,,,,,,UNKNOWN,carga2
logout,2026-09-04 05:47:15.975,78,,,,"{""event_name"": ""logout"", ""timestamp"": ""2026-09-04 05:47:15.975"", ""session_id"": 78}",,,,,,,,,,UNKNOWN,carga2
logout,2026-09-04 05:47:15.975,79,,,,"{""event_name"": ""logout"", ""timestamp"": ""2026-09-04 05:47:15.975"", ""session_id"": 79}",,,,,,,,,,UNKNOWN,carga2
logout,2026-09-04 05:47:15.975,80,,,,"{""event_name"": ""logout"", ""timestamp"": ""2026-09-04 05:47:15.975"", ""session_id"": 80}",,,,,,,,,,UNKNOWN,carga2
logout,2026-09-04 05:47:15.975,81,,,,"{""event_name"": ""logout"", ""timestamp"": ""2026-09-04 05:47:15.975"", ""session_id"": 81}",,,,,,,,,,UNKNOWN,carga2
logout,2026-09-04 05:47:15.975,82,,,,"{""event_name"": ""logout"", ""timestamp"": ""2026-09-04 05:47:15.975"", ""session_id"": 82}",,,,,,,,,,UNKNOWN,carga2
logout,2026-09-04 05:47:15.975,51,,,,"{""event_name"": ""logout"", ""timestamp"": ""2026-09-04 05:47:15.975"", ""session_id"": 51}",,,,,,,,,,UNKNOWN,carga2
logout,2026-09-04 05:47:15.975,84,,,,"{""event_name"": ""logout"", ""timestamp"": ""2026-09-04 05:47:15.975"", ""session_id"": 84}",,,,,,,,,,UNKNOWN,carga2
logout,2026-09-04 05:47:15.975,85,,,,"{""event_name"": ""logout"", ""timestamp"": ""2026-09-04 05:47:15.975"", ""session_id"": 85}",,,,,,,,,,UNKNOWN,carga2
wait_info,2026-09-04 05:47:15.975,52,,,master,"{""event_name"": ""wait_info"", ""timestamp"": ""2026-09-04 05:47:15.975"", ""session_id"": 52, ""wait_type"": ""SLEEP_TASK"", ""database_name"": ""master""}",,,,,,SLEEP_TASK,,,,UNKNOWN,carga2
sql_batch_completed,2026-09-04 05:47:15.975,71,,,SteelNort,"{""event_name"": ""sql_batch_completed"", ""timestamp"": ""2026-09-04 05:47:15.975"", ""database_name"": ""SteelNort"", ""session_id"": 71, ""command"": ""EXECUTE"", ""duration"": 76, ""cpu_time"": 65, ""logical_reads"": 0, ""writes"": 0, ""wait_type"": ""MSQL_XP""}",EXECUTE,76.0,65.0,0.0,0.0,MSQL_XP,,,,USER,carga2
sql_batch_completed,2026-09-04 05:47:15.975,74,,,master,"{""event_name"": ""sql_batch_completed"", ""timestamp"": ""2026-09-04 05:47:15.975"", ""database_name"": ""master"", ""session_id"": 74, ""command"": ""TASK MANAGER"", ""duration"": 420300, ""cpu_time"": 0, ""logical_reads"": 0, ""writes"": 0, ""status"": ""completed""}",TASK MANAGER,420300.0,0.0,0.0,0.0,,,,completed,SQL_SERVER_INTERNAL,carga2
sql_batch_completed,2026-09-04 05:47:15.975,75,,,master,"{""event_name"": ""sql_batch_completed"", ""timestamp"": ""2026-09-04 05:47:15.975"", ""database_name"": ""master"", ""session_id"": 75, ""command"": ""TASK MANAGER"", ""duration"": 420302, ""cpu_time"": 0, ""logical_reads"": 0, ""writes"": 0, ""status"": ""completed""}",TASK MANAGER,420302.0,0.0,0.0,0.0,,,,completed,SQL_SERVER_INTERNAL,carga2
sql_batch_completed,2026-09-04 05:47:15.975,77,,,master,"{""event_name"": ""sql_batch_completed"", ""timestamp"": ""2026-09-04 05:47:15.975"", ""database_name"": ""master"", ""session_id"": 77, ""command"": ""TASK MANAGER"", ""duration"": 420305, ""cpu_time"": 0, ""logical_reads"": 0, ""writes"": 0, ""status"": ""completed""}",TASK MANAGER,420305.0,0.0,0.0,0.0,,,,completed,SQL_SERVER_INTERNAL,carga2
sql_batch_completed,2026-09-04 05:47:15.975,78,,,master,"{""event_name"": ""sql_batch_completed"", ""timestamp"": ""2026-09-04 05:47:15.975"", ""database_name"": ""master"", ""session_id"": 78, ""command"": ""TASK MANAGER"", ""duration"": 420307, ""cpu_time"": 0, ""logical_reads"": 0, ""writes"": 0, ""status"": ""completed""}",TASK MANAGER,420307.0,0.0,0.0,0.0,,,,completed,SQL_SERVER_INTERNAL,carga2
sql_batch_completed,2026-09-04 05:47:15.975,79,,,master,"{""event_name"": ""sql_batch_completed"", ""timestamp"": ""2026-09-04 05:47:15.975"", ""database_name"": ""master"", ""session_id"": 79, ""command"": ""TASK MANAGER"", ""duration"": 420308, ""cpu_time"": 0, ""logical_reads"": 0, ""writes"": 0, ""status"": ""completed""}",TASK MANAGER,420308.0,0.0,0.0,0.0,,,,completed,SQL_SERVER_INTERNAL,carga2
sql_batch_completed,2026-09-04 05:47:15.975,80,,,master,"{""event_name"": ""sql_batch_completed"", ""timestamp"": ""2026-09-04 05:47:15.975"", ""database_name"": ""master"", ""session_id"": 80, ""command"": ""TASK MANAGER"", ""duration"": 420309, ""cpu_time"": 0, ""logical_reads"": 0, ""writes"": 0, ""status"": ""completed""}",TASK MANAGER,420309.0,0.0,0.0,0.0,,,,completed,SQL_SERVER_INTERNAL,carga2
sql_batch_completed,2026-09-04 05:47:15.975,81,,,master,"{""event_name"": ""sql_batch_completed"", ""timestamp"": ""2026-09-04 05:47:15.975"", ""database_name"": ""master"", ""session_id"": 81, ""command"": ""TASK MANAGER"", ""duration"": 420310, ""cpu_time"": 0, ""logical_reads"": 0, ""writes"": 0, ""status"": ""completed""}",TASK MANAGER,420310.0,0.0,0.0,0.0,,,,completed,SQL_SERVER_INTERNAL,carga2
sql_batch_completed,2026-09-04 05:47:15.975,82,,,master,"{""event_name"": ""sql_batch_completed"", ""timestamp"": ""2026-09-04 05:47:15.975"", ""database_name"": ""master"", ""session_id"": 82, ""command"": ""TASK MANAGER"", ""duration"": 420308, ""cpu_time"": 0, ""logical_reads"": 0, ""writes"": 0, ""status"": ""completed""}",TASK MANAGER,420308.0,0.0,0.0,0.0,,,,completed,SQL_SERVER_INTERNAL,carga2
sql_batch_completed,2026-09-04 05:47:15.975,51,,,master,"{""event_name"": ""sql_batch_completed"", ""timestamp"": ""2026-09-04 05:47:15.975"", ""database_name"": ""master"", ""session_id"": 51, ""command"": ""TASK MANAGER"", ""duration"": 475336, ""cpu_time"": 0, ""logical_reads"": 0, ""writes"": 0, ""status"": ""completed""}",TASK MANAGER,475336.0,0.0,0.0,0.0,,,,completed,SQL_SERVER_INTERNAL,carga2
sql_batch_completed,2026-09-04 05:47:15.975,84,,,master,"{""event_name"": ""sql_batch_completed"", ""timestamp"": ""2026-09-04 05:47:15.975"", ""database_name"": ""master"", ""session_id"": 84, ""command"": ""TASK MANAGER"", ""duration"": 420310, ""cpu_time"": 0, ""logical_reads"": 0, ""writes"": 0, ""status"": ""completed""}",TASK MANAGER,420310.0,0.0,0.0,0.0,,,,completed,SQL_SERVER_INTERNAL,carga2
sql_batch_completed,2026-09-04 05:47:15.975,85,,,master,"{""event_name"": ""sql_batch_completed"", ""timestamp"": ""2026-09-04 05:47:15.975"", ""database_name"": ""master"", ""session_id"": 85, ""command"": ""TASK MANAGER"", ""duration"": 420312, ""cpu_time"": 0, ""logical_reads"": 0, ""writes"": 0, ""status"": ""completed""}",TASK MANAGER,420312.0,0.0,0.0,0.0,,,,completed,SQL_SERVER_INTERNAL,carga2
logout,2026-09-04 05:47:18.052,52,,,,"{""event_name"": ""logout"", ""timestamp"": ""2026-09-04 05:47:18.052"", ""session_id"": 52}",,,,,,,,,,UNKNOWN,carga2
sql_batch_completed,2026-09-04 05:47:18.052,52,,,master,"{""event_name"": ""sql_batch_completed"", ""timestamp"": ""2026-09-04 05:47:18.052"", ""database_name"": ""master"", ""session_id"": 52, ""command"": ""TEMPORAL_HK_FLUSH"", ""duration"": 477365, ""cpu_time"": 0, ""logical_reads"": 8, ""writes"": 0, ""status"": ""completed""}",TEMPORAL_HK_FLUSH,477365.0,0.0,8.0,0.0,,,,completed,UNKNOWN,carga2
sql_batch_completed,2026-09-04 05:47:18.052,71,,,SteelNort,"{""event_name"": ""sql_batch_completed"", ""timestamp"": ""2026-09-04 05:47:18.052"", ""database_name"": ""SteelNort"", ""session_id"": 71, ""command"": ""EXECUTE"", ""duration"": 2127, ""cpu_time"": 65, ""logical_reads"": 0, ""writes"": 0, ""status"": ""completed""}",EXECUTE,2127.0,65.0,0.0,0.0,,,,completed,USER,carga2
lock_acquired,2026-09-04 05:47:22.127,67,,,,"{""event_name"": ""lock_acquired"", ""timestamp"": ""2026-09-04 05:47:22.127"", ""session_id"": 67, ""resource_type"": ""PAGE"", ""mode"": ""IS""}",,,,,,,PAGE,IS,,UNKNOWN,carga2
lock_released,2026-09-04 05:47:24.149,67,,,,"{""event_name"": ""lock_released"", ""timestamp"": ""2026-09-04 05:47:24.149"", ""session_id"": 67, ""resource_type"": ""PAGE"", ""mode"": ""IS""}",,,,,,,PAGE,IS,,UNKNOWN,carga2
sql_batch_completed,2026-09-04 05:47:26.173,70,,,SteelNort,"{""event_name"": ""sql_batch_completed"", ""timestamp"": ""2026-09-04 05:47:26.173"", ""database_name"": ""SteelNort"", ""session_id"": 70, ""command"": ""AWAITING COMMAND"", ""duration"": 4, ""cpu_time"": 0, ""logical_reads"": 0, ""writes"": 0}",AWAITING COMMAND,4.0,0.0,0.0,0.0,,,,,UNKNOWN,carga2
sql_batch_completed,2026-09-04 05:47:28.204,70,,,SteelNort,"{""event_name"": ""sql_batch_completed"", ""timestamp"": ""2026-09-04 05:47:28.204"", ""database_name"": ""SteelNort"", ""session_id"": 70, ""command"": ""AWAITING COMMAND"", ""duration"": 2030, ""cpu_time"": 0, ""logical_reads"": 0, ""writes"": 0, ""status"": ""completed""}",AWAITING COMMAND,2030.0,0.0,0.0,0.0,,,,completed,UNKNOWN,carga2
sql_batch_completed,2026-09-04 05:47:32.258,70,,,SteelNort,"{""event_name"": ""sql_batch_completed"", ""timestamp"": ""2026-09-04 05:47:32.258"", ""database_name"": ""SteelNort"", ""session_id"": 70, ""command"": ""AWAITING COMMAND"", ""duration"": 7, ""cpu_time"": 1, ""logical_reads"": 0, ""writes"": 0}",AWAITING COMMAND,7.0,1.0,0.0,0.0,,,,,UNKNOWN,carga2
login,2026-09-04 05:47:34.282,51,795ec2146175\Administrator,Microsoft SQL Server,SteelNort,"{""event_name"": ""login"", ""timestamp"": ""2026-09-04 05:47:34.282"", ""session_id"": 51, ""login_name"": ""795ec2146175\\Administrator"", ""program_name"": ""Microsoft SQL Server"", ""database_name"": ""SteelNort""}",,,,,,,,,,UNKNOWN,carga2
sql_batch_completed,2026-09-04 05:47:34.282,71,,,SteelNort,"{""event_name"": ""sql_batch_completed"", ""timestamp"": ""2026-09-04 05:47:34.282"", ""database_name"": ""SteelNort"", ""session_id"": 71, ""command"": ""EXECUTE"", ""duration"": 127, ""cpu_time"": 96, ""logical_reads"": 0, ""writes"": 0, ""wait_type"": ""MSQL_XP""}",EXECUTE,127.0,96.0,0.0,0.0,MSQL_XP,,,,USER,carga2
sql_batch_completed,2026-09-04 05:47:34.282,70,,,SteelNort,"{""event_name"": ""sql_batch_completed"", ""timestamp"": ""2026-09-04 05:47:34.282"", ""database_name"": ""SteelNort"", ""session_id"": 70, ""command"": ""AWAITING COMMAND"", ""duration"": 2039, ""cpu_time"": 1, ""logical_reads"": 0, ""writes"": 0, ""status"": ""completed""}",AWAITING COMMAND,2039.0,1.0,0.0,0.0,,,,completed,UNKNOWN,carga2
logout,2026-09-04 05:47:36.312,51,,,,"{""event_name"": ""logout"", ""timestamp"": ""2026-09-04 05:47:36.312"", ""session_id"": 51}",,,,,,,,,,UNKNOWN,carga2
sql_batch_completed,2026-09-04 05:47:36.312,68,,,SteelNort,"{""event_name"": ""sql_batch_completed"", ""timestamp"": ""2026-09-04 05:47:36.312"", ""database_name"": ""SteelNort"", ""session_id"": 68, ""command"": ""EXECUTE"", ""duration"": 3, ""cpu_time"": 0, ""logical_reads"": 0, ""writes"": 0}",EXECUTE,3.0,0.0,0.0,0.0,,,,,USER,carga2
sql_batch_completed,2026-09-04 05:47:36.312,71,,,SteelNort,"{""event_name"": ""sql_batch_completed"", ""timestamp"": ""2026-09-04 05:47:36.312"", ""database_name"": ""SteelNort"", ""session_id"": 71, ""command"": ""EXECUTE"", ""duration"": 2163, ""cpu_time"": 96, ""logical_reads"": 0, ""writes"": 0, ""status"": ""completed""}",EXECUTE,2163.0,96.0,0.0,0.0,,,,completed,USER,carga2
sql_batch_completed,2026-09-04 05:47:38.345,68,,,SteelNort,"{""event_name"": ""sql_batch_completed"", ""timestamp"": ""2026-09-04 05:47:38.345"", ""database_name"": ""SteelNort"", ""session_id"": 68, ""command"": ""EXECUTE"", ""duration"": 2030, ""cpu_time"": 0, ""logical_reads"": 0, ""writes"": 0, ""status"": ""completed""}",EXECUTE,2030.0,0.0,0.0,0.0,,,,completed,USER,carga2
sql_batch_completed,2026-09-04 05:47:40.371,65,,,SteelNort,"{""event_name"": ""sql_batch_completed"", ""timestamp"": ""2026-09-04 05:47:40.371"", ""database_name"": ""SteelNort"", ""session_id"": 65, ""command"": ""AWAITING COMMAND"", ""duration"": 4, ""cpu_time"": 0, ""logical_reads"": 0, ""writes"": 0}",AWAITING COMMAND,4.0,0.0,0.0,0.0,,,,,UNKNOWN,carga2
sql_batch_completed,2026-09-04 05:47:42.400,72,,,SteelNort,"{""event_name"": ""sql_batch_completed"", ""timestamp"": ""2026-09-04 05:47:42.400"", ""database_name"": ""SteelNort"", ""session_id"": 72, ""command"": ""SELECT"", ""duration"": 13, ""cpu_time"": 8, ""logical_reads"": 0, ""writes"": 0}",SELECT,13.0,8.0,0.0,0.0,,,,,USER,carga2
sql_batch_completed,2026-09-04 05:47:42.400,65,,,SteelNort,"{""event_name"": ""sql_batch_completed"", ""timestamp"": ""2026-09-04 05:47:42.400"", ""database_name"": ""SteelNort"", ""session_id"": 65, ""command"": ""AWAITING COMMAND"", ""duration"": 2032, ""cpu_time"": 0, ""logical_reads"": 0, ""writes"": 0, ""status"": ""completed""}",AWAITING COMMAND,2032.0,0.0,0.0,0.0,,,,completed,UNKNOWN,carga2
sql_batch_completed,2026-09-04 05:47:44.423,72,,,SteelNort,"{""event_name"": ""sql_batch_completed"", ""timestamp"": ""2026-09-04 05:47:44.423"", ""database_name"": ""SteelNort"", ""session_id"": 72, ""command"": ""SELECT"", ""duration"": 2067, ""cpu_time"": 8, ""logical_reads"": 0, ""writes"": 0, ""status"": ""completed""}",SELECT,2067.0,8.0,0.0,0.0,,,,completed,USER,carga2
sql_batch_completed,2026-09-04 05:47:46.499,65,,,SteelNort,"{""event_name"": ""sql_batch_completed"", ""timestamp"": ""2026-09-04 05:47:46.499"", ""database_name"": ""SteelNort"", ""session_id"": 65, ""command"": ""AWAITING COMMAND"", ""duration"": 2, ""cpu_time"": 0, ""logical_reads"": 0, ""writes"": 0}",AWAITING COMMAND,2.0,0.0,0.0,0.0,,,,,UNKNOWN,carga2
sql_batch_completed,2026-09-04 05:47:48.522,71,,,SteelNort,"{""event_name"": ""sql_batch_completed"", ""timestamp"": ""2026-09-04 05:47:48.522"", ""database_name"": ""SteelNort"", ""session_id"": 71, ""command"": ""EXECUTE"", ""duration"": 84, ""cpu_time"": 78, ""logical_reads"": 0, ""writes"": 0, ""wait_type"": ""MSQL_XP""}",EXECUTE,84.0,78.0,0.0,0.0,MSQL_XP,,,,USER,carga2
sql_batch_completed,2026-09-04 05:47:48.522,65,,,SteelNort,"{""event_name"": ""sql_batch_completed"", ""timestamp"": ""2026-09-04 05:47:48.522"", ""database_name"": ""SteelNort"", ""session_id"": 65, ""command"": ""AWAITING COMMAND"", ""duration"": 2029, ""cpu_time"": 0, ""logical_reads"": 0, ""writes"": 0, ""status"": ""completed""}",AWAITING COMMAND,2029.0,0.0,0.0,0.0,,,,completed,UNKNOWN,carga2
sql_batch_completed,2026-09-04 05:47:50.554,66,,,SteelNort,"{""event_name"": ""sql_batch_completed"", ""timestamp"": ""2026-09-04 05:47:50.554"", ""database_name"": ""SteelNort"", ""session_id"": 66, ""command"": ""EXECUTE"", ""duration"": 6, ""cpu_time"": 0, ""logical_reads"": 0, ""writes"": 0}",EXECUTE,6.0,0.0,0.0,0.0,,,,,USER,carga2
sql_batch_completed,2026-09-04 05:47:50.554,71,,,SteelNort,"{""event_name"": ""sql_batch_completed"", ""timestamp"": ""2026-09-04 05:47:50.554"", ""database_name"": ""SteelNort"", ""session_id"": 71, ""command"": ""EXECUTE"", ""duration"": 2114, ""cpu_time"": 78, ""logical_reads"": 0, ""writes"": 0, ""status"": ""completed""}",EXECUTE,2114.0,78.0,0.0,0.0,,,,completed,USER,carga2
sql_batch_completed,2026-09-04 05:47:52.587,71,,,SteelNort,"{""event_name"": ""sql_batch_completed"", ""timestamp"": ""2026-09-04 05:47:52.587"", ""database_name"": ""SteelNort"", ""session_id"": 71, ""command"": ""EXECUTE"", ""duration"": 11, ""cpu_time"": 5, ""logical_reads"": 0, ""writes"": 0, ""wait_type"": ""MSQL_XP""}",EXECUTE,11.0,5.0,0.0,0.0,MSQL_XP,,,,USER,carga2
sql_batch_completed,2026-09-04 05:47:52.587,66,,,SteelNort,"{""event_name"": ""sql_batch_completed"", ""timestamp"": ""2026-09-04 05:47:52.587"", ""database_name"": ""SteelNort"", ""session_id"": 66, ""command"": ""EXECUTE"", ""duration"": 2043, ""cpu_time"": 0, ""logical_reads"": 0, ""writes"": 0, ""status"": ""completed""}",EXECUTE,2043.0,0.0,0.0,0.0,,,,completed,USER,carga2
sql_batch_completed,2026-09-04 05:47:54.615,71,,,SteelNort,"{""event_name"": ""sql_batch_completed"", ""timestamp"": ""2026-09-04 05:47:54.615"", ""database_name"": ""SteelNort"", ""session_id"": 71, ""command"": ""EXECUTE"", ""duration"": 2039, ""cpu_time"": 5, ""logical_reads"": 0, ""writes"": 0, ""status"": ""completed""}",EXECUTE,2039.0,5.0,0.0,0.0,,,,completed,USER,carga2
login,2026-09-04 05:47:56.644,51,795ec2146175\Administrator,Microsoft SQL Server,SteelNort,"{""event_name"": ""login"", ""timestamp"": ""2026-09-04 05:47:56.644"", ""session_id"": 51, ""login_name"": ""795ec2146175\\Administrator"", ""program_name"": ""Microsoft SQL Server"", ""database_name"": ""SteelNort""}",,,,,,,,,,UNKNOWN,carga2
sql_batch_completed,2026-09-04 05:47:56.644,71,,,SteelNort,"{""event_name"": ""sql_batch_completed"", ""timestamp"": ""2026-09-04 05:47:56.644"", ""database_name"": ""SteelNort"", ""session_id"": 71, ""command"": ""EXECUTE"", ""duration"": 150, ""cpu_time"": 100, ""logical_reads"": 0, ""writes"": 0, ""wait_type"": ""MSQL_XP""}",EXECUTE,150.0,100.0,0.0,0.0,MSQL_XP,,,,USER,carga2
logout,2026-09-04 05:47:58.681,51,,,,"{""event_name"": ""logout"", ""timestamp"": ""2026-09-04 05:47:58.681"", ""session_id"": 51}",,,,,,,,,,UNKNOWN,carga2
sql_batch_completed,2026-09-04 05:47:58.681,71,,,SteelNort,"{""event_name"": ""sql_batch_completed"", ""timestamp"": ""2026-09-04 05:47:58.681"", ""database_name"": ""SteelNort"", ""session_id"": 71, ""command"": ""EXECUTE"", ""duration"": 2184, ""cpu_time"": 100, ""logical_reads"": 0, ""writes"": 0, ""status"": ""completed""}",EXECUTE,2184.0,100.0,0.0,0.0,,,,completed,USER,carga2
sql_batch_completed,2026-09-04 05:48:02.737,68,,,SteelNort,"{""event_name"": ""sql_batch_completed"", ""timestamp"": ""2026-09-04 05:48:02.737"", ""database_name"": ""SteelNort"", ""session_id"": 68, ""command"": ""EXECUTE"", ""duration"": 5, ""cpu_time"": 0, ""logical_reads"": 0, ""writes"": 0}",EXECUTE,5.0,0.0,0.0,0.0,,,,,USER,carga2
sql_batch_completed,2026-09-04 05:48:04.763,65,,,SteelNort,"{""event_name"": ""sql_batch_completed"", ""timestamp"": ""2026-09-04 05:48:04.763"", ""database_name"": ""SteelNort"", ""session_id"": 65, ""command"": ""AWAITING COMMAND"", ""duration"": 4, ""cpu_time"": 0, ""logical_reads"": 0, ""writes"": 0}",AWAITING COMMAND,4.0,0.0,0.0,0.0,,,,,UNKNOWN,carga2
sql_batch_completed,2026-09-04 05:48:04.763,69,,,SteelNort,"{""event_name"": ""sql_batch_completed"", ""timestamp"": ""2026-09-04 05:48:04.763"", ""database_name"": ""SteelNort"", ""session_id"": 69, ""command"": ""AWAITING COMMAND"", ""duration"": 7, ""cpu_time"": 0, ""logical_reads"": 0, ""writes"": 0}",AWAITING COMMAND,7.0,0.0,0.0,0.0,,,,,UNKNOWN,carga2
sql_batch_completed,2026-09-04 05:48:04.763,68,,,SteelNort,"{""event_name"": ""sql_batch_completed"", ""timestamp"": ""2026-09-04 05:48:04.763"", ""database_name"": ""SteelNort"", ""session_id"": 68, ""command"": ""EXECUTE"", ""duration"": 2038, ""cpu_time"": 0, ""logical_reads"": 0, ""writes"": 0, ""status"": ""completed""}",EXECUTE,2038.0,0.0,0.0,0.0,,,,completed,USER,carga2
sql_batch_completed,2026-09-04 05:48:06.801,65,,,SteelNort,"{""event_name"": ""sql_batch_completed"", ""timestamp"": ""2026-09-04 05:48:06.801"", ""database_name"": ""SteelNort"", ""session_id"": 65, ""command"": ""AWAITING COMMAND"", ""duration"": 2037, ""cpu_time"": 0, ""logical_reads"": 0, ""writes"": 0, ""status"": ""completed""}",AWAITING COMMAND,2037.0,0.0,0.0,0.0,,,,completed,UNKNOWN,carga2
sql_batch_completed,2026-09-04 05:48:06.801,69,,,SteelNort,"{""event_name"": ""sql_batch_completed"", ""timestamp"": ""2026-09-04 05:48:06.801"", ""database_name"": ""SteelNort"", ""session_id"": 69, ""command"": ""AWAITING COMMAND"", ""duration"": 2038, ""cpu_time"": 0, ""logical_reads"": 0, ""writes"": 0, ""status"": ""completed""}",AWAITING COMMAND,2038.0,0.0,0.0,0.0,,,,completed,UNKNOWN,carga2
sql_batch_completed,2026-09-04 05:48:10.842,71,,,SteelNort,"{""event_name"": ""sql_batch_completed"", ""timestamp"": ""2026-09-04 05:48:10.842"", ""database_name"": ""SteelNort"", ""session_id"": 71, ""command"": ""EXECUTE"", ""duration"": 34, ""cpu_time"": 30, ""logical_reads"": 0, ""writes"": 0, ""wait_type"": ""MSQL_XP""}",EXECUTE,34.0,30.0,0.0,0.0,MSQL_XP,,,,USER,carga2
sql_batch_completed,2026-09-04 05:48:12.884,72,,,SteelNort,"{""event_name"": ""sql_batch_completed"", ""timestamp"": ""2026-09-04 05:48:12.884"", ""database_name"": ""SteelNort"", ""session_id"": 72, ""command"": ""SELECT"", ""duration"": 20, ""cpu_time"": 12, ""logical_reads"": 0, ""writes"": 0}",SELECT,20.0,12.0,0.0,0.0,,,,,USER,carga2
sql_batch_completed,2026-09-04 05:48:12.884,71,,,SteelNort,"{""event_name"": ""sql_batch_completed"", ""timestamp"": ""2026-09-04 05:48:12.884"", ""database_name"": ""SteelNort"", ""session_id"": 71, ""command"": ""EXECUTE"", ""duration"": 2064, ""cpu_time"": 30, ""logical_reads"": 0, ""writes"": 0, ""status"": ""completed""}",EXECUTE,2064.0,30.0,0.0,0.0,,,,completed,USER,carga2
login,2026-09-04 05:48:14.910,51,795ec2146175\Administrator,Microsoft SQL Server,SteelNort,"{""event_name"": ""login"", ""timestamp"": ""2026-09-04 05:48:14.910"", ""session_id"": 51, ""login_name"": ""795ec2146175\\Administrator"", ""program_name"": ""Microsoft SQL Server"", ""database_name"": ""SteelNort""}",,,,,,,,,,UNKNOWN,carga2
sql_batch_completed,2026-09-04 05:48:14.910,60,,,SteelNort,"{""event_name"": ""sql_batch_completed"", ""timestamp"": ""2026-09-04 05:48:14.910"", ""database_name"": ""SteelNort"", ""session_id"": 60, ""command"": ""AWAITING COMMAND"", ""duration"": 5, ""cpu_time"": 0, ""logical_reads"": 0, ""writes"": 0}",AWAITING COMMAND,5.0,0.0,0.0,0.0,,,,,UNKNOWN,carga2
sql_batch_completed,2026-09-04 05:48:14.910,71,,,SteelNort,"{""event_name"": ""sql_batch_completed"", ""timestamp"": ""2026-09-04 05:48:14.910"", ""database_name"": ""SteelNort"", ""session_id"": 71, ""command"": ""EXECUTE"", ""duration"": 166, ""cpu_time"": 91, ""logical_reads"": 0, ""writes"": 0, ""wait_type"": ""MSQL_XP""}",EXECUTE,166.0,91.0,0.0,0.0,MSQL_XP,,,,USER,carga2
sql_batch_completed,2026-09-04 05:48:14.910,72,,,SteelNort,"{""event_name"": ""sql_batch_completed"", ""timestamp"": ""2026-09-04 05:48:14.910"", ""database_name"": ""SteelNort"", ""session_id"": 72, ""command"": ""SELECT"", ""duration"": 2048, ""cpu_time"": 12, ""logical_reads"": 0, ""writes"": 0, ""status"": ""completed""}",SELECT,2048.0,12.0,0.0,0.0,,,,completed,USER,carga2
logout,2026-09-04 05:48:16.936,51,,,,"{""event_name"": ""logout"", ""timestamp"": ""2026-09-04 05:48:16.936"", ""session_id"": 51}",,,,,,,,,,UNKNOWN,carga2
sql_batch_completed,2026-09-04 05:48:16.936,60,,,SteelNort,"{""event_name"": ""sql_batch_completed"", ""timestamp"": ""2026-09-04 05:48:16.936"", ""database_name"": ""SteelNort"", ""session_id"": 60, ""command"": ""AWAITING COMMAND"", ""duration"": 2034, ""cpu_time"": 0, ""logical_reads"": 0, ""writes"": 0, ""status"": ""completed""}",AWAITING COMMAND,2034.0,0.0,0.0,0.0,,,,completed,UNKNOWN,carga2
sql_batch_completed,2026-09-04 05:48:16.936,71,,,SteelNort,"{""event_name"": ""sql_batch_completed"", ""timestamp"": ""2026-09-04 05:48:16.936"", ""database_name"": ""SteelNort"", ""session_id"": 71, ""command"": ""EXECUTE"", ""duration"": 2195, ""cpu_time"": 91, ""logical_reads"": 0, ""writes"": 0, ""status"": ""completed""}",EXECUTE,2195.0,91.0,0.0,0.0,,,,completed,USER,carga2
sql_batch_completed,2026-09-04 05:48:25.029,68,,,SteelNort,"{""event_name"": ""sql_batch_completed"", ""timestamp"": ""2026-09-04 05:48:25.029"", ""database_name"": ""SteelNort"", ""session_id"": 68, ""command"": ""AWAITING COMMAND"", ""duration"": 6, ""cpu_time"": 0, ""logical_reads"": 0, ""writes"": 0}",AWAITING COMMAND,6.0,0.0,0.0,0.0,,,,,UNKNOWN,carga2
sql_batch_completed,2026-09-04 05:48:27.047,68,,,SteelNort,"{""event_name"": ""sql_batch_completed"", ""timestamp"": ""2026-09-04 05:48:27.047"", ""database_name"": ""SteelNort"", ""session_id"": 68, ""command"": ""AWAITING COMMAND"", ""duration"": 2026, ""cpu_time"": 0, ""logical_reads"": 0, ""writes"": 0, ""status"": ""completed""}",AWAITING COMMAND,2026.0,0.0,0.0,0.0,,,,completed,UNKNOWN,carga2
sql_batch_completed,2026-09-04 05:48:33.121,60,,,SteelNort,"{""event_name"": ""sql_batch_completed"", ""timestamp"": ""2026-09-04 05:48:33.121"", ""database_name"": ""SteelNort"", ""session_id"": 60, ""command"": ""AWAITING COMMAND"", ""duration"": 3, ""cpu_time"": 0, ""logical_reads"": 0, ""writes"": 0}",AWAITING COMMAND,3.0,0.0,0.0,0.0,,,,,UNKNOWN,carga2
sql_batch_completed,2026-09-04 05:48:33.121,65,,,SteelNort,"{""event_name"": ""sql_batch_completed"", ""timestamp"": ""2026-09-04 05:48:33.121"", ""database_name"": ""SteelNort"", ""session_id"": 65, ""command"": ""EXECUTE"", ""duration"": 4, ""cpu_time"": 0, ""logical_reads"": 0, ""writes"": 0}",EXECUTE,4.0,0.0,0.0,0.0,,,,,USER,carga2
sql_batch_completed,2026-09-04 05:48:33.121,71,,,SteelNort,"{""event_name"": ""sql_batch_completed"", ""timestamp"": ""2026-09-04 05:48:33.121"", ""database_name"": ""SteelNort"", ""session_id"": 71, ""command"": ""EXECUTE"", ""duration"": 52, ""cpu_time"": 44, ""logical_reads"": 0, ""writes"": 0, ""wait_type"": ""MSQL_XP""}",EXECUTE,52.0,44.0,0.0,0.0,MSQL_XP,,,,USER,carga2
sql_batch_completed,2026-09-04 05:48:35.143,64,,,SteelNort,"{""event_name"": ""sql_batch_completed"", ""timestamp"": ""2026-09-04 05:48:35.143"", ""database_name"": ""SteelNort"", ""session_id"": 64, ""command"": ""AWAITING COMMAND"", ""duration"": 3, ""cpu_time"": 0, ""logical_reads"": 0, ""writes"": 0}",AWAITING COMMAND,3.0,0.0,0.0,0.0,,,,,UNKNOWN,carga2
sql_batch_completed,2026-09-04 05:48:35.143,65,,,SteelNort,"{""event_name"": ""sql_batch_completed"", ""timestamp"": ""2026-09-04 05:48:35.143"", ""database_name"": ""SteelNort"", ""session_id"": 65, ""command"": ""EXECUTE"", ""duration"": 2031, ""cpu_time"": 0, ""logical_reads"": 0, ""writes"": 0, ""status"": ""completed""}",EXECUTE,2031.0,0.0,0.0,0.0,,,,completed,USER,carga2
sql_batch_completed,2026-09-04 05:48:35.143,60,,,SteelNort,"{""event_name"": ""sql_batch_completed"", ""timestamp"": ""2026-09-04 05:48:35.143"", ""database_name"": ""SteelNort"", ""session_id"": 60, ""command"": ""AWAITING COMMAND"", ""duration"": 2032, ""cpu_time"": 0, ""logical_reads"": 0, ""writes"": 0, ""status"": ""completed""}",AWAITING COMMAND,2032.0,0.0,0.0,0.0,,,,completed,UNKNOWN,carga2
sql_batch_completed,2026-09-04 05:48:35.143,71,,,SteelNort,"{""event_name"": ""sql_batch_completed"", ""timestamp"": ""2026-09-04 05:48:35.143"", ""database_name"": ""SteelNort"", ""session_id"": 71, ""command"": ""EXECUTE"", ""duration"": 2080, ""cpu_time"": 44, ""logical_reads"": 0, ""writes"": 0, ""status"": ""completed""}",EXECUTE,2080.0,44.0,0.0,0.0,,,,completed,USER,carga2
sql_batch_completed,2026-09-04 05:48:37.170,64,,,SteelNort,"{""event_name"": ""sql_batch_completed"", ""timestamp"": ""2026-09-04 05:48:37.170"", ""database_name"": ""SteelNort"", ""session_id"": 64, ""command"": ""AWAITING COMMAND"", ""duration"": 2028, ""cpu_time"": 0, ""logical_reads"": 0, ""writes"": 0, ""status"": ""completed""}",AWAITING COMMAND,2028.0,0.0,0.0,0.0,,,,completed,UNKNOWN,carga2
lock_acquired,2026-09-04 05:48:41.226,70,,,,"{""event_name"": ""lock_acquired"", ""timestamp"": ""2026-09-04 05:48:41.226"", ""session_id"": 70, ""resource_type"": ""OBJECT"", ""mode"": ""IS""}",,,,,,,OBJECT,IS,,UNKNOWN,carga2
login,2026-09-04 05:48:43.252,51,795ec2146175\Administrator,Microsoft SQL Server,SteelNort,"{""event_name"": ""login"", ""timestamp"": ""2026-09-04 05:48:43.252"", ""session_id"": 51, ""login_name"": ""795ec2146175\\Administrator"", ""program_name"": ""Microsoft SQL Server"", ""database_name"": ""SteelNort""}",,,,,,,,,,UNKNOWN,carga2
sql_batch_completed,2026-09-04 05:48:43.252,71,,,SteelNort,"{""event_name"": ""sql_batch_completed"", ""timestamp"": ""2026-09-04 05:48:43.252"", ""database_name"": ""SteelNort"", ""session_id"": 71, ""command"": ""EXECUTE"", ""duration"": 234, ""cpu_time"": 118, ""logical_reads"": 0, ""writes"": 0, ""wait_type"": ""MSQL_XP""}",EXECUTE,234.0,118.0,0.0,0.0,MSQL_XP,,,,USER,carga2
lock_acquired,2026-09-04 05:48:43.252,72,,,,"{""event_name"": ""lock_acquired"", ""timestamp"": ""2026-09-04 05:48:43.252"", ""session_id"": 72, ""resource_type"": ""OBJECT"", ""mode"": ""Sch-S""}",,,,,,,OBJECT,Sch-S,,UNKNOWN,carga2
lock_released,2026-09-04 05:48:43.252,70,,,,"{""event_name"": ""lock_released"", ""timestamp"": ""2026-09-04 05:48:43.252"", ""session_id"": 70, ""resource_type"": ""OBJECT"", ""mode"": ""IS""}",,,,,,,OBJECT,IS,,UNKNOWN,carga2
logout,2026-09-04 05:48:45.291,51,,,,"{""event_name"": ""logout"", ""timestamp"": ""2026-09-04 05:48:45.291"", ""session_id"": 51}",,,,,,,,,,UNKNOWN,carga2
sql_batch_completed,2026-09-04 05:48:45.291,71,,,SteelNort,"{""event_name"": ""sql_batch_completed"", ""timestamp"": ""2026-09-04 05:48:45.291"", ""database_name"": ""SteelNort"", ""session_id"": 71, ""command"": ""EXECUTE"", ""duration"": 2273, ""cpu_time"": 118, ""logical_reads"": 0, ""writes"": 0, ""status"": ""completed""}",EXECUTE,2273.0,118.0,0.0,0.0,,,,completed,USER,carga2
lock_released,2026-09-04 05:48:45.291,72,,,,"{""event_name"": ""lock_released"", ""timestamp"": ""2026-09-04 05:48:45.291"", ""session_id"": 72, ""resource_type"": ""OBJECT"", ""mode"": ""Sch-S""}",,,,,,,OBJECT,Sch-S,,UNKNOWN,carga2
wait_info,2026-09-04 05:48:49.340,57,,,master,"{""event_name"": ""wait_info"", ""timestamp"": ""2026-09-04 05:48:49.340"", ""session_id"": 57, ""wait_type"": ""SLEEP_TASK"", ""database_name"": ""master""}",,,,,,SLEEP_TASK,,,,UNKNOWN,carga2
sql_batch_completed,2026-09-04 05:48:49.340,71,,,SteelNort,"{""event_name"": ""sql_batch_completed"", ""timestamp"": ""2026-09-04 05:48:49.340"", ""database_name"": ""SteelNort"", ""session_id"": 71, ""command"": ""EXECUTE"", ""duration"": 70, ""cpu_time"": 61, ""logical_reads"": 0, ""writes"": 0, ""wait_type"": ""MSQL_XP""}",EXECUTE,70.0,61.0,0.0,0.0,MSQL_XP,,,,USER,carga2
sql_batch_completed,2026-09-04 05:48:51.365,60,,,SteelNort,"{""event_name"": ""sql_batch_completed"", ""timestamp"": ""2026-09-04 05:48:51.365"", ""database_name"": ""SteelNort"", ""session_id"": 60, ""command"": ""EXECUTE"", ""duration"": 3, ""cpu_time"": 0, ""logical_reads"": 0, ""writes"": 0}",EXECUTE,3.0,0.0,0.0,0.0,,,,,USER,carga2
sql_batch_completed,2026-09-04 05:48:51.365,71,,,SteelNort,"{""event_name"": ""sql_batch_completed"", ""timestamp"": ""2026-09-04 05:48:51.365"", ""database_name"": ""SteelNort"", ""session_id"": 71, ""command"": ""EXECUTE"", ""duration"": 2097, ""cpu_time"": 61, ""logical_reads"": 0, ""writes"": 0, ""status"": ""completed""}",EXECUTE,2097.0,61.0,0.0,0.0,,,,completed,USER,carga2
sql_batch_completed,2026-09-04 05:48:53.395,60,,,SteelNort,"{""event_name"": ""sql_batch_completed"", ""timestamp"": ""2026-09-04 05:48:53.395"", ""database_name"": ""SteelNort"", ""session_id"": 60, ""command"": ""EXECUTE"", ""duration"": 2030, ""cpu_time"": 0, ""logical_reads"": 0, ""writes"": 0, ""status"": ""completed""}",EXECUTE,2030.0,0.0,0.0,0.0,,,,completed,USER,carga2
lock_acquired,2026-09-04 05:48:57.453,70,,,,"{""event_name"": ""lock_acquired"", ""timestamp"": ""2026-09-04 05:48:57.453"", ""session_id"": 70, ""resource_type"": ""KEY"", ""mode"": ""X""}",,,,,,,KEY,X,,UNKNOWN,carga2
lock_acquired,2026-09-04 05:48:57.453,70,,,,"{""event_name"": ""lock_acquired"", ""timestamp"": ""2026-09-04 05:48:57.453"", ""session_id"": 70, ""resource_type"": ""RID"", ""mode"": ""X""}",,,,,,,RID,X,,UNKNOWN,carga2
lock_acquired,2026-09-04 05:48:57.453,70,,,,"{""event_name"": ""lock_acquired"", ""timestamp"": ""2026-09-04 05:48:57.453"", ""session_id"": 70, ""resource_type"": ""PAGE"", ""mode"": ""IX""}",,,,,,,PAGE,IX,,UNKNOWN,carga2
lock_acquired,2026-09-04 05:48:57.453,70,,,,"{""event_name"": ""lock_acquired"", ""timestamp"": ""2026-09-04 05:48:57.453"", ""session_id"": 70, ""resource_type"": ""OBJECT"", ""mode"": ""IX""}",,,,,,,OBJECT,IX,,UNKNOWN,carga2
lock_released,2026-09-04 05:48:59.480,70,,,,"{""event_name"": ""lock_released"", ""timestamp"": ""2026-09-04 05:48:59.480"", ""session_id"": 70, ""resource_type"": ""KEY"", ""mode"": ""X""}",,,,,,,KEY,X,,UNKNOWN,carga2
lock_released,2026-09-04 05:48:59.480,70,,,,"{""event_name"": ""lock_released"", ""timestamp"": ""2026-09-04 05:48:59.480"", ""session_id"": 70, ""resource_type"": ""RID"", ""mode"": ""X""}",,,,,,,RID,X,,UNKNOWN,carga2
lock_released,2026-09-04 05:48:59.480,70,,,,"{""event_name"": ""lock_released"", ""timestamp"": ""2026-09-04 05:48:59.480"", ""session_id"": 70, ""resource_type"": ""PAGE"", ""mode"": ""IX""}",,,,,,,PAGE,IX,,UNKNOWN,carga2
lock_released,2026-09-04 05:48:59.480,70,,,,"{""event_name"": ""lock_released"", ""timestamp"": ""2026-09-04 05:48:59.480"", ""session_id"": 70, ""resource_type"": ""OBJECT"", ""mode"": ""IX""}",,,,,,,OBJECT,IX,,UNKNOWN,carga2
sql_batch_completed,2026-09-04 05:49:01.515,71,,,SteelNort,"{""event_name"": ""sql_batch_completed"", ""timestamp"": ""2026-09-04 05:49:01.515"", ""database_name"": ""SteelNort"", ""session_id"": 71, ""command"": ""EXECUTE"", ""duration"": 25, ""cpu_time"": 21, ""logical_reads"": 0, ""writes"": 0, ""wait_type"": ""MSQL_XP""}",EXECUTE,25.0,21.0,0.0,0.0,MSQL_XP,,,,USER,carga2
sql_batch_completed,2026-09-04 05:49:03.539,64,,,SteelNort,"{""event_name"": ""sql_batch_completed"", ""timestamp"": ""2026-09-04 05:49:03.539"", ""database_name"": ""SteelNort"", ""session_id"": 64, ""command"": ""AWAITING COMMAND"", ""duration"": 6, ""cpu_time"": 0, ""logical_reads"": 0, ""writes"": 0}",AWAITING COMMAND,6.0,0.0,0.0,0.0,,,,,UNKNOWN,carga2
sql_batch_completed,2026-09-04 05:49:03.539,71,,,SteelNort,"{""event_name"": ""sql_batch_completed"", ""timestamp"": ""2026-09-04 05:49:03.539"", ""database_name"": ""SteelNort"", ""session_id"": 71, ""command"": ""EXECUTE"", ""duration"": 2047, ""cpu_time"": 21, ""logical_reads"": 0, ""writes"": 0, ""status"": ""completed""}",EXECUTE,2047.0,21.0,0.0,0.0,,,,completed,USER,carga2
sql_batch_completed,2026-09-04 05:49:05.561,69,,,SteelNort,"{""event_name"": ""sql_batch_completed"", ""timestamp"": ""2026-09-04 05:49:05.561"", ""database_name"": ""SteelNort"", ""session_id"": 69, ""command"": ""CONDITIONAL"", ""duration"": 1, ""cpu_time"": 0, ""logical_reads"": 0, ""writes"": 0}",CONDITIONAL,1.0,0.0,0.0,0.0,,,,,UNKNOWN,carga2
sql_batch_completed,2026-09-04 05:49:05.561,64,,,SteelNort,"{""event_name"": ""sql_batch_completed"", ""timestamp"": ""2026-09-04 05:49:05.561"", ""database_name"": ""SteelNort"", ""session_id"": 64, ""command"": ""AWAITING COMMAND"", ""duration"": 2029, ""cpu_time"": 0, ""logical_reads"": 0, ""writes"": 0, ""status"": ""completed""}",AWAITING COMMAND,2029.0,0.0,0.0,0.0,,,,completed,UNKNOWN,carga2
login,2026-09-04 05:49:07.586,51,795ec2146175\Administrator,Microsoft SQL Server,SteelNort,"{""event_name"": ""login"", ""timestamp"": ""2026-09-04 05:49:07.586"", ""session_id"": 51, ""login_name"": ""795ec2146175\\Administrator"", ""program_name"": ""Microsoft SQL Server"", ""database_name"": ""SteelNort""}",,,,,,,,,,UNKNOWN,carga2
sql_batch_completed,2026-09-04 05:49:07.586,68,,,SteelNort,"{""event_name"": ""sql_batch_completed"", ""timestamp"": ""2026-09-04 05:49:07.586"", ""database_name"": ""SteelNort"", ""session_id"": 68, ""command"": ""AWAITING COMMAND"", ""duration"": 6, ""cpu_time"": 0, ""logical_reads"": 0, ""writes"": 0}",AWAITING COMMAND,6.0,0.0,0.0,0.0,,,,,UNKNOWN,carga2
sql_batch_completed,2026-09-04 05:49:07.586,71,,,SteelNort,"{""event_name"": ""sql_batch_completed"", ""timestamp"": ""2026-09-04 05:49:07.586"", ""database_name"": ""SteelNort"", ""session_id"": 71, ""command"": ""EXECUTE"", ""duration"": 124, ""cpu_time"": 88, ""logical_reads"": 0, ""writes"": 0, ""wait_type"": ""MSQL_XP""}",EXECUTE,124.0,88.0,0.0,0.0,MSQL_XP,,,,USER,carga2
sql_batch_completed,2026-09-04 05:49:07.586,69,,,SteelNort,"{""event_name"": ""sql_batch_completed"", ""timestamp"": ""2026-09-04 05:49:07.586"", ""database_name"": ""SteelNort"", ""session_id"": 69, ""command"": ""CONDITIONAL"", ""duration"": 2031, ""cpu_time"": 0, ""logical_reads"": 0, ""writes"": 0, ""status"": ""completed""}",CONDITIONAL,2031.0,0.0,0.0,0.0,,,,completed,UNKNOWN,carga2
logout,2026-09-04 05:49:09.613,51,,,,"{""event_name"": ""logout"", ""timestamp"": ""2026-09-04 05:49:09.613"", ""session_id"": 51}",,,,,,,,,,UNKNOWN,carga2
sql_batch_completed,2026-09-04 05:49:09.613,68,,,SteelNort,"{""event_name"": ""sql_batch_completed"", ""timestamp"": ""2026-09-04 05:49:09.613"", ""database_name"": ""SteelNort"", ""session_id"": 68, ""command"": ""AWAITING COMMAND"", ""duration"": 2035, ""cpu_time"": 0, ""logical_reads"": 0, ""writes"": 0, ""status"": ""completed""}",AWAITING COMMAND,2035.0,0.0,0.0,0.0,,,,completed,UNKNOWN,carga2
sql_batch_completed,2026-09-04 05:49:09.613,71,,,SteelNort,"{""event_name"": ""sql_batch_completed"", ""timestamp"": ""2026-09-04 05:49:09.613"", ""database_name"": ""SteelNort"", ""session_id"": 71, ""command"": ""EXECUTE"", ""duration"": 2153, ""cpu_time"": 88, ""logical_reads"": 0, ""writes"": 0, ""status"": ""completed""}",EXECUTE,2153.0,88.0,0.0,0.0,,,,completed,USER,carga2
sql_batch_completed,2026-09-04 05:49:13.661,72,,,SteelNort,"{""event_name"": ""sql_batch_completed"", ""timestamp"": ""2026-09-04 05:49:13.661"", ""database_name"": ""SteelNort"", ""session_id"": 72, ""command"": ""SELECT"", ""duration"": 5, ""cpu_time"": 1, ""logical_reads"": 0, ""writes"": 0}",SELECT,5.0,1.0,0.0,0.0,,,,,USER,carga2
lock_acquired,2026-09-04 05:49:13.661,72,,,,"{""event_name"": ""lock_acquired"", ""timestamp"": ""2026-09-04 05:49:13.661"", ""session_id"": 72, ""resource_type"": ""OBJECT"", ""mode"": ""Sch-S""}",,,,,,,OBJECT,Sch-S,,UNKNOWN,carga2
sql_batch_completed,2026-09-04 05:49:15.690,72,,,SteelNort,"{""event_name"": ""sql_batch_completed"", ""timestamp"": ""2026-09-04 05:49:15.690"", ""database_name"": ""SteelNort"", ""session_id"": 72, ""command"": ""SELECT"", ""duration"": 2035, ""cpu_time"": 1, ""logical_reads"": 0, ""writes"": 0, ""status"": ""completed""}",SELECT,2035.0,1.0,0.0,0.0,,,,completed,USER,carga2
lock_released,2026-09-04 05:49:15.690,72,,,,"{""event_name"": ""lock_released"", ""timestamp"": ""2026-09-04 05:49:15.690"", ""session_id"": 72, ""resource_type"": ""OBJECT"", ""mode"": ""Sch-S""}",,,,,,,OBJECT,Sch-S,,UNKNOWN,carga2
login,2026-09-04 05:49:17.720,74,sa,unknown,SteelNort,"{""event_name"": ""login"", ""timestamp"": ""2026-09-04 05:49:17.720"", ""session_id"": 74, ""login_name"": ""sa"", ""program_name"": ""unknown"", ""database_name"": ""SteelNort""}",,,,,,,,,,UNKNOWN,carga2
login,2026-09-04 05:49:17.720,75,sa,unknown,SteelNort,"{""event_name"": ""login"", ""timestamp"": ""2026-09-04 05:49:17.720"", ""session_id"": 75, ""login_name"": ""sa"", ""program_name"": ""unknown"", ""database_name"": ""SteelNort""}",,,,,,,,,,UNKNOWN,carga2
login,2026-09-04 05:49:17.720,77,sa,unknown,SteelNort,"{""event_name"": ""login"", ""timestamp"": ""2026-09-04 05:49:17.720"", ""session_id"": 77, ""login_name"": ""sa"", ""program_name"": ""unknown"", ""database_name"": ""SteelNort""}",,,,,,,,,,UNKNOWN,carga2
login,2026-09-04 05:49:17.720,78,sa,unknown,SteelNort,"{""event_name"": ""login"", ""timestamp"": ""2026-09-04 05:49:17.720"", ""session_id"": 78, ""login_name"": ""sa"", ""program_name"": ""unknown"", ""database_name"": ""SteelNort""}",,,,,,,,,,UNKNOWN,carga2
login,2026-09-04 05:49:17.720,79,sa,unknown,SteelNort,"{""event_name"": ""login"", ""timestamp"": ""2026-09-04 05:49:17.720"", ""session_id"": 79, ""login_name"": ""sa"", ""program_name"": ""unknown"", ""database_name"": ""SteelNort""}",,,,,,,,,,UNKNOWN,carga2
login,2026-09-04 05:49:17.720,80,sa,unknown,SteelNort,"{""event_name"": ""login"", ""timestamp"": ""2026-09-04 05:49:17.720"", ""session_id"": 80, ""login_name"": ""sa"", ""program_name"": ""unknown"", ""database_name"": ""SteelNort""}",,,,,,,,,,UNKNOWN,carga2
login,2026-09-04 05:49:17.720,51,sa,unknown,SteelNort,"{""event_name"": ""login"", ""timestamp"": ""2026-09-04 05:49:17.720"", ""session_id"": 51, ""login_name"": ""sa"", ""program_name"": ""unknown"", ""database_name"": ""SteelNort""}",,,,,,,,,,UNKNOWN,carga2
login,2026-09-04 05:49:17.720,52,sa,unknown,SteelNort,"{""event_name"": ""login"", ""timestamp"": ""2026-09-04 05:49:17.720"", ""session_id"": 52, ""login_name"": ""sa"", ""program_name"": ""unknown"", ""database_name"": ""SteelNort""}",,,,,,,,,,UNKNOWN,carga2
sql_batch_completed,2026-09-04 05:49:17.720,51,,,master,"{""event_name"": ""sql_batch_completed"", ""timestamp"": ""2026-09-04 05:49:17.720"", ""database_name"": ""master"", ""session_id"": 51, ""command"": ""TASK MANAGER"", ""duration"": 1876, ""cpu_time"": 0, ""logical_reads"": 0, ""writes"": 0}",TASK MANAGER,1876.0,0.0,0.0,0.0,,,,,SQL_SERVER_INTERNAL,carga2
sql_batch_completed,2026-09-04 05:49:17.720,52,,,master,"{""event_name"": ""sql_batch_completed"", ""timestamp"": ""2026-09-04 05:49:17.720"", ""database_name"": ""master"", ""session_id"": 52, ""command"": ""TASK MANAGER"", ""duration"": 1877, ""cpu_time"": 0, ""logical_reads"": 0, ""writes"": 0}",TASK MANAGER,1877.0,0.0,0.0,0.0,,,,,SQL_SERVER_INTERNAL,carga2
sql_batch_completed,2026-09-04 05:49:17.720,74,,,master,"{""event_name"": ""sql_batch_completed"", ""timestamp"": ""2026-09-04 05:49:17.720"", ""database_name"": ""master"", ""session_id"": 74, ""command"": ""TASK MANAGER"", ""duration"": 1878, ""cpu_time"": 0, ""logical_reads"": 0, ""writes"": 0}",TASK MANAGER,1878.0,0.0,0.0,0.0,,,,,SQL_SERVER_INTERNAL,carga2
sql_batch_completed,2026-09-04 05:49:17.720,75,,,master,"{""event_name"": ""sql_batch_completed"", ""timestamp"": ""2026-09-04 05:49:17.720"", ""database_name"": ""master"", ""session_id"": 75, ""command"": ""TASK MANAGER"", ""duration"": 1879, ""cpu_time"": 0, ""logical_reads"": 0, ""writes"": 0}",TASK MANAGER,1879.0,0.0,0.0,0.0,,,,,SQL_SERVER_INTERNAL,carga2
sql_batch_completed,2026-09-04 05:49:17.720,77,,,master,"{""event_name"": ""sql_batch_completed"", ""timestamp"": ""2026-09-04 05:49:17.720"", ""database_name"": ""master"", ""session_id"": 77, ""command"": ""TASK MANAGER"", ""duration"": 1880, ""cpu_time"": 0, ""logical_reads"": 0, ""writes"": 0}",TASK MANAGER,1880.0,0.0,0.0,0.0,,,,,SQL_SERVER_INTERNAL,carga2
sql_batch_completed,2026-09-04 05:49:17.720,78,,,master,"{""event_name"": ""sql_batch_completed"", ""timestamp"": ""2026-09-04 05:49:17.720"", ""database_name"": ""master"", ""session_id"": 78, ""command"": ""TASK MANAGER"", ""duration"": 1882, ""cpu_time"": 0, ""logical_reads"": 0, ""writes"": 0}",TASK MANAGER,1882.0,0.0,0.0,0.0,,,,,SQL_SERVER_INTERNAL,carga2
sql_batch_completed,2026-09-04 05:49:17.720,79,,,master,"{""event_name"": ""sql_batch_completed"", ""timestamp"": ""2026-09-04 05:49:17.720"", ""database_name"": ""master"", ""session_id"": 79, ""command"": ""TASK MANAGER"", ""duration"": 1883, ""cpu_time"": 0, ""logical_reads"": 0, ""writes"": 0}",TASK MANAGER,1883.0,0.0,0.0,0.0,,,,,SQL_SERVER_INTERNAL,carga2
sql_batch_completed,2026-09-04 05:49:17.720,80,,,master,"{""event_name"": ""sql_batch_completed"", ""timestamp"": ""2026-09-04 05:49:17.720"", ""database_name"": ""master"", ""session_id"": 80, ""command"": ""TASK MANAGER"", ""duration"": 1884, ""cpu_time"": 0, ""logical_reads"": 0, ""writes"": 0}",TASK MANAGER,1884.0,0.0,0.0,0.0,,,,,SQL_SERVER_INTERNAL,carga2
lock_acquired,2026-09-04 05:49:17.720,70,,,,"{""event_name"": ""lock_acquired"", ""timestamp"": ""2026-09-04 05:49:17.720"", ""session_id"": 70, ""resource_type"": ""KEY"", ""mode"": ""S""}",,,,,,,KEY,S,,UNKNOWN,carga2
lock_released,2026-09-04 05:49:19.758,70,,,,"{""event_name"": ""lock_released"", ""timestamp"": ""2026-09-04 05:49:19.758"", ""session_id"": 70, ""resource_type"": ""KEY"", ""mode"": ""S""}",,,,,,,KEY,S,,UNKNOWN,carga2
login,2026-09-04 05:49:33.938,82,sa,unknown,SteelNort,"{""event_name"": ""login"", ""timestamp"": ""2026-09-04 05:49:33.938"", ""session_id"": 82, ""login_name"": ""sa"", ""program_name"": ""unknown"", ""database_name"": ""SteelNort""}",,,,,,,,,,UNKNOWN,carga2
sql_batch_completed,2026-09-04 05:49:33.938,82,,,master,"{""event_name"": ""sql_batch_completed"", ""timestamp"": ""2026-09-04 05:49:33.938"", ""database_name"": ""master"", ""session_id"": 82, ""command"": ""BRKR TASK"", ""duration"": 310, ""cpu_time"": 0, ""logical_reads"": 0, ""writes"": 0, ""wait_type"": ""BROKER_TASK_STOP""}",BRKR TASK,310.0,0.0,0.0,0.0,BROKER_TASK_STOP,,,,SQL_SERVER_INTERNAL,carga2
sql_batch_completed,2026-09-04 05:49:35.969,70,,,SteelNort,"{""event_name"": ""sql_batch_completed"", ""timestamp"": ""2026-09-04 05:49:35.969"", ""database_name"": ""SteelNort"", ""session_id"": 70, ""command"": ""EXECUTE"", ""duration"": 6, ""cpu_time"": 0, ""logical_reads"": 0, ""writes"": 0}",EXECUTE,6.0,0.0,0.0,0.0,,,,,USER,carga2
sql_batch_completed,2026-09-04 05:49:37.986,70,,,SteelNort,"{""event_name"": ""sql_batch_completed"", ""timestamp"": ""2026-09-04 05:49:37.986"", ""database_name"": ""SteelNort"", ""session_id"": 70, ""command"": ""EXECUTE"", ""duration"": 2029, ""cpu_time"": 0, ""logical_reads"": 0, ""writes"": 0, ""status"": ""completed""}",EXECUTE,2029.0,0.0,0.0,0.0,,,,completed,USER,carga2
login,2026-09-04 05:49:40.014,81,795ec2146175\Administrator,Microsoft SQL Server,SteelNort,"{""event_name"": ""login"", ""timestamp"": ""2026-09-04 05:49:40.014"", ""session_id"": 81, ""login_name"": ""795ec2146175\\Administrator"", ""program_name"": ""Microsoft SQL Server"", ""database_name"": ""SteelNort""}",,,,,,,,,,UNKNOWN,carga2
sql_batch_completed,2026-09-04 05:49:40.014,71,,,SteelNort,"{""event_name"": ""sql_batch_completed"", ""timestamp"": ""2026-09-04 05:49:40.014"", ""database_name"": ""SteelNort"", ""session_id"": 71, ""command"": ""EXECUTE"", ""duration"": 200, ""cpu_time"": 110, ""logical_reads"": 0, ""writes"": 0, ""wait_type"": ""MSQL_XP""}",EXECUTE,200.0,110.0,0.0,0.0,MSQL_XP,,,,USER,carga2
logout,2026-09-04 05:49:42.036,81,,,,"{""event_name"": ""logout"", ""timestamp"": ""2026-09-04 05:49:42.036"", ""session_id"": 81}",,,,,,,,,,UNKNOWN,carga2
sql_batch_completed,2026-09-04 05:49:42.036,71,,,SteelNort,"{""event_name"": ""sql_batch_completed"", ""timestamp"": ""2026-09-04 05:49:42.036"", ""database_name"": ""SteelNort"", ""session_id"": 71, ""command"": ""EXECUTE"", ""duration"": 2228, ""cpu_time"": 110, ""logical_reads"": 0, ""writes"": 0, ""status"": ""completed""}",EXECUTE,2228.0,110.0,0.0,0.0,,,,completed,USER,carga2
logout,2026-09-04 05:49:44.066,82,,,,"{""event_name"": ""logout"", ""timestamp"": ""2026-09-04 05:49:44.066"", ""session_id"": 82}",,,,,,,,,,UNKNOWN,carga2
sql_batch_completed,2026-09-04 05:49:44.066,82,,,master,"{""event_name"": ""sql_batch_completed"", ""timestamp"": ""2026-09-04 05:49:44.066"", ""database_name"": ""master"", ""session_id"": 82, ""command"": ""BRKR TASK"", ""duration"": 10438, ""cpu_time"": 0, ""logical_reads"": 0, ""writes"": 0, ""status"": ""completed""}",BRKR TASK,10438.0,0.0,0.0,0.0,,,,completed,SQL_SERVER_INTERNAL,carga2
sql_batch_completed,2026-09-04 05:49:46.092,71,,,SteelNort,"{""event_name"": ""sql_batch_completed"", ""timestamp"": ""2026-09-04 05:49:46.092"", ""database_name"": ""SteelNort"", ""session_id"": 71, ""command"": ""EXECUTE"", ""duration"": 13, ""cpu_time"": 6, ""logical_reads"": 0, ""writes"": 0, ""wait_type"": ""MSQL_XP""}",EXECUTE,13.0,6.0,0.0,0.0,MSQL_XP,,,,USER,carga2
sql_batch_completed,2026-09-04 05:49:48.119,71,,,SteelNort,"{""event_name"": ""sql_batch_completed"", ""timestamp"": ""2026-09-04 05:49:48.119"", ""database_name"": ""SteelNort"", ""session_id"": 71, ""command"": ""EXECUTE"", ""duration"": 2041, ""cpu_time"": 6, ""logical_reads"": 0, ""writes"": 0, ""status"": ""completed""}",EXECUTE,2041.0,6.0,0.0,0.0,,,,completed,USER,carga2
sql_batch_completed,2026-09-04 05:49:54.220,62,,,SteelNort,"{""event_name"": ""sql_batch_completed"", ""timestamp"": ""2026-09-04 05:49:54.220"", ""database_name"": ""SteelNort"", ""session_id"": 62, ""command"": ""AWAITING COMMAND"", ""duration"": 5, ""cpu_time"": 0, ""logical_reads"": 0, ""writes"": 0}",AWAITING COMMAND,5.0,0.0,0.0,0.0,,,,,UNKNOWN,carga2
sql_batch_completed,2026-09-04 05:49:54.220,70,,,SteelNort,"{""event_name"": ""sql_batch_completed"", ""timestamp"": ""2026-09-04 05:49:54.220"", ""database_name"": ""SteelNort"", ""session_id"": 70, ""command"": ""EXECUTE"", ""duration"": 6, ""cpu_time"": 0, ""logical_reads"": 0, ""writes"": 0}",EXECUTE,6.0,0.0,0.0,0.0,,,,,USER,carga2
lock_acquired,2026-09-04 05:49:54.220,76,,,,"{""event_name"": ""lock_acquired"", ""timestamp"": ""2026-09-04 05:49:54.220"", ""session_id"": 76, ""resource_type"": ""OBJECT"", ""mode"": ""X""}",,,,,,,OBJECT,X,,UNKNOWN,carga2
lock_acquired,2026-09-04 05:49:54.220,76,,,,"{""event_name"": ""lock_acquired"", ""timestamp"": ""2026-09-04 05:49:54.220"", ""session_id"": 76, ""resource_type"": ""DATABASE"", ""mode"": ""S""}",,,,,,,DATABASE,S,,UNKNOWN,carga2
lock_acquired,2026-09-04 05:49:54.220,76,,,,"{""event_name"": ""lock_acquired"", ""timestamp"": ""2026-09-04 05:49:54.220"", ""session_id"": 76, ""resource_type"": ""METADATA"", ""mode"": ""Sch-S""}",,,,,,,METADATA,Sch-S,,UNKNOWN,carga2
login,2026-09-04 05:49:56.261,81,795ec2146175\Administrator,Microsoft SQL Server,SteelNort,"{""event_name"": ""login"", ""timestamp"": ""2026-09-04 05:49:56.261"", ""session_id"": 81, ""login_name"": ""795ec2146175\\Administrator"", ""program_name"": ""Microsoft SQL Server"", ""database_name"": ""SteelNort""}",,,,,,,,,,UNKNOWN,carga2
sql_batch_completed,2026-09-04 05:49:56.261,66,,,SteelNort,"{""event_name"": ""sql_batch_completed"", ""timestamp"": ""2026-09-04 05:49:56.261"", ""database_name"": ""SteelNort"", ""session_id"": 66, ""command"": ""AWAITING COMMAND"", ""duration"": 4, ""cpu_time"": 0, ""logical_reads"": 0, ""writes"": 0}",AWAITING COMMAND,4.0,0.0,0.0,0.0,,,,,UNKNOWN,carga2
sql_batch_completed,2026-09-04 05:49:56.261,71,,,SteelNort,"{""event_name"": ""sql_batch_completed"", ""timestamp"": ""2026-09-04 05:49:56.261"", ""database_name"": ""SteelNort"", ""session_id"": 71, ""command"": ""EXECUTE"", ""duration"": 122, ""cpu_time"": 93, ""logical_reads"": 0, ""writes"": 0, ""wait_type"": ""MSQL_XP""}",EXECUTE,122.0,93.0,0.0,0.0,MSQL_XP,,,,USER,carga2
sql_batch_completed,2026-09-04 05:49:56.261,70,,,SteelNort,"{""event_name"": ""sql_batch_completed"", ""timestamp"": ""2026-09-04 05:49:56.261"", ""database_name"": ""SteelNort"", ""session_id"": 70, ""command"": ""EXECUTE"", ""duration"": 2049, ""cpu_time"": 0, ""logical_reads"": 0, ""writes"": 0, ""status"": ""completed""}",EXECUTE,2049.0,0.0,0.0,0.0,,,,completed,USER,carga2
sql_batch_completed,2026-09-04 05:49:56.261,62,,,SteelNort,"{""event_name"": ""sql_batch_completed"", ""timestamp"": ""2026-09-04 05:49:56.261"", ""database_name"": ""SteelNort"", ""session_id"": 62, ""command"": ""AWAITING COMMAND"", ""duration"": 2050, ""cpu_time"": 0, ""logical_reads"": 0, ""writes"": 0, ""status"": ""completed""}",AWAITING COMMAND,2050.0,0.0,0.0,0.0,,,,completed,UNKNOWN,carga2
lock_released,2026-09-04 05:49:56.261,76,,,,"{""event_name"": ""lock_released"", ""timestamp"": ""2026-09-04 05:49:56.261"", ""session_id"": 76, ""resource_type"": ""OBJECT"", ""mode"": ""X""}",,,,,,,OBJECT,X,,UNKNOWN,carga2
lock_released,2026-09-04 05:49:56.261,76,,,,"{""event_name"": ""lock_released"", ""timestamp"": ""2026-09-04 05:49:56.261"", ""session_id"": 76, ""resource_type"": ""DATABASE"", ""mode"": ""S""}",,,,,,,DATABASE,S,,UNKNOWN,carga2
lock_released,2026-09-04 05:49:56.261,76,,,,"{""event_name"": ""lock_released"", ""timestamp"": ""2026-09-04 05:49:56.261"", ""session_id"": 76, ""resource_type"": ""METADATA"", ""mode"": ""Sch-S""}",,,,,,,METADATA,Sch-S,,UNKNOWN,carga2
logout,2026-09-04 05:49:58.291,81,,,,"{""event_name"": ""logout"", ""timestamp"": ""2026-09-04 05:49:58.291"", ""session_id"": 81}",,,,,,,,,,UNKNOWN,carga2
sql_batch_completed,2026-09-04 05:49:58.291,66,,,SteelNort,"{""event_name"": ""sql_batch_completed"", ""timestamp"": ""2026-09-04 05:49:58.291"", ""database_name"": ""SteelNort"", ""session_id"": 66, ""command"": ""AWAITING COMMAND"", ""duration"": 2032, ""cpu_time"": 0, ""logical_reads"": 0, ""writes"": 0, ""status"": ""completed""}",AWAITING COMMAND,2032.0,0.0,0.0,0.0,,,,completed,UNKNOWN,carga2
sql_batch_completed,2026-09-04 05:49:58.291,71,,,SteelNort,"{""event_name"": ""sql_batch_completed"", ""timestamp"": ""2026-09-04 05:49:58.291"", ""database_name"": ""SteelNort"", ""session_id"": 71, ""command"": ""EXECUTE"", ""duration"": 2150, ""cpu_time"": 93, ""logical_reads"": 0, ""writes"": 0, ""status"": ""completed""}",EXECUTE,2150.0,93.0,0.0,0.0,,,,completed,USER,carga2
lock_acquired,2026-09-04 05:50:04.362,69,,,,"{""event_name"": ""lock_acquired"", ""timestamp"": ""2026-09-04 05:50:04.362"", ""session_id"": 69, ""resource_type"": ""KEY"", ""mode"": ""S""}",,,,,,,KEY,S,,UNKNOWN,carga2
login,2026-09-04 05:50:06.385,81,795ec2146175\Administrator,Microsoft SQL Server,SteelNort,"{""event_name"": ""login"", ""timestamp"": ""2026-09-04 05:50:06.385"", ""session_id"": 81, ""login_name"": ""795ec2146175\\Administrator"", ""program_name"": ""Microsoft SQL Server"", ""database_name"": ""SteelNort""}",,,,,,,,,,UNKNOWN,carga2
sql_batch_completed,2026-09-04 05:50:06.385,60,,,SteelNort,"{""event_name"": ""sql_batch_completed"", ""timestamp"": ""2026-09-04 05:50:06.385"", ""database_name"": ""SteelNort"", ""session_id"": 60, ""command"": ""EXECUTE"", ""duration"": 5, ""cpu_time"": 0, ""logical_reads"": 0, ""writes"": 0}",EXECUTE,5.0,0.0,0.0,0.0,,,,,USER,carga2
sql_batch_completed,2026-09-04 05:50:06.385,68,,,SteelNort,"{""event_name"": ""sql_batch_completed"", ""timestamp"": ""2026-09-04 05:50:06.385"", ""database_name"": ""SteelNort"", ""session_id"": 68, ""command"": ""AWAITING COMMAND"", ""duration"": 6, ""cpu_time"": 0, ""logical_reads"": 0, ""writes"": 0}",AWAITING COMMAND,6.0,0.0,0.0,0.0,,,,,UNKNOWN,carga2
sql_batch_completed,2026-09-04 05:50:06.385,71,,,SteelNort,"{""event_name"": ""sql_batch_completed"", ""timestamp"": ""2026-09-04 05:50:06.385"", ""database_name"": ""SteelNort"", ""session_id"": 71, ""command"": ""EXECUTE"", ""duration"": 105, ""cpu_time"": 84, ""logical_reads"": 0, ""writes"": 0, ""wait_type"": ""MSQL_XP""}",EXECUTE,105.0,84.0,0.0,0.0,MSQL_XP,,,,USER,carga2
lock_released,2026-09-04 05:50:06.385,69,,,,"{""event_name"": ""lock_released"", ""timestamp"": ""2026-09-04 05:50:06.385"", ""session_id"": 69, ""resource_type"": ""KEY"", ""mode"": ""S""}",,,,,,,KEY,S,,UNKNOWN,carga2
logout,2026-09-04 05:50:08.414,81,,,,"{""event_name"": ""logout"", ""timestamp"": ""2026-09-04 05:50:08.414"", ""session_id"": 81}",,,,,,,,,,UNKNOWN,carga2
sql_batch_completed,2026-09-04 05:50:08.414,70,,,SteelNort,"{""event_name"": ""sql_batch_completed"", ""timestamp"": ""2026-09-04 05:50:08.414"", ""database_name"": ""SteelNort"", ""session_id"": 70, ""command"": ""EXECUTE"", ""duration"": 9, ""cpu_time"": 0, ""logical_reads"": 0, ""writes"": 0}",EXECUTE,9.0,0.0,0.0,0.0,,,,,USER,carga2
sql_batch_completed,2026-09-04 05:50:08.414,60,,,SteelNort,"{""event_name"": ""sql_batch_completed"", ""timestamp"": ""2026-09-04 05:50:08.414"", ""database_name"": ""SteelNort"", ""session_id"": 60, ""command"": ""EXECUTE"", ""duration"": 2033, ""cpu_time"": 0, ""logical_reads"": 0, ""writes"": 0, ""status"": ""completed""}",EXECUTE,2033.0,0.0,0.0,0.0,,,,completed,USER,carga2
sql_batch_completed,2026-09-04 05:50:08.414,71,,,SteelNort,"{""event_name"": ""sql_batch_completed"", ""timestamp"": ""2026-09-04 05:50:08.414"", ""database_name"": ""SteelNort"", ""session_id"": 71, ""command"": ""EXECUTE"", ""duration"": 2131, ""cpu_time"": 84, ""logical_reads"": 0, ""writes"": 0, ""status"": ""completed""}",EXECUTE,2131.0,84.0,0.0,0.0,,,,completed,USER,carga2
sql_batch_completed,2026-09-04 05:50:08.414,68,,,SteelNort,"{""event_name"": ""sql_batch_completed"", ""timestamp"": ""2026-09-04 05:50:08.414"", ""database_name"": ""SteelNort"", ""session_id"": 68, ""command"": ""AWAITING COMMAND"", ""duration"": 2035, ""cpu_time"": 0, ""logical_reads"": 0, ""writes"": 0, ""status"": ""completed""}",AWAITING COMMAND,2035.0,0.0,0.0,0.0,,,,completed,UNKNOWN,carga2
sql_batch_completed,2026-09-04 05:50:10.441,70,,,SteelNort,"{""event_name"": ""sql_batch_completed"", ""timestamp"": ""2026-09-04 05:50:10.441"", ""database_name"": ""SteelNort"", ""session_id"": 70, ""command"": ""EXECUTE"", ""duration"": 2036, ""cpu_time"": 0, ""logical_reads"": 0, ""writes"": 0, ""status"": ""completed""}",EXECUTE,2036.0,0.0,0.0,0.0,,,,completed,USER,carga2
sql_batch_completed,2026-09-04 05:50:12.460,60,,,SteelNort,"{""event_name"": ""sql_batch_completed"", ""timestamp"": ""2026-09-04 05:50:12.460"", ""database_name"": ""SteelNort"", ""session_id"": 60, ""command"": ""SELECT"", ""duration"": 4, ""cpu_time"": 0, ""logical_reads"": 0, ""writes"": 0}",SELECT,4.0,0.0,0.0,0.0,,,,,USER,carga2
sql_batch_completed,2026-09-04 05:50:14.486,69,,,SteelNort,"{""event_name"": ""sql_batch_completed"", ""timestamp"": ""2026-09-04 05:50:14.486"", ""database_name"": ""SteelNort"", ""session_id"": 69, ""command"": ""AWAITING COMMAND"", ""duration"": 3, ""cpu_time"": 0, ""logical_reads"": 0, ""writes"": 0}",AWAITING COMMAND,3.0,0.0,0.0,0.0,,,,,UNKNOWN,carga2
sql_batch_completed,2026-09-04 05:50:14.486,60,,,SteelNort,"{""event_name"": ""sql_batch_completed"", ""timestamp"": ""2026-09-04 05:50:14.486"", ""database_name"": ""SteelNort"", ""session_id"": 60, ""command"": ""SELECT"", ""duration"": 2035, ""cpu_time"": 0, ""logical_reads"": 0, ""writes"": 0, ""status"": ""completed""}",SELECT,2035.0,0.0,0.0,0.0,,,,completed,USER,carga2
login,2026-09-04 05:50:16.518,81,795ec2146175\Administrator,Microsoft SQL Server,SteelNort,"{""event_name"": ""login"", ""timestamp"": ""2026-09-04 05:50:16.518"", ""session_id"": 81, ""login_name"": ""795ec2146175\\Administrator"", ""program_name"": ""Microsoft SQL Server"", ""database_name"": ""SteelNort""}",,,,,,,,,,UNKNOWN,carga2
sql_batch_completed,2026-09-04 05:50:16.518,66,,,SteelNort,"{""event_name"": ""sql_batch_completed"", ""timestamp"": ""2026-09-04 05:50:16.518"", ""database_name"": ""SteelNort"", ""session_id"": 66, ""command"": ""EXECUTE"", ""duration"": 5, ""cpu_time"": 0, ""logical_reads"": 0, ""writes"": 0}",EXECUTE,5.0,0.0,0.0,0.0,,,,,USER,carga2
sql_batch_completed,2026-09-04 05:50:16.518,71,,,SteelNort,"{""event_name"": ""sql_batch_completed"", ""timestamp"": ""2026-09-04 05:50:16.518"", ""database_name"": ""SteelNort"", ""session_id"": 71, ""command"": ""EXECUTE"", ""duration"": 209, ""cpu_time"": 105, ""logical_reads"": 0, ""writes"": 0, ""wait_type"": ""MSQL_XP""}",EXECUTE,209.0,105.0,0.0,0.0,MSQL_XP,,,,USER,carga2
sql_batch_completed,2026-09-04 05:50:16.518,69,,,SteelNort,"{""event_name"": ""sql_batch_completed"", ""timestamp"": ""2026-09-04 05:50:16.518"", ""database_name"": ""SteelNort"", ""session_id"": 69, ""command"": ""AWAITING COMMAND"", ""duration"": 2051, ""cpu_time"": 0, ""logical_reads"": 0, ""writes"": 0, ""status"": ""completed""}",AWAITING COMMAND,2051.0,0.0,0.0,0.0,,,,completed,UNKNOWN,carga2
lock_acquired,2026-09-04 05:50:16.518,60,,,,"{""event_name"": ""lock_acquired"", ""timestamp"": ""2026-09-04 05:50:16.518"", ""session_id"": 60, ""resource_type"": ""PAGE"", ""mode"": ""IS""}",,,,,,,PAGE,IS,,UNKNOWN,carga2
logout,2026-09-04 05:50:18.566,81,,,,"{""event_name"": ""logout"", ""timestamp"": ""2026-09-04 05:50:18.566"", ""session_id"": 81}",,,,,,,,,,UNKNOWN,carga2
sql_batch_completed,2026-09-04 05:50:18.566,68,,,SteelNort,"{""event_name"": ""sql_batch_completed"", ""timestamp"": ""2026-09-04 05:50:18.566"", ""database_name"": ""SteelNort"", ""session_id"": 68, ""command"": ""AWAITING COMMAND"", ""duration"": 5, ""cpu_time"": 0, ""logical_reads"": 0, ""writes"": 0}",AWAITING COMMAND,5.0,0.0,0.0,0.0,,,,,UNKNOWN,carga2
sql_batch_completed,2026-09-04 05:50:18.566,66,,,SteelNort,"{""event_name"": ""sql_batch_completed"", ""timestamp"": ""2026-09-04 05:50:18.566"", ""database_name"": ""SteelNort"", ""session_id"": 66, ""command"": ""EXECUTE"", ""duration"": 2042, ""cpu_time"": 0, ""logical_reads"": 0, ""writes"": 0, ""status"": ""completed""}",EXECUTE,2042.0,0.0,0.0,0.0,,,,completed,USER,carga2
sql_batch_completed,2026-09-04 05:50:18.566,71,,,SteelNort,"{""event_name"": ""sql_batch_completed"", ""timestamp"": ""2026-09-04 05:50:18.566"", ""database_name"": ""SteelNort"", ""session_id"": 71, ""command"": ""EXECUTE"", ""duration"": 2242, ""cpu_time"": 105, ""logical_reads"": 0, ""writes"": 0, ""status"": ""completed""}",EXECUTE,2242.0,105.0,0.0,0.0,,,,completed,USER,carga2
lock_acquired,2026-09-04 05:50:18.566,66,,,,"{""event_name"": ""lock_acquired"", ""timestamp"": ""2026-09-04 05:50:18.566"", ""session_id"": 66, ""resource_type"": ""OBJECT"", ""mode"": ""IS""}",,,,,,,OBJECT,IS,,UNKNOWN,carga2
lock_acquired,2026-09-04 05:50:18.566,66,,,,"{""event_name"": ""lock_acquired"", ""timestamp"": ""2026-09-04 05:50:18.566"", ""session_id"": 66, ""resource_type"": ""KEY"", ""mode"": ""X""}",,,,,,,KEY,X,,UNKNOWN,carga2
lock_acquired,2026-09-04 05:50:18.566,66,,,,"{""event_name"": ""lock_acquired"", ""timestamp"": ""2026-09-04 05:50:18.566"", ""session_id"": 66, ""resource_type"": ""RID"", ""mode"": ""X""}",,,,,,,RID,X,,UNKNOWN,carga2
lock_acquired,2026-09-04 05:50:18.566,66,,,,"{""event_name"": ""lock_acquired"", ""timestamp"": ""2026-09-04 05:50:18.566"", ""session_id"": 66, ""resource_type"": ""PAGE"", ""mode"": ""IX""}",,,,,,,PAGE,IX,,UNKNOWN,carga2
lock_acquired,2026-09-04 05:50:18.566,66,,,,"{""event_name"": ""lock_acquired"", ""timestamp"": ""2026-09-04 05:50:18.566"", ""session_id"": 66, ""resource_type"": ""OBJECT"", ""mode"": ""IX""}",,,,,,,OBJECT,IX,,UNKNOWN,carga2
lock_released,2026-09-04 05:50:18.566,60,,,,"{""event_name"": ""lock_released"", ""timestamp"": ""2026-09-04 05:50:18.566"", ""session_id"": 60, ""resource_type"": ""PAGE"", ""mode"": ""IS""}",,,,,,,PAGE,IS,,UNKNOWN,carga2
login,2026-09-04 05:50:20.599,81,795ec2146175\Administrator,Microsoft SQL Server,SteelNort,"{""event_name"": ""login"", ""timestamp"": ""2026-09-04 05:50:20.599"", ""session_id"": 81, ""login_name"": ""795ec2146175\\Administrator"", ""program_name"": ""Microsoft SQL Server"", ""database_name"": ""SteelNort""}",,,,,,,,,,UNKNOWN,carga2
sql_batch_completed,2026-09-04 05:50:20.599,71,,,SteelNort,"{""event_name"": ""sql_batch_completed"", ""timestamp"": ""2026-09-04 05:50:20.599"", ""database_name"": ""SteelNort"", ""session_id"": 71, ""command"": ""EXECUTE"", ""duration"": 290, ""cpu_time"": 119, ""logical_reads"": 0, ""writes"": 0, ""wait_type"": ""MSQL_XP""}",EXECUTE,290.0,119.0,0.0,0.0,MSQL_XP,,,,USER,carga2
sql_batch_completed,2026-09-04 05:50:20.599,68,,,SteelNort,"{""event_name"": ""sql_batch_completed"", ""timestamp"": ""2026-09-04 05:50:20.599"", ""database_name"": ""SteelNort"", ""session_id"": 68, ""command"": ""AWAITING COMMAND"", ""duration"": 2050, ""cpu_time"": 0, ""logical_reads"": 0, ""writes"": 0, ""status"": ""completed""}",AWAITING COMMAND,2050.0,0.0,0.0,0.0,,,,completed,UNKNOWN,carga2
lock_released,2026-09-04 05:50:20.599,66,,,,"{""event_name"": ""lock_released"", ""timestamp"": ""2026-09-04 05:50:20.599"", ""session_id"": 66, ""resource_type"": ""OBJECT"", ""mode"": ""IS""}",,,,,,,OBJECT,IS,,UNKNOWN,carga2
lock_released,2026-09-04 05:50:20.599,66,,,,"{""event_name"": ""lock_released"", ""timestamp"": ""2026-09-04 05:50:20.599"", ""session_id"": 66, ""resource_type"": ""KEY"", ""mode"": ""X""}",,,,,,,KEY,X,,UNKNOWN,carga2
lock_released,2026-09-04 05:50:20.599,66,,,,"{""event_name"": ""lock_released"", ""timestamp"": ""2026-09-04 05:50:20.599"", ""session_id"": 66, ""resource_type"": ""RID"", ""mode"": ""X""}",,,,,,,RID,X,,UNKNOWN,carga2
lock_released,2026-09-04 05:50:20.599,66,,,,"{""event_name"": ""lock_released"", ""timestamp"": ""2026-09-04 05:50:20.599"", ""session_id"": 66, ""resource_type"": ""PAGE"", ""mode"": ""IX""}",,,,,,,PAGE,IX,,UNKNOWN,carga2
lock_released,2026-09-04 05:50:20.599,66,,,,"{""event_name"": ""lock_released"", ""timestamp"": ""2026-09-04 05:50:20.599"", ""session_id"": 66, ""resource_type"": ""OBJECT"", ""mode"": ""IX""}",,,,,,,OBJECT,IX,,UNKNOWN,carga2
logout,2026-09-04 05:50:22.649,81,,,,"{""event_name"": ""logout"", ""timestamp"": ""2026-09-04 05:50:22.649"", ""session_id"": 81}",,,,,,,,,,UNKNOWN,carga2
sql_batch_completed,2026-09-04 05:50:22.649,62,,,SteelNort,"{""event_name"": ""sql_batch_completed"", ""timestamp"": ""2026-09-04 05:50:22.649"", ""database_name"": ""SteelNort"", ""session_id"": 62, ""command"": ""AWAITING COMMAND"", ""duration"": 4, ""cpu_time"": 0, ""logical_reads"": 0, ""writes"": 0}",AWAITING COMMAND,4.0,0.0,0.0,0.0,,,,,UNKNOWN,carga2
sql_batch_completed,2026-09-04 05:50:22.649,71,,,SteelNort,"{""event_name"": ""sql_batch_completed"", ""timestamp"": ""2026-09-04 05:50:22.649"", ""database_name"": ""SteelNort"", ""session_id"": 71, ""command"": ""EXECUTE"", ""duration"": 2333, ""cpu_time"": 119, ""logical_reads"": 0, ""writes"": 0, ""status"": ""completed""}",EXECUTE,2333.0,119.0,0.0,0.0,,,,completed,USER,carga2
lock_acquired,2026-09-04 05:50:22.649,76,,,,"{""event_name"": ""lock_acquired"", ""timestamp"": ""2026-09-04 05:50:22.649"", ""session_id"": 76, ""resource_type"": ""DATABASE"", ""mode"": ""S""}",,,,,,,DATABASE,S,,UNKNOWN,carga2
lock_acquired,2026-09-04 05:50:22.649,76,,,,"{""event_name"": ""lock_acquired"", ""timestamp"": ""2026-09-04 05:50:22.649"", ""session_id"": 76, ""resource_type"": ""OBJECT"", ""mode"": ""Sch-S""}",,,,,,,OBJECT,Sch-S,,UNKNOWN,carga2
sql_batch_completed,2026-09-04 05:50:24.681,62,,,SteelNort,"{""event_name"": ""sql_batch_completed"", ""timestamp"": ""2026-09-04 05:50:24.681"", ""database_name"": ""SteelNort"", ""session_id"": 62, ""command"": ""AWAITING COMMAND"", ""duration"": 2034, ""cpu_time"": 0, ""logical_reads"": 0, ""writes"": 0, ""status"": ""completed""}",AWAITING COMMAND,2034.0,0.0,0.0,0.0,,,,completed,UNKNOWN,carga2
lock_released,2026-09-04 05:50:24.681,76,,,,"{""event_name"": ""lock_released"", ""timestamp"": ""2026-09-04 05:50:24.681"", ""session_id"": 76, ""resource_type"": ""DATABASE"", ""mode"": ""S""}",,,,,,,DATABASE,S,,UNKNOWN,carga2
lock_released,2026-09-04 05:50:24.681,76,,,,"{""event_name"": ""lock_released"", ""timestamp"": ""2026-09-04 05:50:24.681"", ""session_id"": 76, ""resource_type"": ""OBJECT"", ""mode"": ""Sch-S""}",,,,,,,OBJECT,Sch-S,,UNKNOWN,carga2
wait_info,2026-09-04 05:50:26.713,57,,,master,"{""event_name"": ""wait_info"", ""timestamp"": ""2026-09-04 05:50:26.713"", ""session_id"": 57, ""wait_type"": ""BROKER_TO_FLUSH"", ""database_name"": ""master""}",,,,,,BROKER_TO_FLUSH,,,,UNKNOWN,carga2
sql_batch_completed,2026-09-04 05:50:26.713,63,,,SteelNort,"{""event_name"": ""sql_batch_completed"", ""timestamp"": ""2026-09-04 05:50:26.713"", ""database_name"": ""SteelNort"", ""session_id"": 63, ""command"": ""EXECUTE"", ""duration"": 6, ""cpu_time"": 0, ""logical_reads"": 0, ""writes"": 0}",EXECUTE,6.0,0.0,0.0,0.0,,,,,USER,carga2
sql_batch_completed,2026-09-04 05:50:28.734,63,,,SteelNort,"{""event_name"": ""sql_batch_completed"", ""timestamp"": ""2026-09-04 05:50:28.734"", ""database_name"": ""SteelNort"", ""session_id"": 63, ""command"": ""EXECUTE"", ""duration"": 2028, ""cpu_time"": 0, ""logical_reads"": 0, ""writes"": 0, ""status"": ""completed""}",EXECUTE,2028.0,0.0,0.0,0.0,,,,completed,USER,carga2
sql_batch_completed,2026-09-04 05:50:30.756,71,,,SteelNort,"{""event_name"": ""sql_batch_completed"", ""timestamp"": ""2026-09-04 05:50:30.756"", ""database_name"": ""SteelNort"", ""session_id"": 71, ""command"": ""EXECUTE"", ""duration"": 84, ""cpu_time"": 76, ""logical_reads"": 0, ""writes"": 0, ""wait_type"": ""MSQL_XP""}",EXECUTE,84.0,76.0,0.0,0.0,MSQL_XP,,,,USER,carga2
sql_batch_completed,2026-09-04 05:50:32.788,71,,,SteelNort,"{""event_name"": ""sql_batch_completed"", ""timestamp"": ""2026-09-04 05:50:32.788"", ""database_name"": ""SteelNort"", ""session_id"": 71, ""command"": ""EXECUTE"", ""duration"": 2118, ""cpu_time"": 76, ""logical_reads"": 0, ""writes"": 0, ""status"": ""completed""}",EXECUTE,2118.0,76.0,0.0,0.0,,,,completed,USER,carga2
login,2026-09-04 05:50:34.813,81,795ec2146175\Administrator,Microsoft SQL Server,SteelNort,"{""event_name"": ""login"", ""timestamp"": ""2026-09-04 05:50:34.813"", ""session_id"": 81, ""login_name"": ""795ec2146175\\Administrator"", ""program_name"": ""Microsoft SQL Server"", ""database_name"": ""SteelNort""}",,,,,,,,,,UNKNOWN,carga2
sql_batch_completed,2026-09-04 05:50:34.813,71,,,SteelNort,"{""event_name"": ""sql_batch_completed"", ""timestamp"": ""2026-09-04 05:50:34.813"", ""database_name"": ""SteelNort"", ""session_id"": 71, ""command"": ""EXECUTE"", ""duration"": 189, ""cpu_time"": 106, ""logical_reads"": 0, ""writes"": 0, ""wait_type"": ""MSQL_XP""}",EXECUTE,189.0,106.0,0.0,0.0,MSQL_XP,,,,USER,carga2
logout,2026-09-04 05:50:36.843,81,,,,"{""event_name"": ""logout"", ""timestamp"": ""2026-09-04 05:50:36.843"", ""session_id"": 81}",,,,,,,,,,UNKNOWN,carga2
sql_batch_completed,2026-09-04 05:50:36.843,65,,,SteelNort,"{""event_name"": ""sql_batch_completed"", ""timestamp"": ""2026-09-04 05:50:36.843"", ""database_name"": ""SteelNort"", ""session_id"": 65, ""command"": ""EXECUTE"", ""duration"": 4, ""cpu_time"": 0, ""logical_reads"": 0, ""writes"": 0}",EXECUTE,4.0,0.0,0.0,0.0,,,,,USER,carga2
sql_batch_completed,2026-09-04 05:50:36.843,71,,,SteelNort,"{""event_name"": ""sql_batch_completed"", ""timestamp"": ""2026-09-04 05:50:36.843"", ""database_name"": ""SteelNort"", ""session_id"": 71, ""command"": ""EXECUTE"", ""duration"": 2219, ""cpu_time"": 106, ""logical_reads"": 0, ""writes"": 0, ""status"": ""completed""}",EXECUTE,2219.0,106.0,0.0,0.0,,,,completed,USER,carga2
sql_batch_completed,2026-09-04 05:50:38.873,65,,,SteelNort,"{""event_name"": ""sql_batch_completed"", ""timestamp"": ""2026-09-04 05:50:38.873"", ""database_name"": ""SteelNort"", ""session_id"": 65, ""command"": ""EXECUTE"", ""duration"": 2030, ""cpu_time"": 0, ""logical_reads"": 0, ""writes"": 0, ""status"": ""completed""}",EXECUTE,2030.0,0.0,0.0,0.0,,,,completed,USER,carga2
sql_batch_completed,2026-09-04 05:50:44.961,71,,,SteelNort,"{""event_name"": ""sql_batch_completed"", ""timestamp"": ""2026-09-04 05:50:44.961"", ""database_name"": ""SteelNort"", ""session_id"": 71, ""command"": ""EXECUTE"", ""duration"": 49, ""cpu_time"": 39, ""logical_reads"": 0, ""writes"": 0, ""wait_type"": ""MSQL_XP""}",EXECUTE,49.0,39.0,0.0,0.0,MSQL_XP,,,,USER,carga2
sql_batch_completed,2026-09-04 05:50:46.990,71,,,SteelNort,"{""event_name"": ""sql_batch_completed"", ""timestamp"": ""2026-09-04 05:50:46.990"", ""database_name"": ""SteelNort"", ""session_id"": 71, ""command"": ""EXECUTE"", ""duration"": 2077, ""cpu_time"": 39, ""logical_reads"": 0, ""writes"": 0, ""status"": ""completed""}",EXECUTE,2077.0,39.0,0.0,0.0,,,,completed,USER,carga2
sql_batch_completed,2026-09-04 05:50:55.080,71,,,SteelNort,"{""event_name"": ""sql_batch_completed"", ""timestamp"": ""2026-09-04 05:50:55.080"", ""database_name"": ""SteelNort"", ""session_id"": 71, ""command"": ""EXECUTE"", ""duration"": 55, ""cpu_time"": 48, ""logical_reads"": 0, ""writes"": 0, ""wait_type"": ""MSQL_XP""}",EXECUTE,55.0,48.0,0.0,0.0,MSQL_XP,,,,USER,carga2
sql_batch_completed,2026-09-04 05:50:57.108,71,,,SteelNort,"{""event_name"": ""sql_batch_completed"", ""timestamp"": ""2026-09-04 05:50:57.108"", ""database_name"": ""SteelNort"", ""session_id"": 71, ""command"": ""EXECUTE"", ""duration"": 2086, ""cpu_time"": 48, ""logical_reads"": 0, ""writes"": 0, ""status"": ""completed""}",EXECUTE,2086.0,48.0,0.0,0.0,,,,completed,USER,carga2
login,2026-09-04 05:50:59.137,81,795ec2146175\Administrator,Microsoft SQL Server,SteelNort,"{""event_name"": ""login"", ""timestamp"": ""2026-09-04 05:50:59.137"", ""session_id"": 81, ""login_name"": ""795ec2146175\\Administrator"", ""program_name"": ""Microsoft SQL Server"", ""database_name"": ""SteelNort""}",,,,,,,,,,UNKNOWN,carga2
sql_batch_completed,2026-09-04 05:50:59.137,64,,,SteelNort,"{""event_name"": ""sql_batch_completed"", ""timestamp"": ""2026-09-04 05:50:59.137"", ""database_name"": ""SteelNort"", ""session_id"": 64, ""command"": ""CONDITIONAL"", ""duration"": 3, ""cpu_time"": 0, ""logical_reads"": 0, ""writes"": 0}",CONDITIONAL,3.0,0.0,0.0,0.0,,,,,UNKNOWN,carga2
sql_batch_completed,2026-09-04 05:50:59.137,71,,,SteelNort,"{""event_name"": ""sql_batch_completed"", ""timestamp"": ""2026-09-04 05:50:59.137"", ""database_name"": ""SteelNort"", ""session_id"": 71, ""command"": ""EXECUTE"", ""duration"": 204, ""cpu_time"": 94, ""logical_reads"": 0, ""writes"": 0, ""wait_type"": ""MSQL_XP""}",EXECUTE,204.0,94.0,0.0,0.0,MSQL_XP,,,,USER,carga2
logout,2026-09-04 05:51:01.158,81,,,,"{""event_name"": ""logout"", ""timestamp"": ""2026-09-04 05:51:01.158"", ""session_id"": 81}",,,,,,,,,,UNKNOWN,carga2
sql_batch_completed,2026-09-04 05:51:01.158,64,,,SteelNort,"{""event_name"": ""sql_batch_completed"", ""timestamp"": ""2026-09-04 05:51:01.158"", ""database_name"": ""SteelNort"", ""session_id"": 64, ""command"": ""CONDITIONAL"", ""duration"": 2028, ""cpu_time"": 0, ""logical_reads"": 0, ""writes"": 0, ""status"": ""completed""}",CONDITIONAL,2028.0,0.0,0.0,0.0,,,,completed,UNKNOWN,carga2
sql_batch_completed,2026-09-04 05:51:01.158,71,,,SteelNort,"{""event_name"": ""sql_batch_completed"", ""timestamp"": ""2026-09-04 05:51:01.158"", ""database_name"": ""SteelNort"", ""session_id"": 71, ""command"": ""EXECUTE"", ""duration"": 2230, ""cpu_time"": 94, ""logical_reads"": 0, ""writes"": 0, ""status"": ""completed""}",EXECUTE,2230.0,94.0,0.0,0.0,,,,completed,USER,carga2
lock_acquired,2026-09-04 05:51:01.158,63,,,,"{""event_name"": ""lock_acquired"", ""timestamp"": ""2026-09-04 05:51:01.158"", ""session_id"": 63, ""resource_type"": ""PAGE"", ""mode"": ""IS""}",,,,,,,PAGE,IS,,UNKNOWN,carga2
lock_released,2026-09-04 05:51:03.192,63,,,,"{""event_name"": ""lock_released"", ""timestamp"": ""2026-09-04 05:51:03.192"", ""session_id"": 63, ""resource_type"": ""PAGE"", ""mode"": ""IS""}",,,,,,,PAGE,IS,,UNKNOWN,carga2
sql_batch_completed,2026-09-04 05:51:13.317,67,,,SteelNort,"{""event_name"": ""sql_batch_completed"", ""timestamp"": ""2026-09-04 05:51:13.317"", ""database_name"": ""SteelNort"", ""session_id"": 67, ""command"": ""AWAITING COMMAND"", ""duration"": 7, ""cpu_time"": 0, ""logical_reads"": 0, ""writes"": 0}",AWAITING COMMAND,7.0,0.0,0.0,0.0,,,,,UNKNOWN,carga2
sql_batch_completed,2026-09-04 05:51:13.317,71,,,SteelNort,"{""event_name"": ""sql_batch_completed"", ""timestamp"": ""2026-09-04 05:51:13.317"", ""database_name"": ""SteelNort"", ""session_id"": 71, ""command"": ""EXECUTE"", ""duration"": 89, ""cpu_time"": 80, ""logical_reads"": 0, ""writes"": 0, ""wait_type"": ""MSQL_XP""}",EXECUTE,89.0,80.0,0.0,0.0,MSQL_XP,,,,USER,carga2
sql_batch_completed,2026-09-04 05:51:15.348,67,,,SteelNort,"{""event_name"": ""sql_batch_completed"", ""timestamp"": ""2026-09-04 05:51:15.348"", ""database_name"": ""SteelNort"", ""session_id"": 67, ""command"": ""AWAITING COMMAND"", ""duration"": 2031, ""cpu_time"": 0, ""logical_reads"": 0, ""writes"": 0, ""status"": ""completed""}",AWAITING COMMAND,2031.0,0.0,0.0,0.0,,,,completed,UNKNOWN,carga2
sql_batch_completed,2026-09-04 05:51:15.348,71,,,SteelNort,"{""event_name"": ""sql_batch_completed"", ""timestamp"": ""2026-09-04 05:51:15.348"", ""database_name"": ""SteelNort"", ""session_id"": 71, ""command"": ""EXECUTE"", ""duration"": 2112, ""cpu_time"": 80, ""logical_reads"": 0, ""writes"": 0, ""status"": ""completed""}",EXECUTE,2112.0,80.0,0.0,0.0,,,,completed,USER,carga2
sql_batch_completed,2026-09-04 05:51:17.366,67,,,SteelNort,"{""event_name"": ""sql_batch_completed"", ""timestamp"": ""2026-09-04 05:51:17.366"", ""database_name"": ""SteelNort"", ""session_id"": 67, ""command"": ""AWAITING COMMAND"", ""duration"": 6, ""cpu_time"": 0, ""logical_reads"": 0, ""writes"": 0}",AWAITING COMMAND,6.0,0.0,0.0,0.0,,,,,UNKNOWN,carga2
sql_batch_completed,2026-09-04 05:51:19.391,67,,,SteelNort,"{""event_name"": ""sql_batch_completed"", ""timestamp"": ""2026-09-04 05:51:19.391"", ""database_name"": ""SteelNort"", ""session_id"": 67, ""command"": ""AWAITING COMMAND"", ""duration"": 2031, ""cpu_time"": 0, ""logical_reads"": 0, ""writes"": 0, ""status"": ""completed""}",AWAITING COMMAND,2031.0,0.0,0.0,0.0,,,,completed,UNKNOWN,carga2
sql_batch_completed,2026-09-04 05:51:21.414,64,,,SteelNort,"{""event_name"": ""sql_batch_completed"", ""timestamp"": ""2026-09-04 05:51:21.414"", ""database_name"": ""SteelNort"", ""session_id"": 64, ""command"": ""AWAITING COMMAND"", ""duration"": 6, ""cpu_time"": 0, ""logical_reads"": 0, ""writes"": 0}",AWAITING COMMAND,6.0,0.0,0.0,0.0,,,,,UNKNOWN,carga2
sql_batch_completed,2026-09-04 05:51:21.414,66,,,SteelNort,"{""event_name"": ""sql_batch_completed"", ""timestamp"": ""2026-09-04 05:51:21.414"", ""database_name"": ""SteelNort"", ""session_id"": 66, ""command"": ""EXECUTE"", ""duration"": 7, ""cpu_time"": 0, ""logical_reads"": 0, ""writes"": 0}",EXECUTE,7.0,0.0,0.0,0.0,,,,,USER,carga2
login,2026-09-04 05:51:23.449,81,795ec2146175\Administrator,Microsoft SQL Server,SteelNort,"{""event_name"": ""login"", ""timestamp"": ""2026-09-04 05:51:23.449"", ""session_id"": 81, ""login_name"": ""795ec2146175\\Administrator"", ""program_name"": ""Microsoft SQL Server"", ""database_name"": ""SteelNort""}",,,,,,,,,,UNKNOWN,carga2
sql_batch_completed,2026-09-04 05:51:23.449,71,,,SteelNort,"{""event_name"": ""sql_batch_completed"", ""timestamp"": ""2026-09-04 05:51:23.449"", ""database_name"": ""SteelNort"", ""session_id"": 71, ""command"": ""EXECUTE"", ""duration"": 180, ""cpu_time"": 112, ""logical_reads"": 0, ""writes"": 0, ""wait_type"": ""MSQL_XP""}",EXECUTE,180.0,112.0,0.0,0.0,MSQL_XP,,,,USER,carga2
sql_batch_completed,2026-09-04 05:51:23.449,64,,,SteelNort,"{""event_name"": ""sql_batch_completed"", ""timestamp"": ""2026-09-04 05:51:23.449"", ""database_name"": ""SteelNort"", ""session_id"": 64, ""command"": ""AWAITING COMMAND"", ""duration"": 2035, ""cpu_time"": 0, ""logical_reads"": 0, ""writes"": 0, ""status"": ""completed""}",AWAITING COMMAND,2035.0,0.0,0.0,0.0,,,,completed,UNKNOWN,carga2
sql_batch_completed,2026-09-04 05:51:23.449,66,,,SteelNort,"{""event_name"": ""sql_batch_completed"", ""timestamp"": ""2026-09-04 05:51:23.449"", ""database_name"": ""SteelNort"", ""session_id"": 66, ""command"": ""EXECUTE"", ""duration"": 2036, ""cpu_time"": 0, ""logical_reads"": 0, ""writes"": 0, ""status"": ""completed""}",EXECUTE,2036.0,0.0,0.0,0.0,,,,completed,USER,carga2
logout,2026-09-04 05:51:25.474,81,,,,"{""event_name"": ""logout"", ""timestamp"": ""2026-09-04 05:51:25.474"", ""session_id"": 81}",,,,,,,,,,UNKNOWN,carga2
sql_batch_completed,2026-09-04 05:51:25.474,64,,,SteelNort,"{""event_name"": ""sql_batch_completed"", ""timestamp"": ""2026-09-04 05:51:25.474"", ""database_name"": ""SteelNort"", ""session_id"": 64, ""command"": ""EXECUTE"", ""duration"": 6, ""cpu_time"": 0, ""logical_reads"": 0, ""writes"": 0}",EXECUTE,6.0,0.0,0.0,0.0,,,,,USER,carga2
sql_batch_completed,2026-09-04 05:51:25.474,71,,,SteelNort,"{""event_name"": ""sql_batch_completed"", ""timestamp"": ""2026-09-04 05:51:25.474"", ""database_name"": ""SteelNort"", ""session_id"": 71, ""command"": ""EXECUTE"", ""duration"": 2207, ""cpu_time"": 112, ""logical_reads"": 0, ""writes"": 0, ""status"": ""completed""}",EXECUTE,2207.0,112.0,0.0,0.0,,,,completed,USER,carga2
sql_batch_completed,2026-09-04 05:51:27.502,64,,,SteelNort,"{""event_name"": ""sql_batch_completed"", ""timestamp"": ""2026-09-04 05:51:27.502"", ""database_name"": ""SteelNort"", ""session_id"": 64, ""command"": ""EXECUTE"", ""duration"": 2034, ""cpu_time"": 0, ""logical_reads"": 0, ""writes"": 0, ""status"": ""completed""}",EXECUTE,2034.0,0.0,0.0,0.0,,,,completed,USER,carga2
sql_batch_completed,2026-09-04 05:51:33.595,70,,,SteelNort,"{""event_name"": ""sql_batch_completed"", ""timestamp"": ""2026-09-04 05:51:33.595"", ""database_name"": ""SteelNort"", ""session_id"": 70, ""command"": ""AWAITING COMMAND"", ""duration"": 6, ""cpu_time"": 0, ""logical_reads"": 0, ""writes"": 0}",AWAITING COMMAND,6.0,0.0,0.0,0.0,,,,,UNKNOWN,carga2
sql_batch_completed,2026-09-04 05:51:35.623,70,,,SteelNort,"{""event_name"": ""sql_batch_completed"", ""timestamp"": ""2026-09-04 05:51:35.623"", ""database_name"": ""SteelNort"", ""session_id"": 70, ""command"": ""AWAITING COMMAND"", ""duration"": 2033, ""cpu_time"": 0, ""logical_reads"": 0, ""writes"": 0, ""status"": ""completed""}",AWAITING COMMAND,2033.0,0.0,0.0,0.0,,,,completed,UNKNOWN,carga2
login,2026-09-04 05:51:37.649,81,795ec2146175\Administrator,Microsoft SQL Server,SteelNort,"{""event_name"": ""login"", ""timestamp"": ""2026-09-04 05:51:37.649"", ""session_id"": 81, ""login_name"": ""795ec2146175\\Administrator"", ""program_name"": ""Microsoft SQL Server"", ""database_name"": ""SteelNort""}",,,,,,,,,,UNKNOWN,carga2
sql_batch_completed,2026-09-04 05:51:37.649,68,,,SteelNort,"{""event_name"": ""sql_batch_completed"", ""timestamp"": ""2026-09-04 05:51:37.649"", ""database_name"": ""SteelNort"", ""session_id"": 68, ""command"": ""EXECUTE"", ""duration"": 7, ""cpu_time"": 1, ""logical_reads"": 0, ""writes"": 0}",EXECUTE,7.0,1.0,0.0,0.0,,,,,USER,carga2
sql_batch_completed,2026-09-04 05:51:37.649,71,,,SteelNort,"{""event_name"": ""sql_batch_completed"", ""timestamp"": ""2026-09-04 05:51:37.649"", ""database_name"": ""SteelNort"", ""session_id"": 71, ""command"": ""EXECUTE"", ""duration"": 119, ""cpu_time"": 73, ""logical_reads"": 0, ""writes"": 0, ""wait_type"": ""MSQL_XP""}",EXECUTE,119.0,73.0,0.0,0.0,MSQL_XP,,,,USER,carga2
sql_batch_completed,2026-09-04 05:51:37.649,76,,,SteelNort,"{""event_name"": ""sql_batch_completed"", ""timestamp"": ""2026-09-04 05:51:37.649"", ""database_name"": ""SteelNort"", ""session_id"": 76, ""command"": ""SELECT"", ""duration"": 113, ""cpu_time"": 80, ""logical_reads"": 0, ""writes"": 0}",SELECT,113.0,80.0,0.0,0.0,,,,,USER,carga2
lock_acquired,2026-09-04 05:51:37.649,76,,,,"{""event_name"": ""lock_acquired"", ""timestamp"": ""2026-09-04 05:51:37.649"", ""session_id"": 76, ""resource_type"": ""DATABASE"", ""mode"": ""S""}",,,,,,,DATABASE,S,,UNKNOWN,carga2
lock_acquired,2026-09-04 05:51:37.649,76,,,,"{""event_name"": ""lock_acquired"", ""timestamp"": ""2026-09-04 05:51:37.649"", ""session_id"": 76, ""resource_type"": ""OBJECT"", ""mode"": ""Sch-S""}",,,,,,,OBJECT,Sch-S,,UNKNOWN,carga2
lock_acquired,2026-09-04 05:51:37.649,76,,,,"{""event_name"": ""lock_acquired"", ""timestamp"": ""2026-09-04 05:51:37.649"", ""session_id"": 76, ""resource_type"": ""METADATA"", ""mode"": ""Sch-S""}",,,,,,,METADATA,Sch-S,,UNKNOWN,carga2
logout,2026-09-04 05:51:39.678,81,,,,"{""event_name"": ""logout"", ""timestamp"": ""2026-09-04 05:51:39.678"", ""session_id"": 81}",,,,,,,,,,UNKNOWN,carga2
sql_batch_completed,2026-09-04 05:51:39.678,68,,,SteelNort,"{""event_name"": ""sql_batch_completed"", ""timestamp"": ""2026-09-04 05:51:39.678"", ""database_name"": ""SteelNort"", ""session_id"": 68, ""command"": ""EXECUTE"", ""duration"": 2038, ""cpu_time"": 1, ""logical_reads"": 0, ""writes"": 0, ""status"": ""completed""}",EXECUTE,2038.0,1.0,0.0,0.0,,,,completed,USER,carga2
sql_batch_completed,2026-09-04 05:51:39.678,76,,,SteelNort,"{""event_name"": ""sql_batch_completed"", ""timestamp"": ""2026-09-04 05:51:39.678"", ""database_name"": ""SteelNort"", ""session_id"": 76, ""command"": ""SELECT"", ""duration"": 2142, ""cpu_time"": 80, ""logical_reads"": 0, ""writes"": 0, ""status"": ""completed""}",SELECT,2142.0,80.0,0.0,0.0,,,,completed,USER,carga2
sql_batch_completed,2026-09-04 05:51:39.678,71,,,SteelNort,"{""event_name"": ""sql_batch_completed"", ""timestamp"": ""2026-09-04 05:51:39.678"", ""database_name"": ""SteelNort"", ""session_id"": 71, ""command"": ""EXECUTE"", ""duration"": 2151, ""cpu_time"": 73, ""logical_reads"": 0, ""writes"": 0, ""status"": ""completed""}",EXECUTE,2151.0,73.0,0.0,0.0,,,,completed,USER,carga2
lock_released,2026-09-04 05:51:39.678,76,,,,"{""event_name"": ""lock_released"", ""timestamp"": ""2026-09-04 05:51:39.678"", ""session_id"": 76, ""resource_type"": ""DATABASE"", ""mode"": ""S""}",,,,,,,DATABASE,S,,UNKNOWN,carga2
lock_released,2026-09-04 05:51:39.678,76,,,,"{""event_name"": ""lock_released"", ""timestamp"": ""2026-09-04 05:51:39.678"", ""session_id"": 76, ""resource_type"": ""OBJECT"", ""mode"": ""Sch-S""}",,,,,,,OBJECT,Sch-S,,UNKNOWN,carga2
lock_released,2026-09-04 05:51:39.678,76,,,,"{""event_name"": ""lock_released"", ""timestamp"": ""2026-09-04 05:51:39.678"", ""session_id"": 76, ""resource_type"": ""METADATA"", ""mode"": ""Sch-S""}",,,,,,,METADATA,Sch-S,,UNKNOWN,carga2
login,2026-09-04 05:51:41.714,81,795ec2146175\Administrator,Microsoft SQL Server,SteelNort,"{""event_name"": ""login"", ""timestamp"": ""2026-09-04 05:51:41.714"", ""session_id"": 81, ""login_name"": ""795ec2146175\\Administrator"", ""program_name"": ""Microsoft SQL Server"", ""database_name"": ""SteelNort""}",,,,,,,,,,UNKNOWN,carga2
sql_batch_completed,2026-09-04 05:51:41.714,70,,,SteelNort,"{""event_name"": ""sql_batch_completed"", ""timestamp"": ""2026-09-04 05:51:41.714"", ""database_name"": ""SteelNort"", ""session_id"": 70, ""command"": ""AWAITING COMMAND"", ""duration"": 5, ""cpu_time"": 0, ""logical_reads"": 0, ""writes"": 0}",AWAITING COMMAND,5.0,0.0,0.0,0.0,,,,,UNKNOWN,carga2
sql_batch_completed,2026-09-04 05:51:41.714,71,,,SteelNort,"{""event_name"": ""sql_batch_completed"", ""timestamp"": ""2026-09-04 05:51:41.714"", ""database_name"": ""SteelNort"", ""session_id"": 71, ""command"": ""EXECUTE"", ""duration"": 257, ""cpu_time"": 113, ""logical_reads"": 0, ""writes"": 0, ""wait_type"": ""MSQL_XP""}",EXECUTE,257.0,113.0,0.0,0.0,MSQL_XP,,,,USER,carga2
logout,2026-09-04 05:51:43.743,81,,,,"{""event_name"": ""logout"", ""timestamp"": ""2026-09-04 05:51:43.743"", ""session_id"": 81}",,,,,,,,,,UNKNOWN,carga2
sql_batch_completed,2026-09-04 05:51:43.743,71,,,SteelNort,"{""event_name"": ""sql_batch_completed"", ""timestamp"": ""2026-09-04 05:51:43.743"", ""database_name"": ""SteelNort"", ""session_id"": 71, ""command"": ""EXECUTE"", ""duration"": 2284, ""cpu_time"": 113, ""logical_reads"": 0, ""writes"": 0, ""status"": ""completed""}",EXECUTE,2284.0,113.0,0.0,0.0,,,,completed,USER,carga2
login,2026-09-04 05:51:45.776,81,795ec2146175\Administrator,Microsoft SQL Server,SteelNort,"{""event_name"": ""login"", ""timestamp"": ""2026-09-04 05:51:45.776"", ""session_id"": 81, ""login_name"": ""795ec2146175\\Administrator"", ""program_name"": ""Microsoft SQL Server"", ""database_name"": ""SteelNort""}",,,,,,,,,,UNKNOWN,carga2
sql_batch_completed,2026-09-04 05:51:45.776,69,,,SteelNort,"{""event_name"": ""sql_batch_completed"", ""timestamp"": ""2026-09-04 05:51:45.776"", ""database_name"": ""SteelNort"", ""session_id"": 69, ""command"": ""SET OPTION OFF"", ""duration"": 5, ""cpu_time"": 0, ""logical_reads"": 0, ""writes"": 0}",SET OPTION OFF,5.0,0.0,0.0,0.0,,,,,UNKNOWN,carga2
sql_batch_completed,2026-09-04 05:51:45.776,71,,,SteelNort,"{""event_name"": ""sql_batch_completed"", ""timestamp"": ""2026-09-04 05:51:45.776"", ""database_name"": ""SteelNort"", ""session_id"": 71, ""command"": ""EXECUTE"", ""duration"": 266, ""cpu_time"": 126, ""logical_reads"": 0, ""writes"": 0, ""wait_type"": ""MSQL_XP""}",EXECUTE,266.0,126.0,0.0,0.0,MSQL_XP,,,,USER,carga2
logout,2026-09-04 05:51:47.802,81,,,,"{""event_name"": ""logout"", ""timestamp"": ""2026-09-04 05:51:47.802"", ""session_id"": 81}",,,,,,,,,,UNKNOWN,carga2
sql_batch_completed,2026-09-04 05:51:47.802,69,,,SteelNort,"{""event_name"": ""sql_batch_completed"", ""timestamp"": ""2026-09-04 05:51:47.802"", ""database_name"": ""SteelNort"", ""session_id"": 69, ""command"": ""SET OPTION OFF"", ""duration"": 2032, ""cpu_time"": 0, ""logical_reads"": 0, ""writes"": 0, ""status"": ""completed""}",SET OPTION OFF,2032.0,0.0,0.0,0.0,,,,completed,UNKNOWN,carga2
sql_batch_completed,2026-09-04 05:51:47.802,70,,,SteelNort,"{""event_name"": ""sql_batch_completed"", ""timestamp"": ""2026-09-04 05:51:47.802"", ""database_name"": ""SteelNort"", ""session_id"": 70, ""command"": ""EXECUTE"", ""duration"": 2033, ""cpu_time"": 0, ""logical_reads"": 0, ""writes"": 0, ""status"": ""completed""}",EXECUTE,2033.0,0.0,0.0,0.0,,,,completed,USER,carga2
sql_batch_completed,2026-09-04 05:51:47.802,71,,,SteelNort,"{""event_name"": ""sql_batch_completed"", ""timestamp"": ""2026-09-04 05:51:47.802"", ""database_name"": ""SteelNort"", ""session_id"": 71, ""command"": ""EXECUTE"", ""duration"": 2294, ""cpu_time"": 126, ""logical_reads"": 0, ""writes"": 0, ""status"": ""completed""}",EXECUTE,2294.0,126.0,0.0,0.0,,,,completed,USER,carga2
login,2026-09-04 05:51:55.916,81,795ec2146175\Administrator,Microsoft SQL Server,SteelNort,"{""event_name"": ""login"", ""timestamp"": ""2026-09-04 05:51:55.916"", ""session_id"": 81, ""login_name"": ""795ec2146175\\Administrator"", ""program_name"": ""Microsoft SQL Server"", ""database_name"": ""SteelNort""}",,,,,,,,,,UNKNOWN,carga2
sql_batch_completed,2026-09-04 05:51:55.916,71,,,SteelNort,"{""event_name"": ""sql_batch_completed"", ""timestamp"": ""2026-09-04 05:51:55.916"", ""database_name"": ""SteelNort"", ""session_id"": 71, ""command"": ""EXECUTE"", ""duration"": 138, ""cpu_time"": 132, ""logical_reads"": 0, ""writes"": 0, ""wait_type"": ""MSQL_XP""}",EXECUTE,138.0,132.0,0.0,0.0,MSQL_XP,,,,USER,carga2
logout,2026-09-04 05:51:57.948,81,,,,"{""event_name"": ""logout"", ""timestamp"": ""2026-09-04 05:51:57.948"", ""session_id"": 81}",,,,,,,,,,UNKNOWN,carga2
sql_batch_completed,2026-09-04 05:51:57.948,64,,,SteelNort,"{""event_name"": ""sql_batch_completed"", ""timestamp"": ""2026-09-04 05:51:57.948"", ""database_name"": ""SteelNort"", ""session_id"": 64, ""command"": ""COMMIT TRANSACTION"", ""duration"": 18, ""cpu_time"": 6, ""logical_reads"": 0, ""writes"": 0, ""wait_type"": ""PREEMPTIVE_OS_FLUSHFILEBUFFERS""}",COMMIT TRANSACTION,18.0,6.0,0.0,0.0,PREEMPTIVE_OS_FLUSHFILEBUFFERS,,,,UNKNOWN,carga2
sql_batch_completed,2026-09-04 05:51:57.948,67,,,SteelNort,"{""event_name"": ""sql_batch_completed"", ""timestamp"": ""2026-09-04 05:51:57.948"", ""database_name"": ""SteelNort"", ""session_id"": 67, ""command"": ""AWAITING COMMAND"", ""duration"": 9, ""cpu_time"": 0, ""logical_reads"": 0, ""writes"": 0}",AWAITING COMMAND,9.0,0.0,0.0,0.0,,,,,UNKNOWN,carga2
sql_batch_completed,2026-09-04 05:51:57.948,71,,,SteelNort,"{""event_name"": ""sql_batch_completed"", ""timestamp"": ""2026-09-04 05:51:57.948"", ""database_name"": ""SteelNort"", ""session_id"": 71, ""command"": ""EXECUTE"", ""duration"": 2170, ""cpu_time"": 132, ""logical_reads"": 0, ""writes"": 0, ""status"": ""completed""}",EXECUTE,2170.0,132.0,0.0,0.0,,,,completed,USER,carga2
wait_info,2026-09-04 05:51:59.982,57,,,master,"{""event_name"": ""wait_info"", ""timestamp"": ""2026-09-04 05:51:59.982"", ""session_id"": 57, ""wait_type"": ""SLEEP_TASK"", ""database_name"": ""master""}",,,,,,SLEEP_TASK,,,,UNKNOWN,carga2
sql_batch_completed,2026-09-04 05:51:59.982,68,,,SteelNort,"{""event_name"": ""sql_batch_completed"", ""timestamp"": ""2026-09-04 05:51:59.982"", ""database_name"": ""SteelNort"", ""session_id"": 68, ""command"": ""EXECUTE"", ""duration"": 3, ""cpu_time"": 0, ""logical_reads"": 0, ""writes"": 0}",EXECUTE,3.0,0.0,0.0,0.0,,,,,USER,carga2
sql_batch_completed,2026-09-04 05:51:59.982,70,,,SteelNort,"{""event_name"": ""sql_batch_completed"", ""timestamp"": ""2026-09-04 05:51:59.982"", ""database_name"": ""SteelNort"", ""session_id"": 70, ""command"": ""EXECUTE"", ""duration"": 4, ""cpu_time"": 0, ""logical_reads"": 0, ""writes"": 0}",EXECUTE,4.0,0.0,0.0,0.0,,,,,USER,carga2
sql_batch_completed,2026-09-04 05:51:59.982,64,,,SteelNort,"{""event_name"": ""sql_batch_completed"", ""timestamp"": ""2026-09-04 05:51:59.982"", ""database_name"": ""SteelNort"", ""session_id"": 64, ""command"": ""COMMIT TRANSACTION"", ""duration"": 2048, ""cpu_time"": 6, ""logical_reads"": 0, ""writes"": 0, ""status"": ""completed""}",COMMIT TRANSACTION,2048.0,6.0,0.0,0.0,,,,completed,UNKNOWN,carga2
sql_batch_completed,2026-09-04 05:51:59.982,67,,,SteelNort,"{""event_name"": ""sql_batch_completed"", ""timestamp"": ""2026-09-04 05:51:59.982"", ""database_name"": ""SteelNort"", ""session_id"": 67, ""command"": ""AWAITING COMMAND"", ""duration"": 2040, ""cpu_time"": 0, ""logical_reads"": 0, ""writes"": 0, ""status"": ""completed""}",AWAITING COMMAND,2040.0,0.0,0.0,0.0,,,,completed,UNKNOWN,carga2
sql_batch_completed,2026-09-04 05:52:02.008,76,,,SteelNort,"{""event_name"": ""sql_batch_completed"", ""timestamp"": ""2026-09-04 05:52:02.008"", ""database_name"": ""SteelNort"", ""session_id"": 76, ""command"": ""SELECT"", ""duration"": 558, ""cpu_time"": 416, ""logical_reads"": 752, ""writes"": 0, ""wait_type"": ""MEMORY_ALLOCATION_EXT""}",SELECT,558.0,416.0,752.0,0.0,MEMORY_ALLOCATION_EXT,,,,USER,carga2
sql_batch_completed,2026-09-04 05:52:02.008,68,,,SteelNort,"{""event_name"": ""sql_batch_completed"", ""timestamp"": ""2026-09-04 05:52:02.008"", ""database_name"": ""SteelNort"", ""session_id"": 68, ""command"": ""EXECUTE"", ""duration"": 2029, ""cpu_time"": 0, ""logical_reads"": 0, ""writes"": 0, ""status"": ""completed""}",EXECUTE,2029.0,0.0,0.0,0.0,,,,completed,USER,carga2
sql_batch_completed,2026-09-04 05:52:02.008,70,,,SteelNort,"{""event_name"": ""sql_batch_completed"", ""timestamp"": ""2026-09-04 05:52:02.008"", ""database_name"": ""SteelNort"", ""session_id"": 70, ""command"": ""EXECUTE"", ""duration"": 2030, ""cpu_time"": 0, ""logical_reads"": 0, ""writes"": 0, ""status"": ""completed""}",EXECUTE,2030.0,0.0,0.0,0.0,,,,completed,USER,carga2
lock_acquired,2026-09-04 05:52:02.008,76,,,,"{""event_name"": ""lock_acquired"", ""timestamp"": ""2026-09-04 05:52:02.008"", ""session_id"": 76, ""resource_type"": ""DATABASE"", ""mode"": ""S""}",,,,,,,DATABASE,S,,UNKNOWN,carga2
lock_acquired,2026-09-04 05:52:02.008,76,,,,"{""event_name"": ""lock_acquired"", ""timestamp"": ""2026-09-04 05:52:02.008"", ""session_id"": 76, ""resource_type"": ""OBJECT"", ""mode"": ""Sch-S""}",,,,,,,OBJECT,Sch-S,,UNKNOWN,carga2
lock_acquired,2026-09-04 05:52:02.008,76,,,,"{""event_name"": ""lock_acquired"", ""timestamp"": ""2026-09-04 05:52:02.008"", ""session_id"": 76, ""resource_type"": ""METADATA"", ""mode"": ""Sch-M""}",,,,,,,METADATA,Sch-M,,UNKNOWN,carga2
sql_batch_completed,2026-09-04 05:52:04.038,68,,,SteelNort,"{""event_name"": ""sql_batch_completed"", ""timestamp"": ""2026-09-04 05:52:04.038"", ""database_name"": ""SteelNort"", ""session_id"": 68, ""command"": ""AWAITING COMMAND"", ""duration"": 3, ""cpu_time"": 0, ""logical_reads"": 0, ""writes"": 0}",AWAITING COMMAND,3.0,0.0,0.0,0.0,,,,,UNKNOWN,carga2
sql_batch_completed,2026-09-04 05:52:04.038,76,,,SteelNort,"{""event_name"": ""sql_batch_completed"", ""timestamp"": ""2026-09-04 05:52:04.038"", ""database_name"": ""SteelNort"", ""session_id"": 76, ""command"": ""SELECT"", ""duration"": 2593, ""cpu_time"": 416, ""logical_reads"": 752, ""writes"": 0, ""status"": ""completed""}",SELECT,2593.0,416.0,752.0,0.0,,,,completed,USER,carga2
lock_released,2026-09-04 05:52:04.038,76,,,,"{""event_name"": ""lock_released"", ""timestamp"": ""2026-09-04 05:52:04.038"", ""session_id"": 76, ""resource_type"": ""DATABASE"", ""mode"": ""S""}",,,,,,,DATABASE,S,,UNKNOWN,carga2
lock_released,2026-09-04 05:52:04.038,76,,,,"{""event_name"": ""lock_released"", ""timestamp"": ""2026-09-04 05:52:04.038"", ""session_id"": 76, ""resource_type"": ""OBJECT"", ""mode"": ""Sch-S""}",,,,,,,OBJECT,Sch-S,,UNKNOWN,carga2
lock_released,2026-09-04 05:52:04.038,76,,,,"{""event_name"": ""lock_released"", ""timestamp"": ""2026-09-04 05:52:04.038"", ""session_id"": 76, ""resource_type"": ""METADATA"", ""mode"": ""Sch-M""}",,,,,,,METADATA,Sch-M,,UNKNOWN,carga2
login,2026-09-04 05:52:06.068,81,795ec2146175\Administrator,Microsoft SQL Server,SteelNort,"{""event_name"": ""login"", ""timestamp"": ""2026-09-04 05:52:06.068"", ""session_id"": 81, ""login_name"": ""795ec2146175\\Administrator"", ""program_name"": ""Microsoft SQL Server"", ""database_name"": ""SteelNort""}",,,,,,,,,,UNKNOWN,carga2
sql_batch_completed,2026-09-04 05:52:06.068,60,,,SteelNort,"{""event_name"": ""sql_batch_completed"", ""timestamp"": ""2026-09-04 05:52:06.068"", ""database_name"": ""SteelNort"", ""session_id"": 60, ""command"": ""SELECT"", ""duration"": 11, ""cpu_time"": 5, ""logical_reads"": 0, ""writes"": 0}",SELECT,11.0,5.0,0.0,0.0,,,,,USER,carga2
sql_batch_completed,2026-09-04 05:52:06.068,71,,,SteelNort,"{""event_name"": ""sql_batch_completed"", ""timestamp"": ""2026-09-04 05:52:06.068"", ""database_name"": ""SteelNort"", ""session_id"": 71, ""command"": ""EXECUTE"", ""duration"": 160, ""cpu_time"": 139, ""logical_reads"": 0, ""writes"": 0, ""wait_type"": ""MSQL_XP""}",EXECUTE,160.0,139.0,0.0,0.0,MSQL_XP,,,,USER,carga2
sql_batch_completed,2026-09-04 05:52:06.068,68,,,SteelNort,"{""event_name"": ""sql_batch_completed"", ""timestamp"": ""2026-09-04 05:52:06.068"", ""database_name"": ""SteelNort"", ""session_id"": 68, ""command"": ""AWAITING COMMAND"", ""duration"": 2044, ""cpu_time"": 0, ""logical_reads"": 0, ""writes"": 0, ""status"": ""completed""}",AWAITING COMMAND,2044.0,0.0,0.0,0.0,,,,completed,UNKNOWN,carga2
lock_acquired,2026-09-04 05:52:06.068,60,,,,"{""event_name"": ""lock_acquired"", ""timestamp"": ""2026-09-04 05:52:06.068"", ""session_id"": 60, ""resource_type"": ""RID"", ""mode"": ""S""}",,,,,,,RID,S,,UNKNOWN,carga2
lock_acquired,2026-09-04 05:52:06.068,60,,,,"{""event_name"": ""lock_acquired"", ""timestamp"": ""2026-09-04 05:52:06.068"", ""session_id"": 60, ""resource_type"": ""KEY"", ""mode"": ""S""}",,,,,,,KEY,S,,UNKNOWN,carga2
lock_acquired,2026-09-04 05:52:06.068,60,,,,"{""event_name"": ""lock_acquired"", ""timestamp"": ""2026-09-04 05:52:06.068"", ""session_id"": 60, ""resource_type"": ""PAGE"", ""mode"": ""IS""}",,,,,,,PAGE,IS,,UNKNOWN,carga2
lock_acquired,2026-09-04 05:52:06.068,60,,,,"{""event_name"": ""lock_acquired"", ""timestamp"": ""2026-09-04 05:52:06.068"", ""session_id"": 60, ""resource_type"": ""OBJECT"", ""mode"": ""IS""}",,,,,,,OBJECT,IS,,UNKNOWN,carga2
logout,2026-09-04 05:52:08.105,81,,,,"{""event_name"": ""logout"", ""timestamp"": ""2026-09-04 05:52:08.105"", ""session_id"": 81}",,,,,,,,,,UNKNOWN,carga2
sql_batch_completed,2026-09-04 05:52:08.105,60,,,SteelNort,"{""event_name"": ""sql_batch_completed"", ""timestamp"": ""2026-09-04 05:52:08.105"", ""database_name"": ""SteelNort"", ""session_id"": 60, ""command"": ""SELECT"", ""duration"": 2043, ""cpu_time"": 5, ""logical_reads"": 0, ""writes"": 0, ""status"": ""completed""}",SELECT,2043.0,5.0,0.0,0.0,,,,completed,USER,carga2
sql_batch_completed,2026-09-04 05:52:08.105,71,,,SteelNort,"{""event_name"": ""sql_batch_completed"", ""timestamp"": ""2026-09-04 05:52:08.105"", ""database_name"": ""SteelNort"", ""session_id"": 71, ""command"": ""EXECUTE"", ""duration"": 2191, ""cpu_time"": 139, ""logical_reads"": 0, ""writes"": 0, ""status"": ""completed""}",EXECUTE,2191.0,139.0,0.0,0.0,,,,completed,USER,carga2
lock_released,2026-09-04 05:52:08.105,60,,,,"{""event_name"": ""lock_released"", ""timestamp"": ""2026-09-04 05:52:08.105"", ""session_id"": 60, ""resource_type"": ""RID"", ""mode"": ""S""}",,,,,,,RID,S,,UNKNOWN,carga2
lock_released,2026-09-04 05:52:08.105,60,,,,"{""event_name"": ""lock_released"", ""timestamp"": ""2026-09-04 05:52:08.105"", ""session_id"": 60, ""resource_type"": ""KEY"", ""mode"": ""S""}",,,,,,,KEY,S,,UNKNOWN,carga2
lock_released,2026-09-04 05:52:08.105,60,,,,"{""event_name"": ""lock_released"", ""timestamp"": ""2026-09-04 05:52:08.105"", ""session_id"": 60, ""resource_type"": ""PAGE"", ""mode"": ""IS""}",,,,,,,PAGE,IS,,UNKNOWN,carga2
lock_released,2026-09-04 05:52:08.105,60,,,,"{""event_name"": ""lock_released"", ""timestamp"": ""2026-09-04 05:52:08.105"", ""session_id"": 60, ""resource_type"": ""OBJECT"", ""mode"": ""IS""}",,,,,,,OBJECT,IS,,UNKNOWN,carga2
sql_batch_completed,2026-09-04 05:52:10.135,60,,,SteelNort,"{""event_name"": ""sql_batch_completed"", ""timestamp"": ""2026-09-04 05:52:10.135"", ""database_name"": ""SteelNort"", ""session_id"": 60, ""command"": ""EXECUTE"", ""duration"": 5, ""cpu_time"": 0, ""logical_reads"": 0, ""writes"": 0}",EXECUTE,5.0,0.0,0.0,0.0,,,,,USER,carga2
sql_batch_completed,2026-09-04 05:52:10.135,67,,,SteelNort,"{""event_name"": ""sql_batch_completed"", ""timestamp"": ""2026-09-04 05:52:10.135"", ""database_name"": ""SteelNort"", ""session_id"": 67, ""command"": ""SELECT"", ""duration"": 6, ""cpu_time"": 0, ""logical_reads"": 0, ""writes"": 0}",SELECT,6.0,0.0,0.0,0.0,,,,,USER,carga2
sql_batch_completed,2026-09-04 05:52:12.158,69,,,SteelNort,"{""event_name"": ""sql_batch_completed"", ""timestamp"": ""2026-09-04 05:52:12.158"", ""database_name"": ""SteelNort"", ""session_id"": 69, ""command"": ""AWAITING COMMAND"", ""duration"": 5, ""cpu_time"": 0, ""logical_reads"": 0, ""writes"": 0}",AWAITING COMMAND,5.0,0.0,0.0,0.0,,,,,UNKNOWN,carga2
sql_batch_completed,2026-09-04 05:52:12.158,67,,,SteelNort,"{""event_name"": ""sql_batch_completed"", ""timestamp"": ""2026-09-04 05:52:12.158"", ""database_name"": ""SteelNort"", ""session_id"": 67, ""command"": ""SELECT"", ""duration"": 2027, ""cpu_time"": 0, ""logical_reads"": 0, ""writes"": 0, ""status"": ""completed""}",SELECT,2027.0,0.0,0.0,0.0,,,,completed,USER,carga2
sql_batch_completed,2026-09-04 05:52:12.158,60,,,SteelNort,"{""event_name"": ""sql_batch_completed"", ""timestamp"": ""2026-09-04 05:52:12.158"", ""database_name"": ""SteelNort"", ""session_id"": 60, ""command"": ""EXECUTE"", ""duration"": 2028, ""cpu_time"": 0, ""logical_reads"": 0, ""writes"": 0, ""status"": ""completed""}",EXECUTE,2028.0,0.0,0.0,0.0,,,,completed,USER,carga2
sql_batch_completed,2026-09-04 05:52:14.182,69,,,SteelNort,"{""event_name"": ""sql_batch_completed"", ""timestamp"": ""2026-09-04 05:52:14.182"", ""database_name"": ""SteelNort"", ""session_id"": 69, ""command"": ""AWAITING COMMAND"", ""duration"": 2032, ""cpu_time"": 0, ""logical_reads"": 0, ""writes"": 0, ""status"": ""completed""}",AWAITING COMMAND,2032.0,0.0,0.0,0.0,,,,completed,UNKNOWN,carga2
lock_acquired,2026-09-04 05:52:14.182,65,,,,"{""event_name"": ""lock_acquired"", ""timestamp"": ""2026-09-04 05:52:14.182"", ""session_id"": 65, ""resource_type"": ""PAGE"", ""mode"": ""IS""}",,,,,,,PAGE,IS,,UNKNOWN,carga2
logout,2026-09-04 05:52:16.209,74,,,,"{""event_name"": ""logout"", ""timestamp"": ""2026-09-04 05:52:16.209"", ""session_id"": 74}",,,,,,,,,,UNKNOWN,carga2
logout,2026-09-04 05:52:16.209,75,,,,"{""event_name"": ""logout"", ""timestamp"": ""2026-09-04 05:52:16.209"", ""session_id"": 75}",,,,,,,,,,UNKNOWN,carga2
logout,2026-09-04 05:52:16.209,77,,,,"{""event_name"": ""logout"", ""timestamp"": ""2026-09-04 05:52:16.209"", ""session_id"": 77}",,,,,,,,,,UNKNOWN,carga2
logout,2026-09-04 05:52:16.209,78,,,,"{""event_name"": ""logout"", ""timestamp"": ""2026-09-04 05:52:16.209"", ""session_id"": 78}",,,,,,,,,,UNKNOWN,carga2
logout,2026-09-04 05:52:16.209,80,,,,"{""event_name"": ""logout"", ""timestamp"": ""2026-09-04 05:52:16.209"", ""session_id"": 80}",,,,,,,,,,UNKNOWN,carga2
logout,2026-09-04 05:52:16.209,52,,,,"{""event_name"": ""logout"", ""timestamp"": ""2026-09-04 05:52:16.209"", ""session_id"": 52}",,,,,,,,,,UNKNOWN,carga2
sql_batch_completed,2026-09-04 05:52:16.209,71,,,SteelNort,"{""event_name"": ""sql_batch_completed"", ""timestamp"": ""2026-09-04 05:52:16.209"", ""database_name"": ""SteelNort"", ""session_id"": 71, ""command"": ""EXECUTE"", ""duration"": 156, ""cpu_time"": 100, ""logical_reads"": 0, ""writes"": 0, ""wait_type"": ""MSQL_XP""}",EXECUTE,156.0,100.0,0.0,0.0,MSQL_XP,,,,USER,carga2
sql_batch_completed,2026-09-04 05:52:16.209,74,,,master,"{""event_name"": ""sql_batch_completed"", ""timestamp"": ""2026-09-04 05:52:16.209"", ""database_name"": ""master"", ""session_id"": 74, ""command"": ""TASK MANAGER"", ""duration"": 180367, ""cpu_time"": 0, ""logical_reads"": 0, ""writes"": 0, ""status"": ""completed""}",TASK MANAGER,180367.0,0.0,0.0,0.0,,,,completed,SQL_SERVER_INTERNAL,carga2
sql_batch_completed,2026-09-04 05:52:16.209,75,,,master,"{""event_name"": ""sql_batch_completed"", ""timestamp"": ""2026-09-04 05:52:16.209"", ""database_name"": ""master"", ""session_id"": 75, ""command"": ""TASK MANAGER"", ""duration"": 180368, ""cpu_time"": 0, ""logical_reads"": 0, ""writes"": 0, ""status"": ""completed""}",TASK MANAGER,180368.0,0.0,0.0,0.0,,,,completed,SQL_SERVER_INTERNAL,carga2
sql_batch_completed,2026-09-04 05:52:16.209,77,,,master,"{""event_name"": ""sql_batch_completed"", ""timestamp"": ""2026-09-04 05:52:16.209"", ""database_name"": ""master"", ""session_id"": 77, ""command"": ""TASK MANAGER"", ""duration"": 180369, ""cpu_time"": 0, ""logical_reads"": 0, ""writes"": 0, ""status"": ""completed""}",TASK MANAGER,180369.0,0.0,0.0,0.0,,,,completed,SQL_SERVER_INTERNAL,carga2
sql_batch_completed,2026-09-04 05:52:16.209,78,,,master,"{""event_name"": ""sql_batch_completed"", ""timestamp"": ""2026-09-04 05:52:16.209"", ""database_name"": ""master"", ""session_id"": 78, ""command"": ""TASK MANAGER"", ""duration"": 180370, ""cpu_time"": 0, ""logical_reads"": 0, ""writes"": 0, ""status"": ""completed""}",TASK MANAGER,180370.0,0.0,0.0,0.0,,,,completed,SQL_SERVER_INTERNAL,carga2
sql_batch_completed,2026-09-04 05:52:16.209,80,,,master,"{""event_name"": ""sql_batch_completed"", ""timestamp"": ""2026-09-04 05:52:16.209"", ""database_name"": ""master"", ""session_id"": 80, ""command"": ""TASK MANAGER"", ""duration"": 180371, ""cpu_time"": 0, ""logical_reads"": 0, ""writes"": 0, ""status"": ""completed""}",TASK MANAGER,180371.0,0.0,0.0,0.0,,,,completed,SQL_SERVER_INTERNAL,carga2
sql_batch_completed,2026-09-04 05:52:16.209,51,,,master,"{""event_name"": ""sql_batch_completed"", ""timestamp"": ""2026-09-04 05:52:16.209"", ""database_name"": ""master"", ""session_id"": 51, ""command"": ""TASK MANAGER"", ""duration"": 180372, ""cpu_time"": 0, ""logical_reads"": 0, ""writes"": 0, ""status"": ""completed""}",TASK MANAGER,180372.0,0.0,0.0,0.0,,,,completed,SQL_SERVER_INTERNAL,carga2
sql_batch_completed,2026-09-04 05:52:16.209,52,,,master,"{""event_name"": ""sql_batch_completed"", ""timestamp"": ""2026-09-04 05:52:16.209"", ""database_name"": ""master"", ""session_id"": 52, ""command"": ""TASK MANAGER"", ""duration"": 180373, ""cpu_time"": 0, ""logical_reads"": 0, ""writes"": 0, ""status"": ""completed""}",TASK MANAGER,180373.0,0.0,0.0,0.0,,,,completed,SQL_SERVER_INTERNAL,carga2
lock_released,2026-09-04 05:52:16.209,65,,,,"{""event_name"": ""lock_released"", ""timestamp"": ""2026-09-04 05:52:16.209"", ""session_id"": 65, ""resource_type"": ""PAGE"", ""mode"": ""IS""}",,,,,,,PAGE,IS,,UNKNOWN,carga2
logout,2026-09-04 05:52:18.248,51,,,,"{""event_name"": ""logout"", ""timestamp"": ""2026-09-04 05:52:18.248"", ""session_id"": 51}",,,,,,,,,,UNKNOWN,carga2
sql_batch_completed,2026-09-04 05:52:18.248,71,,,SteelNort,"{""event_name"": ""sql_batch_completed"", ""timestamp"": ""2026-09-04 05:52:18.248"", ""database_name"": ""SteelNort"", ""session_id"": 71, ""command"": ""EXECUTE"", ""duration"": 2188, ""cpu_time"": 100, ""logical_reads"": 0, ""writes"": 0, ""status"": ""completed""}",EXECUTE,2188.0,100.0,0.0,0.0,,,,completed,USER,carga2
logout,2026-09-04 05:52:22.294,79,,,,"{""event_name"": ""logout"", ""timestamp"": ""2026-09-04 05:52:22.294"", ""session_id"": 79}",,,,,,,,,,UNKNOWN,carga2
sql_batch_completed,2026-09-04 05:52:22.294,76,,,SteelNort,"{""event_name"": ""sql_batch_completed"", ""timestamp"": ""2026-09-04 05:52:22.294"", ""database_name"": ""SteelNort"", ""session_id"": 76, ""command"": ""SELECT"", ""duration"": 11, ""cpu_time"": 4, ""logical_reads"": 0, ""writes"": 0}",SELECT,11.0,4.0,0.0,0.0,,,,,USER,carga2
sql_batch_completed,2026-09-04 05:52:22.294,79,,,master,"{""event_name"": ""sql_batch_completed"", ""timestamp"": ""2026-09-04 05:52:22.294"", ""database_name"": ""master"", ""session_id"": 79, ""command"": ""TASK MANAGER"", ""duration"": 186453, ""cpu_time"": 0, ""logical_reads"": 0, ""writes"": 0, ""status"": ""completed""}",TASK MANAGER,186453.0,0.0,0.0,0.0,,,,completed,SQL_SERVER_INTERNAL,carga2
lock_acquired,2026-09-04 05:52:22.294,76,,,,"{""event_name"": ""lock_acquired"", ""timestamp"": ""2026-09-04 05:52:22.294"", ""session_id"": 76, ""resource_type"": ""DATABASE"", ""mode"": ""S""}",,,,,,,DATABASE,S,,UNKNOWN,carga2
lock_acquired,2026-09-04 05:52:22.294,76,,,,"{""event_name"": ""lock_acquired"", ""timestamp"": ""2026-09-04 05:52:22.294"", ""session_id"": 76, ""resource_type"": ""OBJECT"", ""mode"": ""Sch-S""}",,,,,,,OBJECT,Sch-S,,UNKNOWN,carga2
lock_acquired,2026-09-04 05:52:22.294,76,,,,"{""event_name"": ""lock_acquired"", ""timestamp"": ""2026-09-04 05:52:22.294"", ""session_id"": 76, ""resource_type"": ""METADATA"", ""mode"": ""Sch-S""}",,,,,,,METADATA,Sch-S,,UNKNOWN,carga2
sql_batch_completed,2026-09-04 05:52:24.333,76,,,SteelNort,"{""event_name"": ""sql_batch_completed"", ""timestamp"": ""2026-09-04 05:52:24.333"", ""database_name"": ""SteelNort"", ""session_id"": 76, ""command"": ""SELECT"", ""duration"": 2043, ""cpu_time"": 4, ""logical_reads"": 0, ""writes"": 0, ""status"": ""completed""}",SELECT,2043.0,4.0,0.0,0.0,,,,completed,USER,carga2
lock_released,2026-09-04 05:52:24.333,76,,,,"{""event_name"": ""lock_released"", ""timestamp"": ""2026-09-04 05:52:24.333"", ""session_id"": 76, ""resource_type"": ""DATABASE"", ""mode"": ""S""}",,,,,,,DATABASE,S,,UNKNOWN,carga2
lock_released,2026-09-04 05:52:24.333,76,,,,"{""event_name"": ""lock_released"", ""timestamp"": ""2026-09-04 05:52:24.333"", ""session_id"": 76, ""resource_type"": ""OBJECT"", ""mode"": ""Sch-S""}",,,,,,,OBJECT,Sch-S,,UNKNOWN,carga2
lock_released,2026-09-04 05:52:24.333,76,,,,"{""event_name"": ""lock_released"", ""timestamp"": ""2026-09-04 05:52:24.333"", ""session_id"": 76, ""resource_type"": ""METADATA"", ""mode"": ""Sch-S""}",,,,,,,METADATA,Sch-S,,UNKNOWN,carga2
sql_batch_completed,2026-09-04 05:52:26.368,71,,,SteelNort,"{""event_name"": ""sql_batch_completed"", ""timestamp"": ""2026-09-04 05:52:26.368"", ""database_name"": ""SteelNort"", ""session_id"": 71, ""command"": ""EXECUTE"", ""duration"": 34, ""cpu_time"": 27, ""logical_reads"": 0, ""writes"": 0, ""wait_type"": ""MSQL_XP""}",EXECUTE,34.0,27.0,0.0,0.0,MSQL_XP,,,,USER,carga2
sql_batch_completed,2026-09-04 05:52:28.391,71,,,SteelNort,"{""event_name"": ""sql_batch_completed"", ""timestamp"": ""2026-09-04 05:52:28.391"", ""database_name"": ""SteelNort"", ""session_id"": 71, ""command"": ""EXECUTE"", ""duration"": 2060, ""cpu_time"": 27, ""logical_reads"": 0, ""writes"": 0, ""status"": ""completed""}",EXECUTE,2060.0,27.0,0.0,0.0,,,,completed,USER,carga2
login,2026-09-04 05:52:30.416,51,795ec2146175\Administrator,Microsoft SQL Server,SteelNort,"{""event_name"": ""login"", ""timestamp"": ""2026-09-04 05:52:30.416"", ""session_id"": 51, ""login_name"": ""795ec2146175\\Administrator"", ""program_name"": ""Microsoft SQL Server"", ""database_name"": ""SteelNort""}",,,,,,,,,,UNKNOWN,carga2
logout,2026-09-04 05:52:32.441,51,,,,"{""event_name"": ""logout"", ""timestamp"": ""2026-09-04 05:52:32.441"", ""session_id"": 51}",,,,,,,,,,UNKNOWN,carga2
sql_batch_completed,2026-09-04 05:52:36.480,69,,,SteelNort,"{""event_name"": ""sql_batch_completed"", ""timestamp"": ""2026-09-04 05:52:36.480"", ""database_name"": ""SteelNort"", ""session_id"": 69, ""command"": ""EXECUTE"", ""duration"": 3, ""cpu_time"": 0, ""logical_reads"": 0, ""writes"": 0}",EXECUTE,3.0,0.0,0.0,0.0,,,,,USER,carga2
sql_batch_completed,2026-09-04 05:52:36.480,71,,,SteelNort,"{""event_name"": ""sql_batch_completed"", ""timestamp"": ""2026-09-04 05:52:36.480"", ""database_name"": ""SteelNort"", ""session_id"": 71, ""command"": ""EXECUTE"", ""duration"": 35, ""cpu_time"": 25, ""logical_reads"": 0, ""writes"": 0, ""wait_type"": ""MSQL_XP""}",EXECUTE,35.0,25.0,0.0,0.0,MSQL_XP,,,,USER,carga2
sql_batch_completed,2026-09-04 05:52:38.513,70,,,SteelNort,"{""event_name"": ""sql_batch_completed"", ""timestamp"": ""2026-09-04 05:52:38.513"", ""database_name"": ""SteelNort"", ""session_id"": 70, ""command"": ""SET OPTION OFF"", ""duration"": 5, ""cpu_time"": 0, ""logical_reads"": 0, ""writes"": 0}",SET OPTION OFF,5.0,0.0,0.0,0.0,,,,,UNKNOWN,carga2
sql_batch_completed,2026-09-04 05:52:38.513,69,,,SteelNort,"{""event_name"": ""sql_batch_completed"", ""timestamp"": ""2026-09-04 05:52:38.513"", ""database_name"": ""SteelNort"", ""session_id"": 69, ""command"": ""EXECUTE"", ""duration"": 2049, ""cpu_time"": 0, ""logical_reads"": 0, ""writes"": 0, ""status"": ""completed""}",EXECUTE,2049.0,0.0,0.0,0.0,,,,completed,USER,carga2
sql_batch_completed,2026-09-04 05:52:38.513,71,,,SteelNort,"{""event_name"": ""sql_batch_completed"", ""timestamp"": ""2026-09-04 05:52:38.513"", ""database_name"": ""SteelNort"", ""session_id"": 71, ""command"": ""EXECUTE"", ""duration"": 2081, ""cpu_time"": 25, ""logical_reads"": 0, ""writes"": 0, ""status"": ""completed""}",EXECUTE,2081.0,25.0,0.0,0.0,,,,completed,USER,carga2
sql_batch_completed,2026-09-04 05:52:40.557,68,,,SteelNort,"{""event_name"": ""sql_batch_completed"", ""timestamp"": ""2026-09-04 05:52:40.557"", ""database_name"": ""SteelNort"", ""session_id"": 68, ""command"": ""EXECUTE"", ""duration"": 2, ""cpu_time"": 0, ""logical_reads"": 0, ""writes"": 0}",EXECUTE,2.0,0.0,0.0,0.0,,,,,USER,carga2
sql_batch_completed,2026-09-04 05:52:40.557,70,,,SteelNort,"{""event_name"": ""sql_batch_completed"", ""timestamp"": ""2026-09-04 05:52:40.557"", ""database_name"": ""SteelNort"", ""session_id"": 70, ""command"": ""SET OPTION OFF"", ""duration"": 2036, ""cpu_time"": 0, ""logical_reads"": 0, ""writes"": 0, ""status"": ""completed""}",SET OPTION OFF,2036.0,0.0,0.0,0.0,,,,completed,UNKNOWN,carga2
sql_batch_completed,2026-09-04 05:52:42.574,68,,,SteelNort,"{""event_name"": ""sql_batch_completed"", ""timestamp"": ""2026-09-04 05:52:42.574"", ""database_name"": ""SteelNort"", ""session_id"": 68, ""command"": ""EXECUTE"", ""duration"": 2030, ""cpu_time"": 0, ""logical_reads"": 0, ""writes"": 0, ""status"": ""completed""}",EXECUTE,2030.0,0.0,0.0,0.0,,,,completed,USER,carga2
lock_acquired,2026-09-04 05:52:48.651,67,,,,"{""event_name"": ""lock_acquired"", ""timestamp"": ""2026-09-04 05:52:48.651"", ""session_id"": 67, ""resource_type"": ""OBJECT"", ""mode"": ""IS""}",,,,,,,OBJECT,IS,,UNKNOWN,carga2
sql_batch_completed,2026-09-04 05:52:50.676,60,,,SteelNort,"{""event_name"": ""sql_batch_completed"", ""timestamp"": ""2026-09-04 05:52:50.676"", ""database_name"": ""SteelNort"", ""session_id"": 60, ""command"": ""EXECUTE"", ""duration"": 7, ""cpu_time"": 0, ""logical_reads"": 0, ""writes"": 0}",EXECUTE,7.0,0.0,0.0,0.0,,,,,USER,carga2
sql_batch_completed,2026-09-04 05:52:50.676,62,,,SteelNort,"{""event_name"": ""sql_batch_completed"", ""timestamp"": ""2026-09-04 05:52:50.676"", ""database_name"": ""SteelNort"", ""session_id"": 62, ""command"": ""AWAITING COMMAND"", ""duration"": 9, ""cpu_time"": 0, ""logical_reads"": 0, ""writes"": 0}",AWAITING COMMAND,9.0,0.0,0.0,0.0,,,,,UNKNOWN,carga2
sql_batch_completed,2026-09-04 05:52:50.676,66,,,SteelNort,"{""event_name"": ""sql_batch_completed"", ""timestamp"": ""2026-09-04 05:52:50.676"", ""database_name"": ""SteelNort"", ""session_id"": 66, ""command"": ""AWAITING COMMAND"", ""duration"": 11, ""cpu_time"": 0, ""logical_reads"": 0, ""writes"": 0}",AWAITING COMMAND,11.0,0.0,0.0,0.0,,,,,UNKNOWN,carga2
lock_released,2026-09-04 05:52:50.676,67,,,,"{""event_name"": ""lock_released"", ""timestamp"": ""2026-09-04 05:52:50.676"", ""session_id"": 67, ""resource_type"": ""OBJECT"", ""mode"": ""IS""}",,,,,,,OBJECT,IS,,UNKNOWN,carga2
sql_batch_completed,2026-09-04 05:52:52.702,66,,,SteelNort,"{""event_name"": ""sql_batch_completed"", ""timestamp"": ""2026-09-04 05:52:52.702"", ""database_name"": ""SteelNort"", ""session_id"": 66, ""command"": ""AWAITING COMMAND"", ""duration"": 2031, ""cpu_time"": 0, ""logical_reads"": 0, ""writes"": 0, ""status"": ""completed""}",AWAITING COMMAND,2031.0,0.0,0.0,0.0,,,,completed,UNKNOWN,carga2
sql_batch_completed,2026-09-04 05:52:52.702,60,,,SteelNort,"{""event_name"": ""sql_batch_completed"", ""timestamp"": ""2026-09-04 05:52:52.702"", ""database_name"": ""SteelNort"", ""session_id"": 60, ""command"": ""EXECUTE"", ""duration"": 2033, ""cpu_time"": 0, ""logical_reads"": 0, ""writes"": 0, ""status"": ""completed""}",EXECUTE,2033.0,0.0,0.0,0.0,,,,completed,USER,carga2
sql_batch_completed,2026-09-04 05:52:52.702,62,,,SteelNort,"{""event_name"": ""sql_batch_completed"", ""timestamp"": ""2026-09-04 05:52:52.702"", ""database_name"": ""SteelNort"", ""session_id"": 62, ""command"": ""AWAITING COMMAND"", ""duration"": 2034, ""cpu_time"": 0, ""logical_reads"": 0, ""writes"": 0, ""status"": ""completed""}",AWAITING COMMAND,2034.0,0.0,0.0,0.0,,,,completed,UNKNOWN,carga2
login,2026-09-04 05:52:56.752,51,795ec2146175\Administrator,Microsoft SQL Server,SteelNort,"{""event_name"": ""login"", ""timestamp"": ""2026-09-04 05:52:56.752"", ""session_id"": 51, ""login_name"": ""795ec2146175\\Administrator"", ""program_name"": ""Microsoft SQL Server"", ""database_name"": ""SteelNort""}",,,,,,,,,,UNKNOWN,carga2
sql_batch_completed,2026-09-04 05:52:56.752,71,,,SteelNort,"{""event_name"": ""sql_batch_completed"", ""timestamp"": ""2026-09-04 05:52:56.752"", ""database_name"": ""SteelNort"", ""session_id"": 71, ""command"": ""EXECUTE"", ""duration"": 214, ""cpu_time"": 151, ""logical_reads"": 0, ""writes"": 0, ""wait_type"": ""MSQL_XP""}",EXECUTE,214.0,151.0,0.0,0.0,MSQL_XP,,,,USER,carga2
logout,2026-09-04 05:52:58.782,51,,,,"{""event_name"": ""logout"", ""timestamp"": ""2026-09-04 05:52:58.782"", ""session_id"": 51}",,,,,,,,,,UNKNOWN,carga2
sql_batch_completed,2026-09-04 05:52:58.782,71,,,SteelNort,"{""event_name"": ""sql_batch_completed"", ""timestamp"": ""2026-09-04 05:52:58.782"", ""database_name"": ""SteelNort"", ""session_id"": 71, ""command"": ""EXECUTE"", ""duration"": 2240, ""cpu_time"": 151, ""logical_reads"": 0, ""writes"": 0, ""status"": ""completed""}",EXECUTE,2240.0,151.0,0.0,0.0,,,,completed,USER,carga2
sql_batch_completed,2026-09-04 05:53:04.842,63,,,SteelNort,"{""event_name"": ""sql_batch_completed"", ""timestamp"": ""2026-09-04 05:53:04.842"", ""database_name"": ""SteelNort"", ""session_id"": 63, ""command"": ""EXECUTE"", ""duration"": 7, ""cpu_time"": 0, ""logical_reads"": 0, ""writes"": 0}",EXECUTE,7.0,0.0,0.0,0.0,,,,,USER,carga2
login,2026-09-04 05:53:06.869,51,795ec2146175\Administrator,Microsoft SQL Server,SteelNort,"{""event_name"": ""login"", ""timestamp"": ""2026-09-04 05:53:06.869"", ""session_id"": 51, ""login_name"": ""795ec2146175\\Administrator"", ""program_name"": ""Microsoft SQL Server"", ""database_name"": ""SteelNort""}",,,,,,,,,,UNKNOWN,carga2
sql_batch_completed,2026-09-04 05:53:06.869,71,,,SteelNort,"{""event_name"": ""sql_batch_completed"", ""timestamp"": ""2026-09-04 05:53:06.869"", ""database_name"": ""SteelNort"", ""session_id"": 71, ""command"": ""EXECUTE"", ""duration"": 221, ""cpu_time"": 131, ""logical_reads"": 0, ""writes"": 0, ""wait_type"": ""MSQL_XP""}",EXECUTE,221.0,131.0,0.0,0.0,MSQL_XP,,,,USER,carga2
sql_batch_completed,2026-09-04 05:53:06.869,63,,,SteelNort,"{""event_name"": ""sql_batch_completed"", ""timestamp"": ""2026-09-04 05:53:06.869"", ""database_name"": ""SteelNort"", ""session_id"": 63, ""command"": ""EXECUTE"", ""duration"": 2032, ""cpu_time"": 0, ""logical_reads"": 0, ""writes"": 0, ""status"": ""completed""}",EXECUTE,2032.0,0.0,0.0,0.0,,,,completed,USER,carga2
logout,2026-09-04 05:53:08.898,51,,,,"{""event_name"": ""logout"", ""timestamp"": ""2026-09-04 05:53:08.898"", ""session_id"": 51}",,,,,,,,,,UNKNOWN,carga2
sql_batch_completed,2026-09-04 05:53:08.898,71,,,SteelNort,"{""event_name"": ""sql_batch_completed"", ""timestamp"": ""2026-09-04 05:53:08.898"", ""database_name"": ""SteelNort"", ""session_id"": 71, ""command"": ""EXECUTE"", ""duration"": 2252, ""cpu_time"": 131, ""logical_reads"": 0, ""writes"": 0, ""status"": ""completed""}",EXECUTE,2252.0,131.0,0.0,0.0,,,,completed,USER,carga2
lock_acquired,2026-09-04 05:53:08.898,66,,,,"{""event_name"": ""lock_acquired"", ""timestamp"": ""2026-09-04 05:53:08.898"", ""session_id"": 66, ""resource_type"": ""RID"", ""mode"": ""X""}",,,,,,,RID,X,,UNKNOWN,carga2
lock_acquired,2026-09-04 05:53:08.898,66,,,,"{""event_name"": ""lock_acquired"", ""timestamp"": ""2026-09-04 05:53:08.898"", ""session_id"": 66, ""resource_type"": ""KEY"", ""mode"": ""X""}",,,,,,,KEY,X,,UNKNOWN,carga2
lock_released,2026-09-04 05:53:10.946,66,,,,"{""event_name"": ""lock_released"", ""timestamp"": ""2026-09-04 05:53:10.946"", ""session_id"": 66, ""resource_type"": ""RID"", ""mode"": ""X""}",,,,,,,RID,X,,UNKNOWN,carga2
lock_released,2026-09-04 05:53:10.946,66,,,,"{""event_name"": ""lock_released"", ""timestamp"": ""2026-09-04 05:53:10.946"", ""session_id"": 66, ""resource_type"": ""KEY"", ""mode"": ""X""}",,,,,,,KEY,X,,UNKNOWN,carga2
login,2026-09-04 05:53:17.014,51,795ec2146175\Administrator,Microsoft SQL Server,SteelNort,"{""event_name"": ""login"", ""timestamp"": ""2026-09-04 05:53:17.014"", ""session_id"": 51, ""login_name"": ""795ec2146175\\Administrator"", ""program_name"": ""Microsoft SQL Server"", ""database_name"": ""SteelNort""}",,,,,,,,,,UNKNOWN,carga2
sql_batch_completed,2026-09-04 05:53:17.014,71,,,SteelNort,"{""event_name"": ""sql_batch_completed"", ""timestamp"": ""2026-09-04 05:53:17.014"", ""database_name"": ""SteelNort"", ""session_id"": 71, ""command"": ""EXECUTE"", ""duration"": 143, ""cpu_time"": 104, ""logical_reads"": 0, ""writes"": 0, ""wait_type"": ""MSQL_XP""}",EXECUTE,143.0,104.0,0.0,0.0,MSQL_XP,,,,USER,carga2
logout,2026-09-04 05:53:19.038,51,,,,"{""event_name"": ""logout"", ""timestamp"": ""2026-09-04 05:53:19.038"", ""session_id"": 51}",,,,,,,,,,UNKNOWN,carga2
sql_batch_completed,2026-09-04 05:53:19.038,71,,,SteelNort,"{""event_name"": ""sql_batch_completed"", ""timestamp"": ""2026-09-04 05:53:19.038"", ""database_name"": ""SteelNort"", ""session_id"": 71, ""command"": ""EXECUTE"", ""duration"": 2167, ""cpu_time"": 104, ""logical_reads"": 0, ""writes"": 0, ""status"": ""completed""}",EXECUTE,2167.0,104.0,0.0,0.0,,,,completed,USER,carga2
sql_batch_completed,2026-09-04 05:53:23.087,60,,,SteelNort,"{""event_name"": ""sql_batch_completed"", ""timestamp"": ""2026-09-04 05:53:23.087"", ""database_name"": ""SteelNort"", ""session_id"": 60, ""command"": ""SELECT"", ""duration"": 5, ""cpu_time"": 0, ""logical_reads"": 0, ""writes"": 0}",SELECT,5.0,0.0,0.0,0.0,,,,,USER,carga2
sql_batch_completed,2026-09-04 05:53:23.087,63,,,SteelNort,"{""event_name"": ""sql_batch_completed"", ""timestamp"": ""2026-09-04 05:53:23.087"", ""database_name"": ""SteelNort"", ""session_id"": 63, ""command"": ""EXECUTE"", ""duration"": 2, ""cpu_time"": 0, ""logical_reads"": 0, ""writes"": 0}",EXECUTE,2.0,0.0,0.0,0.0,,,,,USER,carga2
sql_batch_completed,2026-09-04 05:53:23.087,67,,,SteelNort,"{""event_name"": ""sql_batch_completed"", ""timestamp"": ""2026-09-04 05:53:23.087"", ""database_name"": ""SteelNort"", ""session_id"": 67, ""command"": ""AWAITING COMMAND"", ""duration"": 3, ""cpu_time"": 0, ""logical_reads"": 0, ""writes"": 0}",AWAITING COMMAND,3.0,0.0,0.0,0.0,,,,,UNKNOWN,carga2
sql_batch_completed,2026-09-04 05:53:25.111,67,,,SteelNort,"{""event_name"": ""sql_batch_completed"", ""timestamp"": ""2026-09-04 05:53:25.111"", ""database_name"": ""SteelNort"", ""session_id"": 67, ""command"": ""AWAITING COMMAND"", ""duration"": 2025, ""cpu_time"": 0, ""logical_reads"": 0, ""writes"": 0, ""status"": ""completed""}",AWAITING COMMAND,2025.0,0.0,0.0,0.0,,,,completed,UNKNOWN,carga2
sql_batch_completed,2026-09-04 05:53:25.111,60,,,SteelNort,"{""event_name"": ""sql_batch_completed"", ""timestamp"": ""2026-09-04 05:53:25.111"", ""database_name"": ""SteelNort"", ""session_id"": 60, ""command"": ""SELECT"", ""duration"": 2030, ""cpu_time"": 0, ""logical_reads"": 0, ""writes"": 0, ""status"": ""completed""}",SELECT,2030.0,0.0,0.0,0.0,,,,completed,USER,carga2
sql_batch_completed,2026-09-04 05:53:25.111,63,,,SteelNort,"{""event_name"": ""sql_batch_completed"", ""timestamp"": ""2026-09-04 05:53:25.111"", ""database_name"": ""SteelNort"", ""session_id"": 63, ""command"": ""EXECUTE"", ""duration"": 2027, ""cpu_time"": 0, ""logical_reads"": 0, ""writes"": 0, ""status"": ""completed""}",EXECUTE,2027.0,0.0,0.0,0.0,,,,completed,USER,carga2
sql_batch_completed,2026-09-04 05:53:27.142,66,,,SteelNort,"{""event_name"": ""sql_batch_completed"", ""timestamp"": ""2026-09-04 05:53:27.142"", ""database_name"": ""SteelNort"", ""session_id"": 66, ""command"": ""AWAITING COMMAND"", ""duration"": 5, ""cpu_time"": 0, ""logical_reads"": 0, ""writes"": 0}",AWAITING COMMAND,5.0,0.0,0.0,0.0,,,,,UNKNOWN,carga2
sql_batch_completed,2026-09-04 05:53:29.170,66,,,SteelNort,"{""event_name"": ""sql_batch_completed"", ""timestamp"": ""2026-09-04 05:53:29.170"", ""database_name"": ""SteelNort"", ""session_id"": 66, ""command"": ""AWAITING COMMAND"", ""duration"": 2028, ""cpu_time"": 0, ""logical_reads"": 0, ""writes"": 0, ""status"": ""completed""}",AWAITING COMMAND,2028.0,0.0,0.0,0.0,,,,completed,UNKNOWN,carga2
login,2026-09-04 05:53:31.196,51,795ec2146175\Administrator,Microsoft SQL Server,SteelNort,"{""event_name"": ""login"", ""timestamp"": ""2026-09-04 05:53:31.196"", ""session_id"": 51, ""login_name"": ""795ec2146175\\Administrator"", ""program_name"": ""Microsoft SQL Server"", ""database_name"": ""SteelNort""}",,,,,,,,,,UNKNOWN,carga2
sql_batch_completed,2026-09-04 05:53:31.196,63,,,SteelNort,"{""event_name"": ""sql_batch_completed"", ""timestamp"": ""2026-09-04 05:53:31.196"", ""database_name"": ""SteelNort"", ""session_id"": 63, ""command"": ""AWAITING COMMAND"", ""duration"": 4, ""cpu_time"": 0, ""logical_reads"": 0, ""writes"": 0}",AWAITING COMMAND,4.0,0.0,0.0,0.0,,,,,UNKNOWN,carga2
sql_batch_completed,2026-09-04 05:53:31.196,71,,,SteelNort,"{""event_name"": ""sql_batch_completed"", ""timestamp"": ""2026-09-04 05:53:31.196"", ""database_name"": ""SteelNort"", ""session_id"": 71, ""command"": ""EXECUTE"", ""duration"": 128, ""cpu_time"": 95, ""logical_reads"": 0, ""writes"": 0, ""wait_type"": ""MSQL_XP""}",EXECUTE,128.0,95.0,0.0,0.0,MSQL_XP,,,,USER,carga2
logout,2026-09-04 05:53:33.223,51,,,,"{""event_name"": ""logout"", ""timestamp"": ""2026-09-04 05:53:33.223"", ""session_id"": 51}",,,,,,,,,,UNKNOWN,carga2
wait_info,2026-09-04 05:53:33.223,57,,,master,"{""event_name"": ""wait_info"", ""timestamp"": ""2026-09-04 05:53:33.223"", ""session_id"": 57, ""wait_type"": ""BROKER_TO_FLUSH"", ""database_name"": ""master""}",,,,,,BROKER_TO_FLUSH,,,,UNKNOWN,carga2
sql_batch_completed,2026-09-04 05:53:33.223,63,,,SteelNort,"{""event_name"": ""sql_batch_completed"", ""timestamp"": ""2026-09-04 05:53:33.223"", ""database_name"": ""SteelNort"", ""session_id"": 63, ""command"": ""AWAITING COMMAND"", ""duration"": 2030, ""cpu_time"": 0, ""logical_reads"": 0, ""writes"": 0, ""status"": ""completed""}",AWAITING COMMAND,2030.0,0.0,0.0,0.0,,,,completed,UNKNOWN,carga2
sql_batch_completed,2026-09-04 05:53:33.223,71,,,SteelNort,"{""event_name"": ""sql_batch_completed"", ""timestamp"": ""2026-09-04 05:53:33.223"", ""database_name"": ""SteelNort"", ""session_id"": 71, ""command"": ""EXECUTE"", ""duration"": 2154, ""cpu_time"": 95, ""logical_reads"": 0, ""writes"": 0, ""status"": ""completed""}",EXECUTE,2154.0,95.0,0.0,0.0,,,,completed,USER,carga2
login,2026-09-04 05:53:35.248,51,795ec2146175\Administrator,Microsoft SQL Server,SteelNort,"{""event_name"": ""login"", ""timestamp"": ""2026-09-04 05:53:35.248"", ""session_id"": 51, ""login_name"": ""795ec2146175\\Administrator"", ""program_name"": ""Microsoft SQL Server"", ""database_name"": ""SteelNort""}",,,,,,,,,,UNKNOWN,carga2
sql_batch_completed,2026-09-04 05:53:35.248,71,,,SteelNort,"{""event_name"": ""sql_batch_completed"", ""timestamp"": ""2026-09-04 05:53:35.248"", ""database_name"": ""SteelNort"", ""session_id"": 71, ""command"": ""EXECUTE"", ""duration"": 352, ""cpu_time"": 127, ""logical_reads"": 0, ""writes"": 0, ""wait_type"": ""MSQL_XP""}",EXECUTE,352.0,127.0,0.0,0.0,MSQL_XP,,,,USER,carga2
logout,2026-09-04 05:53:37.274,51,,,,"{""event_name"": ""logout"", ""timestamp"": ""2026-09-04 05:53:37.274"", ""session_id"": 51}",,,,,,,,,,UNKNOWN,carga2
sql_batch_completed,2026-09-04 05:53:37.274,63,,,SteelNort,"{""event_name"": ""sql_batch_completed"", ""timestamp"": ""2026-09-04 05:53:37.274"", ""database_name"": ""SteelNort"", ""session_id"": 63, ""command"": ""EXECUTE"", ""duration"": 6, ""cpu_time"": 0, ""logical_reads"": 0, ""writes"": 0}",EXECUTE,6.0,0.0,0.0,0.0,,,,,USER,carga2
sql_batch_completed,2026-09-04 05:53:37.274,71,,,SteelNort,"{""event_name"": ""sql_batch_completed"", ""timestamp"": ""2026-09-04 05:53:37.274"", ""database_name"": ""SteelNort"", ""session_id"": 71, ""command"": ""EXECUTE"", ""duration"": 2381, ""cpu_time"": 127, ""logical_reads"": 0, ""writes"": 0, ""status"": ""completed""}",EXECUTE,2381.0,127.0,0.0,0.0,,,,completed,USER,carga2
sql_batch_completed,2026-09-04 05:53:39.303,65,,,SteelNort,"{""event_name"": ""sql_batch_completed"", ""timestamp"": ""2026-09-04 05:53:39.303"", ""database_name"": ""SteelNort"", ""session_id"": 65, ""command"": ""EXECUTE"", ""duration"": 3, ""cpu_time"": 0, ""logical_reads"": 0, ""writes"": 0}",EXECUTE,3.0,0.0,0.0,0.0,,,,,USER,carga2
sql_batch_completed,2026-09-04 05:53:39.303,66,,,SteelNort,"{""event_name"": ""sql_batch_completed"", ""timestamp"": ""2026-09-04 05:53:39.303"", ""database_name"": ""SteelNort"", ""session_id"": 66, ""command"": ""EXECUTE"", ""duration"": 4, ""cpu_time"": 0, ""logical_reads"": 0, ""writes"": 0}",EXECUTE,4.0,0.0,0.0,0.0,,,,,USER,carga2
sql_batch_completed,2026-09-04 05:53:39.303,63,,,SteelNort,"{""event_name"": ""sql_batch_completed"", ""timestamp"": ""2026-09-04 05:53:39.303"", ""database_name"": ""SteelNort"", ""session_id"": 63, ""command"": ""EXECUTE"", ""duration"": 2038, ""cpu_time"": 0, ""logical_reads"": 0, ""writes"": 0, ""status"": ""completed""}",EXECUTE,2038.0,0.0,0.0,0.0,,,,completed,USER,carga2
sql_batch_completed,2026-09-04 05:53:41.334,71,,,SteelNort,"{""event_name"": ""sql_batch_completed"", ""timestamp"": ""2026-09-04 05:53:41.334"", ""database_name"": ""SteelNort"", ""session_id"": 71, ""command"": ""EXECUTE"", ""duration"": 38, ""cpu_time"": 27, ""logical_reads"": 0, ""writes"": 0, ""wait_type"": ""MSQL_XP""}",EXECUTE,38.0,27.0,0.0,0.0,MSQL_XP,,,,USER,carga2
sql_batch_completed,2026-09-04 05:53:41.334,65,,,SteelNort,"{""event_name"": ""sql_batch_completed"", ""timestamp"": ""2026-09-04 05:53:41.334"", ""database_name"": ""SteelNort"", ""session_id"": 65, ""command"": ""EXECUTE"", ""duration"": 2036, ""cpu_time"": 0, ""logical_reads"": 0, ""writes"": 0, ""status"": ""completed""}",EXECUTE,2036.0,0.0,0.0,0.0,,,,completed,USER,carga2
sql_batch_completed,2026-09-04 05:53:41.334,66,,,SteelNort,"{""event_name"": ""sql_batch_completed"", ""timestamp"": ""2026-09-04 05:53:41.334"", ""database_name"": ""SteelNort"", ""session_id"": 66, ""command"": ""EXECUTE"", ""duration"": 2037, ""cpu_time"": 0, ""logical_reads"": 0, ""writes"": 0, ""status"": ""completed""}",EXECUTE,2037.0,0.0,0.0,0.0,,,,completed,USER,carga2
sql_batch_completed,2026-09-04 05:53:43.366,71,,,SteelNort,"{""event_name"": ""sql_batch_completed"", ""timestamp"": ""2026-09-04 05:53:43.366"", ""database_name"": ""SteelNort"", ""session_id"": 71, ""command"": ""EXECUTE"", ""duration"": 2071, ""cpu_time"": 27, ""logical_reads"": 0, ""writes"": 0, ""status"": ""completed""}",EXECUTE,2071.0,27.0,0.0,0.0,,,,completed,USER,carga2
sql_batch_completed,2026-09-04 05:53:45.397,70,,,SteelNort,"{""event_name"": ""sql_batch_completed"", ""timestamp"": ""2026-09-04 05:53:45.397"", ""database_name"": ""SteelNort"", ""session_id"": 70, ""command"": ""AWAITING COMMAND"", ""duration"": 5, ""cpu_time"": 0, ""logical_reads"": 0, ""writes"": 0}",AWAITING COMMAND,5.0,0.0,0.0,0.0,,,,,UNKNOWN,carga2
sql_batch_completed,2026-09-04 05:53:47.420,70,,,SteelNort,"{""event_name"": ""sql_batch_completed"", ""timestamp"": ""2026-09-04 05:53:47.420"", ""database_name"": ""SteelNort"", ""session_id"": 70, ""command"": ""AWAITING COMMAND"", ""duration"": 2028, ""cpu_time"": 0, ""logical_reads"": 0, ""writes"": 0, ""status"": ""completed""}",AWAITING COMMAND,2028.0,0.0,0.0,0.0,,,,completed,UNKNOWN,carga2
