timestamp                 metric                    value
2026-09-04 05:39:55       cpu_usr                   0.0
2026-09-04 05:39:55       cpu_sys                   0.0
2026-09-04 05:39:55       cpu_idl                   0.0
2026-09-04 05:39:55       cpu_wai                   0.0
2026-09-04 05:39:55       cpu_stl                   0.0
2026-09-04 05:39:55       memory_percent            42.4
2026-09-04 05:39:55       memory_used_mb            1661
2026-09-04 05:39:55       memory_available_mb       2255
2026-09-04 05:39:55       disk_read_per_sec         36350725
2026-09-04 05:39:55       disk_write_per_sec        0
2026-09-04 05:39:55       net_send_per_sec          55388
2026-09-04 05:39:55       net_recv_per_sec          164565
2026-09-04 05:39:55       load1                     1.40
2026-09-04 05:39:55       load5                     0.50
2026-09-04 05:39:55       load15                    1.70
2026-09-04 05:39:55       active_sessions           23
2026-09-04 05:39:55       active_requests           12
2026-09-04 05:39:55       long_queries              10
2026-09-04 05:39:55       long_transactions         10
2026-09-04 05:39:55       idle_sessions             21
2026-09-04 05:39:55       lock_waits                0
2026-09-04 05:39:55       total_locks               13
2026-09-04 05:39:55       deadlocks_per_sec         0
2026-09-04 05:39:55       page_life_expectancy      41
2026-09-04 05:39:55       buffer_cache_hit_ratio    100.0
2026-09-04 05:39:55       database_size_mb          0
2026-09-04 05:39:55       total_reads               697
2026-09-04 05:39:55       total_writes              76
2026-09-04 05:39:55       venta_locks               0
2026-09-04 05:39:55       detalle_venta_locks       0
2026-09-04 05:39:55       inventario_locks          0
2026-09-04 05:39:55       kardex_locks              0
2026-09-04 05:39:55       caja_locks                0
2026-09-04 05:39:55       movimiento_caja_locks     0
2026-09-04 05:39:55       auditoria_locks           0
2026-09-04 05:39:55       api_status                200
2026-09-04 05:39:55       api_latency_ms            208
2026-09-04 05:39:55       products_count            702
2026-09-04 05:39:55       sales_count               0
2026-09-04 05:40:06       cpu_usr                   43.8
2026-09-04 05:40:06       cpu_sys                   17.5
2026-09-04 05:40:06       cpu_idl                   32.5
2026-09-04 05:40:06       cpu_wai                   0.6
2026-09-04 05:40:06       cpu_stl                   0.0
2026-09-04 05:40:06       memory_percent            44.1
2026-09-04 05:40:06       memory_used_mb            1727
2026-09-04 05:40:06       memory_available_mb       2189
2026-09-04 05:40:06       disk_read_per_sec         16600818
2026-09-04 05:40:06       disk_write_per_sec        1009934
2026-09-04 05:40:06       net_send_per_sec          7436
2026-09-04 05:40:06       net_recv_per_sec          42599
2026-09-04 05:40:06       load1                     2.77
2026-09-04 05:40:06       load5                     0.83
2026-09-04 05:40:06       load15                    1.79
2026-09-04 05:40:06       active_sessions           23
2026-09-04 05:40:06       active_requests           11
2026-09-04 05:40:06       long_queries              10
2026-09-04 05:40:06       long_transactions         10
2026-09-04 05:40:06       idle_sessions             22
2026-09-04 05:40:06       lock_waits                0
2026-09-04 05:40:06       total_locks               13
2026-09-04 05:40:06       deadlocks_per_sec         0
2026-09-04 05:40:06       page_life_expectancy      52
2026-09-04 05:40:06       buffer_cache_hit_ratio    100.0
2026-09-04 05:40:06       transactions_per_sec      89.42
2026-09-04 05:40:06       page_reads_per_sec        0.0
2026-09-04 05:40:06       page_writes_per_sec       0.0
2026-09-04 05:40:06       rollbacks_per_sec         0.0
2026-09-04 05:40:06       batch_requests_per_sec    0.0
2026-09-04 05:40:06       sql_compilations_per_sec  0.0
2026-09-04 05:40:06       database_size_mb          0
2026-09-04 05:40:06       total_reads               701
2026-09-04 05:40:06       total_writes              85
2026-09-04 05:40:06       venta_locks               0
2026-09-04 05:40:06       detalle_venta_locks       0
2026-09-04 05:40:06       inventario_locks          0
2026-09-04 05:40:06       kardex_locks              0
2026-09-04 05:40:06       caja_locks                0
2026-09-04 05:40:06       movimiento_caja_locks     0
2026-09-04 05:40:06       auditoria_locks           0
2026-09-04 05:40:06       api_status                0
2026-09-04 05:40:06       api_latency_ms            5008
2026-09-04 05:40:06       products_count            0
2026-09-04 05:40:06       sales_count               0
2026-09-04 05:40:21       cpu_usr                   54.4
2026-09-04 05:40:21       cpu_sys                   16.8
2026-09-04 05:40:21       cpu_idl                   22.1
2026-09-04 05:40:21       cpu_wai                   0.3
2026-09-04 05:40:21       cpu_stl                   0.0
2026-09-04 05:40:21       memory_percent            44.6
2026-09-04 05:40:21       memory_used_mb            1746
2026-09-04 05:40:21       memory_available_mb       2170
2026-09-04 05:40:21       disk_read_per_sec         95120
2026-09-04 05:40:21       disk_write_per_sec        3939119
2026-09-04 05:40:21       net_send_per_sec          5369
2026-09-04 05:40:21       net_recv_per_sec          51273
2026-09-04 05:40:21       load1                     4.06
2026-09-04 05:40:21       load5                     1.22
2026-09-04 05:40:21       load15                    1.90
2026-09-04 05:40:21       active_sessions           34
2026-09-04 05:40:21       active_requests           24
2026-09-04 05:40:21       long_queries              10
2026-09-04 05:40:21       long_transactions         10
2026-09-04 05:40:21       idle_sessions             32
2026-09-04 05:40:21       lock_waits                0
2026-09-04 05:40:21       total_locks               13
2026-09-04 05:40:21       deadlocks_per_sec         0
2026-09-04 05:40:21       page_life_expectancy      68
2026-09-04 05:40:21       buffer_cache_hit_ratio    100.0
2026-09-04 05:40:21       transactions_per_sec      158.55
2026-09-04 05:40:21       page_reads_per_sec        0.0
2026-09-04 05:40:21       page_writes_per_sec       0.0
2026-09-04 05:40:21       rollbacks_per_sec         0.0
2026-09-04 05:40:21       batch_requests_per_sec    0.0
2026-09-04 05:40:21       sql_compilations_per_sec  0.0
2026-09-04 05:40:21       database_size_mb          0
2026-09-04 05:40:21       total_reads               705
2026-09-04 05:40:21       total_writes              222
2026-09-04 05:40:21       venta_locks               0
2026-09-04 05:40:21       detalle_venta_locks       0
2026-09-04 05:40:21       inventario_locks          0
2026-09-04 05:40:21       kardex_locks              0
2026-09-04 05:40:21       caja_locks                0
2026-09-04 05:40:21       movimiento_caja_locks     0
2026-09-04 05:40:21       auditoria_locks           0
2026-09-04 05:40:21       api_status                0
2026-09-04 05:40:21       api_latency_ms            5008
2026-09-04 05:40:21       products_count            0
2026-09-04 05:40:21       sales_count               0
2026-09-04 05:40:36       cpu_usr                   49.2
2026-09-04 05:40:36       cpu_sys                   16.7
2026-09-04 05:40:36       cpu_idl                   26.6
2026-09-04 05:40:36       cpu_wai                   0.0
2026-09-04 05:40:36       cpu_stl                   0.0
2026-09-04 05:40:36       memory_percent            46.1
2026-09-04 05:40:36       memory_used_mb            1803
2026-09-04 05:40:36       memory_available_mb       2113
2026-09-04 05:40:36       disk_read_per_sec         118115
2026-09-04 05:40:36       disk_write_per_sec        3433691
2026-09-04 05:40:36       net_send_per_sec          5587
2026-09-04 05:40:36       net_recv_per_sec          35752
2026-09-04 05:40:36       load1                     5.33
2026-09-04 05:40:36       load5                     1.63
2026-09-04 05:40:36       load15                    2.03
2026-09-04 05:40:36       active_sessions           34
2026-09-04 05:40:36       active_requests           22
2026-09-04 05:40:36       long_queries              21
2026-09-04 05:40:36       long_transactions         10
2026-09-04 05:40:36       idle_sessions             32
2026-09-04 05:40:36       lock_waits                0
2026-09-04 05:40:36       total_locks               13
2026-09-04 05:40:36       deadlocks_per_sec         0
2026-09-04 05:40:36       page_life_expectancy      83
2026-09-04 05:40:36       buffer_cache_hit_ratio    100.0
2026-09-04 05:40:36       transactions_per_sec      116.99
2026-09-04 05:40:36       page_reads_per_sec        0.0
2026-09-04 05:40:36       page_writes_per_sec       0.0
2026-09-04 05:40:36       rollbacks_per_sec         0.0
2026-09-04 05:40:36       batch_requests_per_sec    0.0
2026-09-04 05:40:36       sql_compilations_per_sec  0.0
2026-09-04 05:40:36       database_size_mb          0
2026-09-04 05:40:36       total_reads               708
2026-09-04 05:40:36       total_writes              228
2026-09-04 05:40:36       venta_locks               0
2026-09-04 05:40:36       detalle_venta_locks       0
2026-09-04 05:40:36       inventario_locks          0
2026-09-04 05:40:36       kardex_locks              0
2026-09-04 05:40:36       caja_locks                0
2026-09-04 05:40:36       movimiento_caja_locks     0
2026-09-04 05:40:36       auditoria_locks           0
2026-09-04 05:40:36       api_status                0
2026-09-04 05:40:36       api_latency_ms            5008
2026-09-04 05:40:36       products_count            0
2026-09-04 05:40:36       sales_count               0
2026-09-04 05:40:52       cpu_usr                   47.9
2026-09-04 05:40:52       cpu_sys                   16.2
2026-09-04 05:40:52       cpu_idl                   28.4
2026-09-04 05:40:52       cpu_wai                   0.1
2026-09-04 05:40:52       cpu_stl                   0.0
2026-09-04 05:40:52       memory_percent            46.7
2026-09-04 05:40:52       memory_used_mb            1828
2026-09-04 05:40:52       memory_available_mb       2088
2026-09-04 05:40:52       disk_read_per_sec         77375
2026-09-04 05:40:52       disk_write_per_sec        4550014
2026-09-04 05:40:52       net_send_per_sec          5767
2026-09-04 05:40:52       net_recv_per_sec          36076
2026-09-04 05:40:52       load1                     5.70
2026-09-04 05:40:52       load5                     1.90
2026-09-04 05:40:52       load15                    2.11
2026-09-04 05:40:52       active_sessions           34
2026-09-04 05:40:52       active_requests           22
2026-09-04 05:40:52       long_queries              21
2026-09-04 05:40:52       long_transactions         21
2026-09-04 05:40:52       idle_sessions             33
2026-09-04 05:40:52       lock_waits                0
2026-09-04 05:40:52       total_locks               13
2026-09-04 05:40:52       deadlocks_per_sec         0
2026-09-04 05:40:52       page_life_expectancy      99
2026-09-04 05:40:52       buffer_cache_hit_ratio    100.0
2026-09-04 05:40:52       transactions_per_sec      121.5
2026-09-04 05:40:52       page_reads_per_sec        0.0
2026-09-04 05:40:52       page_writes_per_sec       0.0
2026-09-04 05:40:52       rollbacks_per_sec         0.0
2026-09-04 05:40:52       batch_requests_per_sec    0.0
2026-09-04 05:40:52       sql_compilations_per_sec  0.0
2026-09-04 05:40:52       database_size_mb          0
2026-09-04 05:40:52       total_reads               708
2026-09-04 05:40:52       total_writes              231
2026-09-04 05:40:52       venta_locks               0
2026-09-04 05:40:52       detalle_venta_locks       0
2026-09-04 05:40:52       inventario_locks          0
2026-09-04 05:40:52       kardex_locks              0
2026-09-04 05:40:52       caja_locks                0
2026-09-04 05:40:52       movimiento_caja_locks     0
2026-09-04 05:40:52       auditoria_locks           0
2026-09-04 05:40:52       api_status                0
2026-09-04 05:40:52       api_latency_ms            5006
2026-09-04 05:40:52       products_count            0
2026-09-04 05:40:52       sales_count               0
2026-09-04 05:41:07       cpu_usr                   47.9
2026-09-04 05:41:07       cpu_sys                   16.4
2026-09-04 05:41:07       cpu_idl                   28.1
2026-09-04 05:41:07       cpu_wai                   0.0
2026-09-04 05:41:07       cpu_stl                   0.0
2026-09-04 05:41:07       memory_percent            46.9
2026-09-04 05:41:07       memory_used_mb            1835
2026-09-04 05:41:07       memory_available_mb       2081
2026-09-04 05:41:07       disk_read_per_sec         62122
2026-09-04 05:41:07       disk_write_per_sec        3899071
2026-09-04 05:41:07       net_send_per_sec          5726
2026-09-04 05:41:07       net_recv_per_sec          34020
2026-09-04 05:41:07       load1                     5.89
2026-09-04 05:41:07       load5                     2.12
2026-09-04 05:41:07       load15                    2.18
2026-09-04 05:41:07       active_sessions           34
2026-09-04 05:41:07       active_requests           23
2026-09-04 05:41:07       long_queries              21
2026-09-04 05:41:07       long_transactions         21
2026-09-04 05:41:07       idle_sessions             33
2026-09-04 05:41:07       lock_waits                0
2026-09-04 05:41:07       total_locks               13
2026-09-04 05:41:07       deadlocks_per_sec         0
2026-09-04 05:41:07       page_life_expectancy      114
2026-09-04 05:41:07       buffer_cache_hit_ratio    100.0
2026-09-04 05:41:07       transactions_per_sec      78.34
2026-09-04 05:41:07       page_reads_per_sec        0.0
2026-09-04 05:41:07       page_writes_per_sec       0.0
2026-09-04 05:41:07       rollbacks_per_sec         0.0
2026-09-04 05:41:07       batch_requests_per_sec    0.0
2026-09-04 05:41:07       sql_compilations_per_sec  0.0
2026-09-04 05:41:07       database_size_mb          0
2026-09-04 05:41:07       total_reads               708
2026-09-04 05:41:07       total_writes              234
2026-09-04 05:41:07       venta_locks               0
2026-09-04 05:41:07       detalle_venta_locks       0
2026-09-04 05:41:07       inventario_locks          0
2026-09-04 05:41:07       kardex_locks              0
2026-09-04 05:41:07       caja_locks                0
2026-09-04 05:41:07       movimiento_caja_locks     0
2026-09-04 05:41:07       auditoria_locks           0
2026-09-04 05:41:07       api_status                0
2026-09-04 05:41:07       api_latency_ms            5007
2026-09-04 05:41:07       products_count            0
2026-09-04 05:41:07       sales_count               0
2026-09-04 05:41:22       cpu_usr                   47.2
2026-09-04 05:41:22       cpu_sys                   16.6
2026-09-04 05:41:22       cpu_idl                   28.2
2026-09-04 05:41:22       cpu_wai                   0.0
2026-09-04 05:41:22       cpu_stl                   0.0
2026-09-04 05:41:22       memory_percent            47.0
2026-09-04 05:41:22       memory_used_mb            1842
2026-09-04 05:41:22       memory_available_mb       2075
2026-09-04 05:41:22       disk_read_per_sec         90402
2026-09-04 05:41:22       disk_write_per_sec        4310519
2026-09-04 05:41:22       net_send_per_sec          5417
2026-09-04 05:41:22       net_recv_per_sec          33162
2026-09-04 05:41:22       load1                     6.41
2026-09-04 05:41:22       load5                     2.41
2026-09-04 05:41:22       load15                    2.27
2026-09-04 05:41:22       active_sessions           34
2026-09-04 05:41:22       active_requests           23
2026-09-04 05:41:22       long_queries              21
2026-09-04 05:41:22       long_transactions         21
2026-09-04 05:41:22       idle_sessions             33
2026-09-04 05:41:22       lock_waits                0
2026-09-04 05:41:22       total_locks               14
2026-09-04 05:41:22       deadlocks_per_sec         0
2026-09-04 05:41:22       page_life_expectancy      129
2026-09-04 05:41:22       buffer_cache_hit_ratio    100.0
2026-09-04 05:41:22       transactions_per_sec      122.05
2026-09-04 05:41:22       page_reads_per_sec        0.0
2026-09-04 05:41:22       page_writes_per_sec       0.0
2026-09-04 05:41:22       rollbacks_per_sec         0.0
2026-09-04 05:41:22       batch_requests_per_sec    0.0
2026-09-04 05:41:22       sql_compilations_per_sec  0.0
2026-09-04 05:41:22       database_size_mb          0
2026-09-04 05:41:22       total_reads               708
2026-09-04 05:41:22       total_writes              237
2026-09-04 05:41:22       venta_locks               0
2026-09-04 05:41:22       detalle_venta_locks       0
2026-09-04 05:41:22       inventario_locks          0
2026-09-04 05:41:22       kardex_locks              0
2026-09-04 05:41:22       caja_locks                0
2026-09-04 05:41:22       movimiento_caja_locks     0
2026-09-04 05:41:22       auditoria_locks           0
2026-09-04 05:41:22       api_status                0
2026-09-04 05:41:22       api_latency_ms            5007
2026-09-04 05:41:22       products_count            0
2026-09-04 05:41:22       sales_count               0
2026-09-04 05:41:37       cpu_usr                   47.8
2026-09-04 05:41:37       cpu_sys                   16.2
2026-09-04 05:41:37       cpu_idl                   28.3
2026-09-04 05:41:37       cpu_wai                   0.3
2026-09-04 05:41:37       cpu_stl                   0.0
2026-09-04 05:41:37       memory_percent            47.6
2026-09-04 05:41:37       memory_used_mb            1865
2026-09-04 05:41:37       memory_available_mb       2051
2026-09-04 05:41:37       disk_read_per_sec         191286
2026-09-04 05:41:37       disk_write_per_sec        6567829
2026-09-04 05:41:37       net_send_per_sec          5725
2026-09-04 05:41:37       net_recv_per_sec          38754
2026-09-04 05:41:37       load1                     7.41
2026-09-04 05:41:37       load5                     2.83
2026-09-04 05:41:37       load15                    2.41
2026-09-04 05:41:37       active_sessions           34
2026-09-04 05:41:37       active_requests           22
2026-09-04 05:41:37       long_queries              21
2026-09-04 05:41:37       long_transactions         21
2026-09-04 05:41:37       idle_sessions             33
2026-09-04 05:41:37       lock_waits                0
2026-09-04 05:41:37       total_locks               13
2026-09-04 05:41:37       deadlocks_per_sec         0
2026-09-04 05:41:37       page_life_expectancy      144
2026-09-04 05:41:37       buffer_cache_hit_ratio    100.0
2026-09-04 05:41:37       transactions_per_sec      152.15
2026-09-04 05:41:37       page_reads_per_sec        0.0
2026-09-04 05:41:37       page_writes_per_sec       0.0
2026-09-04 05:41:37       rollbacks_per_sec         0.0
2026-09-04 05:41:37       batch_requests_per_sec    0.0
2026-09-04 05:41:37       sql_compilations_per_sec  0.0
2026-09-04 05:41:37       database_size_mb          0
2026-09-04 05:41:37       total_reads               708
2026-09-04 05:41:37       total_writes              245
2026-09-04 05:41:37       venta_locks               0
2026-09-04 05:41:37       detalle_venta_locks       0
2026-09-04 05:41:37       inventario_locks          0
2026-09-04 05:41:37       kardex_locks              0
2026-09-04 05:41:37       caja_locks                0
2026-09-04 05:41:37       movimiento_caja_locks     0
2026-09-04 05:41:37       auditoria_locks           0
2026-09-04 05:41:37       api_status                0
2026-09-04 05:41:37       api_latency_ms            5007
2026-09-04 05:41:37       products_count            0
2026-09-04 05:41:37       sales_count               0
2026-09-04 05:41:53       cpu_usr                   45.5
2026-09-04 05:41:53       cpu_sys                   17.5
2026-09-04 05:41:53       cpu_idl                   29.2
2026-09-04 05:41:53       cpu_wai                   0.1
2026-09-04 05:41:53       cpu_stl                   0.0
2026-09-04 05:41:53       memory_percent            48.0
2026-09-04 05:41:53       memory_used_mb            1878
2026-09-04 05:41:53       memory_available_mb       2038
2026-09-04 05:41:53       disk_read_per_sec         35589
2026-09-04 05:41:53       disk_write_per_sec        4437592
2026-09-04 05:41:53       net_send_per_sec          5513
2026-09-04 05:41:53       net_recv_per_sec          35962
2026-09-04 05:41:53       load1                     8.21
2026-09-04 05:41:53       load5                     3.23
2026-09-04 05:41:53       load15                    2.55
2026-09-04 05:41:53       active_sessions           34
2026-09-04 05:41:53       active_requests           22
2026-09-04 05:41:53       long_queries              21
2026-09-04 05:41:53       long_transactions         21
2026-09-04 05:41:53       idle_sessions             30
2026-09-04 05:41:53       lock_waits                0
2026-09-04 05:41:53       total_locks               13
2026-09-04 05:41:53       deadlocks_per_sec         0
2026-09-04 05:41:53       page_life_expectancy      159
2026-09-04 05:41:53       buffer_cache_hit_ratio    100.0
2026-09-04 05:41:53       transactions_per_sec      148.96
2026-09-04 05:41:53       page_reads_per_sec        0.0
2026-09-04 05:41:53       page_writes_per_sec       0.0
2026-09-04 05:41:53       rollbacks_per_sec         0.0
2026-09-04 05:41:53       batch_requests_per_sec    0.0
2026-09-04 05:41:53       sql_compilations_per_sec  0.0
2026-09-04 05:41:53       database_size_mb          0
2026-09-04 05:41:53       total_reads               708
2026-09-04 05:41:53       total_writes              252
2026-09-04 05:41:53       venta_locks               0
2026-09-04 05:41:53       detalle_venta_locks       0
2026-09-04 05:41:53       inventario_locks          0
2026-09-04 05:41:53       kardex_locks              0
2026-09-04 05:41:53       caja_locks                0
2026-09-04 05:41:53       movimiento_caja_locks     0
2026-09-04 05:41:53       auditoria_locks           0
2026-09-04 05:41:53       api_status                0
2026-09-04 05:41:53       api_latency_ms            5006
2026-09-04 05:41:53       products_count            0
2026-09-04 05:41:53       sales_count               0
2026-09-04 05:42:08       cpu_usr                   45.9
2026-09-04 05:42:08       cpu_sys                   17.3
2026-09-04 05:42:08       cpu_idl                   29.3
2026-09-04 05:42:08       cpu_wai                   0.1
2026-09-04 05:42:08       cpu_stl                   0.0
2026-09-04 05:42:08       memory_percent            48.5
2026-09-04 05:42:08       memory_used_mb            1898
2026-09-04 05:42:08       memory_available_mb       2018
2026-09-04 05:42:08       disk_read_per_sec         119909
2026-09-04 05:42:08       disk_write_per_sec        7372537
2026-09-04 05:42:08       net_send_per_sec          5737
2026-09-04 05:42:08       net_recv_per_sec          36811
2026-09-04 05:42:08       load1                     8.26
2026-09-04 05:42:08       load5                     3.48
2026-09-04 05:42:08       load15                    2.65
2026-09-04 05:42:08       active_sessions           34
2026-09-04 05:42:08       active_requests           23
2026-09-04 05:42:08       long_queries              21
2026-09-04 05:42:08       long_transactions         21
2026-09-04 05:42:08       idle_sessions             33
2026-09-04 05:42:08       lock_waits                0
2026-09-04 05:42:08       total_locks               13
2026-09-04 05:42:08       deadlocks_per_sec         0
2026-09-04 05:42:08       page_life_expectancy      174
2026-09-04 05:42:08       buffer_cache_hit_ratio    100.0
2026-09-04 05:42:08       transactions_per_sec      181.06
2026-09-04 05:42:08       page_reads_per_sec        0.0
2026-09-04 05:42:08       page_writes_per_sec       0.0
2026-09-04 05:42:08       rollbacks_per_sec         0.0
2026-09-04 05:42:08       batch_requests_per_sec    0.0
2026-09-04 05:42:08       sql_compilations_per_sec  0.0
2026-09-04 05:42:08       database_size_mb          0
2026-09-04 05:42:08       total_reads               708
2026-09-04 05:42:08       total_writes              263
2026-09-04 05:42:08       venta_locks               0
2026-09-04 05:42:08       detalle_venta_locks       0
2026-09-04 05:42:08       inventario_locks          0
2026-09-04 05:42:08       kardex_locks              0
2026-09-04 05:42:08       caja_locks                0
2026-09-04 05:42:08       movimiento_caja_locks     0
2026-09-04 05:42:08       auditoria_locks           0
2026-09-04 05:42:08       api_status                0
2026-09-04 05:42:08       api_latency_ms            5007
2026-09-04 05:42:08       products_count            0
2026-09-04 05:42:08       sales_count               0
2026-09-04 05:42:23       cpu_usr                   45.5
2026-09-04 05:42:23       cpu_sys                   16.8
2026-09-04 05:42:23       cpu_idl                   29.7
2026-09-04 05:42:23       cpu_wai                   0.1
2026-09-04 05:42:23       cpu_stl                   0.0
2026-09-04 05:42:23       memory_percent            48.6
2026-09-04 05:42:23       memory_used_mb            1904
2026-09-04 05:42:23       memory_available_mb       2012
2026-09-04 05:42:23       disk_read_per_sec         47564
2026-09-04 05:42:23       disk_write_per_sec        3778376
2026-09-04 05:42:23       net_send_per_sec          5818
2026-09-04 05:42:23       net_recv_per_sec          39675
2026-09-04 05:42:23       load1                     7.47
2026-09-04 05:42:23       load5                     3.54
2026-09-04 05:42:23       load15                    2.68
2026-09-04 05:42:23       active_sessions           34
2026-09-04 05:42:23       active_requests           22
2026-09-04 05:42:23       long_queries              21
2026-09-04 05:42:23       long_transactions         21
2026-09-04 05:42:23       idle_sessions             33
2026-09-04 05:42:23       lock_waits                0
2026-09-04 05:42:23       total_locks               13
2026-09-04 05:42:23       deadlocks_per_sec         0
2026-09-04 05:42:23       page_life_expectancy      189
2026-09-04 05:42:23       buffer_cache_hit_ratio    100.0
2026-09-04 05:42:23       transactions_per_sec      165.01
2026-09-04 05:42:23       page_reads_per_sec        0.0
2026-09-04 05:42:23       page_writes_per_sec       0.0
2026-09-04 05:42:23       rollbacks_per_sec         0.0
2026-09-04 05:42:23       batch_requests_per_sec    0.0
2026-09-04 05:42:23       sql_compilations_per_sec  0.0
2026-09-04 05:42:23       database_size_mb          0
2026-09-04 05:42:23       total_reads               708
2026-09-04 05:42:23       total_writes              265
2026-09-04 05:42:23       venta_locks               0
2026-09-04 05:42:23       detalle_venta_locks       0
2026-09-04 05:42:23       inventario_locks          0
2026-09-04 05:42:23       kardex_locks              0
2026-09-04 05:42:23       caja_locks                0
2026-09-04 05:42:23       movimiento_caja_locks     0
2026-09-04 05:42:23       auditoria_locks           0
2026-09-04 05:42:23       api_status                0
2026-09-04 05:42:23       api_latency_ms            5003
2026-09-04 05:42:23       products_count            0
2026-09-04 05:42:23       sales_count               0
2026-09-04 05:42:38       cpu_usr                   45.7
2026-09-04 05:42:38       cpu_sys                   17.3
2026-09-04 05:42:38       cpu_idl                   29.1
2026-09-04 05:42:38       cpu_wai                   0.1
2026-09-04 05:42:38       cpu_stl                   0.0
2026-09-04 05:42:38       memory_percent            48.9
2026-09-04 05:42:38       memory_used_mb            1916
2026-09-04 05:42:38       memory_available_mb       2000
2026-09-04 05:42:38       disk_read_per_sec         94836
2026-09-04 05:42:38       disk_write_per_sec        6796010
2026-09-04 05:42:38       net_send_per_sec          5880
2026-09-04 05:42:38       net_recv_per_sec          38059
2026-09-04 05:42:38       load1                     7.55
2026-09-04 05:42:38       load5                     3.76
2026-09-04 05:42:38       load15                    2.76
2026-09-04 05:42:38       active_sessions           34
2026-09-04 05:42:38       active_requests           23
2026-09-04 05:42:38       long_queries              21
2026-09-04 05:42:38       long_transactions         21
2026-09-04 05:42:38       idle_sessions             32
2026-09-04 05:42:38       lock_waits                0
2026-09-04 05:42:38       total_locks               13
2026-09-04 05:42:38       deadlocks_per_sec         0
2026-09-04 05:42:38       page_life_expectancy      204
2026-09-04 05:42:38       buffer_cache_hit_ratio    100.0
2026-09-04 05:42:38       transactions_per_sec      220.19
2026-09-04 05:42:38       page_reads_per_sec        0.0
2026-09-04 05:42:38       page_writes_per_sec       0.0
2026-09-04 05:42:38       rollbacks_per_sec         0.0
2026-09-04 05:42:38       batch_requests_per_sec    0.0
2026-09-04 05:42:38       sql_compilations_per_sec  0.0
2026-09-04 05:42:38       database_size_mb          0
2026-09-04 05:42:38       total_reads               708
2026-09-04 05:42:38       total_writes              272
2026-09-04 05:42:38       venta_locks               0
2026-09-04 05:42:38       detalle_venta_locks       0
2026-09-04 05:42:38       inventario_locks          0
2026-09-04 05:42:38       kardex_locks              0
2026-09-04 05:42:38       caja_locks                0
2026-09-04 05:42:38       movimiento_caja_locks     0
2026-09-04 05:42:38       auditoria_locks           0
2026-09-04 05:42:38       api_status                0
2026-09-04 05:42:38       api_latency_ms            5008
2026-09-04 05:42:38       products_count            0
2026-09-04 05:42:38       sales_count               0
2026-09-04 05:42:53       cpu_usr                   46.4
2026-09-04 05:42:53       cpu_sys                   17.0
2026-09-04 05:42:53       cpu_idl                   28.9
2026-09-04 05:42:53       cpu_wai                   0.1
2026-09-04 05:42:53       cpu_stl                   0.0
2026-09-04 05:42:53       memory_percent            50.2
2026-09-04 05:42:53       memory_used_mb            1965
2026-09-04 05:42:53       memory_available_mb       1951
2026-09-04 05:42:53       disk_read_per_sec         163870
2026-09-04 05:42:53       disk_write_per_sec        3361890
2026-09-04 05:42:53       net_send_per_sec          5579
2026-09-04 05:42:53       net_recv_per_sec          34804
2026-09-04 05:42:53       load1                     8.52
2026-09-04 05:42:53       load5                     4.16
2026-09-04 05:42:53       load15                    2.91
2026-09-04 05:42:53       active_sessions           34
2026-09-04 05:42:53       active_requests           22
2026-09-04 05:42:53       long_queries              21
2026-09-04 05:42:53       long_transactions         21
2026-09-04 05:42:53       idle_sessions             33
2026-09-04 05:42:53       lock_waits                0
2026-09-04 05:42:53       total_locks               13
2026-09-04 05:42:53       deadlocks_per_sec         0
2026-09-04 05:42:53       page_life_expectancy      220
2026-09-04 05:42:53       buffer_cache_hit_ratio    100.0
2026-09-04 05:42:53       transactions_per_sec      172.16
2026-09-04 05:42:53       page_reads_per_sec        0.0
2026-09-04 05:42:53       page_writes_per_sec       0.0
2026-09-04 05:42:53       rollbacks_per_sec         0.0
2026-09-04 05:42:53       batch_requests_per_sec    0.0
2026-09-04 05:42:53       sql_compilations_per_sec  0.0
2026-09-04 05:42:53       database_size_mb          0
2026-09-04 05:42:53       total_reads               708
2026-09-04 05:42:53       total_writes              278
2026-09-04 05:42:53       venta_locks               0
2026-09-04 05:42:53       detalle_venta_locks       0
2026-09-04 05:42:53       inventario_locks          0
2026-09-04 05:42:53       kardex_locks              0
2026-09-04 05:42:53       caja_locks                0
2026-09-04 05:42:53       movimiento_caja_locks     0
2026-09-04 05:42:53       auditoria_locks           0
2026-09-04 05:42:53       api_status                0
2026-09-04 05:42:53       api_latency_ms            5006
2026-09-04 05:42:53       products_count            0
2026-09-04 05:42:53       sales_count               0
2026-09-04 05:43:08       cpu_usr                   47.2
2026-09-04 05:43:08       cpu_sys                   15.8
2026-09-04 05:43:08       cpu_idl                   29.3
2026-09-04 05:43:08       cpu_wai                   0.1
2026-09-04 05:43:08       cpu_stl                   0.0
2026-09-04 05:43:08       memory_percent            50.1
2026-09-04 05:43:08       memory_used_mb            1961
2026-09-04 05:43:08       memory_available_mb       1955
2026-09-04 05:43:08       disk_read_per_sec         68552
2026-09-04 05:43:08       disk_write_per_sec        3099128
2026-09-04 05:43:08       net_send_per_sec          5579
2026-09-04 05:43:08       net_recv_per_sec          36629
2026-09-04 05:43:08       load1                     8.23
2026-09-04 05:43:08       load5                     4.32
2026-09-04 05:43:08       load15                    2.98
2026-09-04 05:43:08       active_sessions           35
2026-09-04 05:43:08       active_requests           24
2026-09-04 05:43:08       long_queries              21
2026-09-04 05:43:08       long_transactions         21
2026-09-04 05:43:08       idle_sessions             32
2026-09-04 05:43:08       lock_waits                0
2026-09-04 05:43:08       total_locks               13
2026-09-04 05:43:08       deadlocks_per_sec         0
2026-09-04 05:43:08       page_life_expectancy      235
2026-09-04 05:43:08       buffer_cache_hit_ratio    100.0
2026-09-04 05:43:08       transactions_per_sec      84.67
2026-09-04 05:43:08       page_reads_per_sec        0.0
2026-09-04 05:43:08       page_writes_per_sec       0.0
2026-09-04 05:43:08       rollbacks_per_sec         0.0
2026-09-04 05:43:08       batch_requests_per_sec    0.0
2026-09-04 05:43:08       sql_compilations_per_sec  0.0
2026-09-04 05:43:08       database_size_mb          0
2026-09-04 05:43:08       total_reads               708
2026-09-04 05:43:08       total_writes              289
2026-09-04 05:43:08       venta_locks               0
2026-09-04 05:43:08       detalle_venta_locks       0
2026-09-04 05:43:08       inventario_locks          0
2026-09-04 05:43:08       kardex_locks              0
2026-09-04 05:43:08       caja_locks                0
2026-09-04 05:43:08       movimiento_caja_locks     0
2026-09-04 05:43:08       auditoria_locks           0
2026-09-04 05:43:08       api_status                0
2026-09-04 05:43:08       api_latency_ms            5007
2026-09-04 05:43:08       products_count            0
2026-09-04 05:43:08       sales_count               0
2026-09-04 05:43:24       cpu_usr                   45.3
2026-09-04 05:43:24       cpu_sys                   16.9
2026-09-04 05:43:24       cpu_idl                   30.0
2026-09-04 05:43:24       cpu_wai                   0.1
2026-09-04 05:43:24       cpu_stl                   0.0
2026-09-04 05:43:24       memory_percent            50.1
2026-09-04 05:43:24       memory_used_mb            1964
2026-09-04 05:43:24       memory_available_mb       1953
2026-09-04 05:43:24       disk_read_per_sec         38334
2026-09-04 05:43:24       disk_write_per_sec        4727264
2026-09-04 05:43:24       net_send_per_sec          5606
2026-09-04 05:43:24       net_recv_per_sec          36204
2026-09-04 05:43:24       load1                     8.16
2026-09-04 05:43:24       load5                     4.50
2026-09-04 05:43:24       load15                    3.06
2026-09-04 05:43:24       active_sessions           34
2026-09-04 05:43:24       active_requests           23
2026-09-04 05:43:24       long_queries              21
2026-09-04 05:43:24       long_transactions         21
2026-09-04 05:43:24       idle_sessions             33
2026-09-04 05:43:24       lock_waits                0
2026-09-04 05:43:24       total_locks               13
2026-09-04 05:43:24       deadlocks_per_sec         0
2026-09-04 05:43:24       page_life_expectancy      250
2026-09-04 05:43:24       buffer_cache_hit_ratio    100.0
2026-09-04 05:43:24       transactions_per_sec      157.78
2026-09-04 05:43:24       page_reads_per_sec        0.0
2026-09-04 05:43:24       page_writes_per_sec       0.0
2026-09-04 05:43:24       rollbacks_per_sec         0.0
2026-09-04 05:43:24       batch_requests_per_sec    0.0
2026-09-04 05:43:24       sql_compilations_per_sec  0.0
2026-09-04 05:43:24       database_size_mb          0
2026-09-04 05:43:24       total_reads               708
2026-09-04 05:43:24       total_writes              292
2026-09-04 05:43:24       venta_locks               0
2026-09-04 05:43:24       detalle_venta_locks       0
2026-09-04 05:43:24       inventario_locks          0
2026-09-04 05:43:24       kardex_locks              0
2026-09-04 05:43:24       caja_locks                0
2026-09-04 05:43:24       movimiento_caja_locks     0
2026-09-04 05:43:24       auditoria_locks           0
2026-09-04 05:43:24       api_status                0
2026-09-04 05:43:24       api_latency_ms            5009
2026-09-04 05:43:24       products_count            0
2026-09-04 05:43:24       sales_count               0
2026-09-04 05:43:39       cpu_usr                   47.2
2026-09-04 05:43:39       cpu_sys                   17.0
2026-09-04 05:43:39       cpu_idl                   28.1
2026-09-04 05:43:39       cpu_wai                   0.1
2026-09-04 05:43:39       cpu_stl                   0.0
2026-09-04 05:43:39       memory_percent            50.2
2026-09-04 05:43:39       memory_used_mb            1967
2026-09-04 05:43:39       memory_available_mb       1949
2026-09-04 05:43:39       disk_read_per_sec         129432
2026-09-04 05:43:39       disk_write_per_sec        4347249
2026-09-04 05:43:39       net_send_per_sec          5769
2026-09-04 05:43:39       net_recv_per_sec          36148
2026-09-04 05:43:39       load1                     8.85
2026-09-04 05:43:39       load5                     4.83
2026-09-04 05:43:39       load15                    3.20
2026-09-04 05:43:39       active_sessions           34
2026-09-04 05:43:39       active_requests           23
2026-09-04 05:43:39       long_queries              21
2026-09-04 05:43:39       long_transactions         21
2026-09-04 05:43:39       idle_sessions             33
2026-09-04 05:43:39       lock_waits                0
2026-09-04 05:43:39       total_locks               14
2026-09-04 05:43:39       deadlocks_per_sec         0
2026-09-04 05:43:39       page_life_expectancy      266
2026-09-04 05:43:39       buffer_cache_hit_ratio    100.0
2026-09-04 05:43:39       transactions_per_sec      182.71
2026-09-04 05:43:39       page_reads_per_sec        0.0
2026-09-04 05:43:39       page_writes_per_sec       0.0
2026-09-04 05:43:39       rollbacks_per_sec         0.0
2026-09-04 05:43:39       batch_requests_per_sec    0.0
2026-09-04 05:43:39       sql_compilations_per_sec  0.0
2026-09-04 05:43:39       database_size_mb          0
2026-09-04 05:43:39       total_reads               708
2026-09-04 05:43:39       total_writes              294
2026-09-04 05:43:39       venta_locks               0
2026-09-04 05:43:39       detalle_venta_locks       0
2026-09-04 05:43:39       inventario_locks          0
2026-09-04 05:43:39       kardex_locks              0
2026-09-04 05:43:39       caja_locks                0
2026-09-04 05:43:39       movimiento_caja_locks     0
2026-09-04 05:43:39       auditoria_locks           0
2026-09-04 05:43:39       api_status                0
2026-09-04 05:43:39       api_latency_ms            5004
2026-09-04 05:43:39       products_count            0
2026-09-04 05:43:39       sales_count               0
2026-09-04 05:43:54       cpu_usr                   46.1
2026-09-04 05:43:54       cpu_sys                   17.4
2026-09-04 05:43:54       cpu_idl                   28.4
2026-09-04 05:43:54       cpu_wai                   0.3
2026-09-04 05:43:54       cpu_stl                   0.0
2026-09-04 05:43:54       memory_percent            50.9
2026-09-04 05:43:54       memory_used_mb            1991
2026-09-04 05:43:54       memory_available_mb       1925
2026-09-04 05:43:54       disk_read_per_sec         179809
2026-09-04 05:43:54       disk_write_per_sec        4707663
2026-09-04 05:43:54       net_send_per_sec          5547
2026-09-04 05:43:54       net_recv_per_sec          33919
2026-09-04 05:43:54       load1                     8.23
2026-09-04 05:43:54       load5                     4.89
2026-09-04 05:43:54       load15                    3.24
2026-09-04 05:43:54       active_sessions           34
2026-09-04 05:43:54       active_requests           22
2026-09-04 05:43:54       long_queries              21
2026-09-04 05:43:54       long_transactions         21
2026-09-04 05:43:54       idle_sessions             33
2026-09-04 05:43:54       lock_waits                0
2026-09-04 05:43:54       total_locks               14
2026-09-04 05:43:54       deadlocks_per_sec         0
2026-09-04 05:43:54       page_life_expectancy      281
2026-09-04 05:43:54       buffer_cache_hit_ratio    100.0
2026-09-04 05:43:54       transactions_per_sec      155.58
2026-09-04 05:43:54       page_reads_per_sec        0.0
2026-09-04 05:43:54       page_writes_per_sec       0.0
2026-09-04 05:43:54       rollbacks_per_sec         0.0
2026-09-04 05:43:54       batch_requests_per_sec    0.0
2026-09-04 05:43:54       sql_compilations_per_sec  0.0
2026-09-04 05:43:54       database_size_mb          0
2026-09-04 05:43:54       total_reads               708
2026-09-04 05:43:54       total_writes              419
2026-09-04 05:43:54       venta_locks               0
2026-09-04 05:43:54       detalle_venta_locks       0
2026-09-04 05:43:54       inventario_locks          0
2026-09-04 05:43:54       kardex_locks              0
2026-09-04 05:43:54       caja_locks                0
2026-09-04 05:43:54       movimiento_caja_locks     0
2026-09-04 05:43:54       auditoria_locks           0
2026-09-04 05:43:54       api_status                0
2026-09-04 05:43:54       api_latency_ms            5007
2026-09-04 05:43:54       products_count            0
2026-09-04 05:43:54       sales_count               0
2026-09-04 05:44:09       cpu_usr                   46.4
2026-09-04 05:44:09       cpu_sys                   17.0
2026-09-04 05:44:09       cpu_idl                   28.8
2026-09-04 05:44:09       cpu_wai                   0.2
2026-09-04 05:44:09       cpu_stl                   0.0
2026-09-04 05:44:09       memory_percent            51.1
2026-09-04 05:44:09       memory_used_mb            2001
2026-09-04 05:44:09       memory_available_mb       1915
2026-09-04 05:44:09       disk_read_per_sec         305220
2026-09-04 05:44:09       disk_write_per_sec        4947145
2026-09-04 05:44:09       net_send_per_sec          5812
2026-09-04 05:44:09       net_recv_per_sec          37590
2026-09-04 05:44:09       load1                     8.09
2026-09-04 05:44:09       load5                     5.03
2026-09-04 05:44:09       load15                    3.31
2026-09-04 05:44:09       active_sessions           34
2026-09-04 05:44:09       active_requests           22
2026-09-04 05:44:09       long_queries              21
2026-09-04 05:44:09       long_transactions         21
2026-09-04 05:44:09       idle_sessions             33
2026-09-04 05:44:09       lock_waits                0
2026-09-04 05:44:09       total_locks               13
2026-09-04 05:44:09       deadlocks_per_sec         0
2026-09-04 05:44:09       page_life_expectancy      296
2026-09-04 05:44:09       buffer_cache_hit_ratio    100.0
2026-09-04 05:44:09       transactions_per_sec      218.81
2026-09-04 05:44:09       page_reads_per_sec        0.0
2026-09-04 05:44:09       page_writes_per_sec       0.0
2026-09-04 05:44:09       rollbacks_per_sec         0.0
2026-09-04 05:44:09       batch_requests_per_sec    0.0
2026-09-04 05:44:09       sql_compilations_per_sec  0.0
2026-09-04 05:44:09       database_size_mb          0
2026-09-04 05:44:09       total_reads               708
2026-09-04 05:44:09       total_writes              501
2026-09-04 05:44:09       venta_locks               0
2026-09-04 05:44:09       detalle_venta_locks       0
2026-09-04 05:44:09       inventario_locks          0
2026-09-04 05:44:09       kardex_locks              0
2026-09-04 05:44:09       caja_locks                0
2026-09-04 05:44:09       movimiento_caja_locks     0
2026-09-04 05:44:09       auditoria_locks           0
2026-09-04 05:44:09       api_status                0
2026-09-04 05:44:09       api_latency_ms            5008
2026-09-04 05:44:09       products_count            0
2026-09-04 05:44:09       sales_count               0
2026-09-04 05:44:24       cpu_usr                   47.8
2026-09-04 05:44:24       cpu_sys                   17.8
2026-09-04 05:44:24       cpu_idl                   27.1
2026-09-04 05:44:24       cpu_wai                   0.2
2026-09-04 05:44:24       cpu_stl                   0.0
2026-09-04 05:44:24       memory_percent            52.9
2026-09-04 05:44:24       memory_used_mb            2071
2026-09-04 05:44:24       memory_available_mb       1845
2026-09-04 05:44:24       disk_read_per_sec         10825549
2026-09-04 05:44:24       disk_write_per_sec        3743376
2026-09-04 05:44:24       net_send_per_sec          5516
2026-09-04 05:44:24       net_recv_per_sec          34798
2026-09-04 05:44:24       load1                     7.78
2026-09-04 05:44:24       load5                     5.11
2026-09-04 05:44:24       load15                    3.37
2026-09-04 05:44:24       active_sessions           35
2026-09-04 05:44:24       active_requests           22
2026-09-04 05:44:24       long_queries              21
2026-09-04 05:44:24       long_transactions         21
2026-09-04 05:44:24       idle_sessions             33
2026-09-04 05:44:24       lock_waits                0
2026-09-04 05:44:24       total_locks               13
2026-09-04 05:44:24       deadlocks_per_sec         0
2026-09-04 05:44:24       page_life_expectancy      311
2026-09-04 05:44:24       buffer_cache_hit_ratio    100.0
2026-09-04 05:44:24       transactions_per_sec      112.75
2026-09-04 05:44:24       page_reads_per_sec        0.0
2026-09-04 05:44:24       page_writes_per_sec       0.0
2026-09-04 05:44:24       rollbacks_per_sec         0.0
2026-09-04 05:44:24       batch_requests_per_sec    0.0
2026-09-04 05:44:24       sql_compilations_per_sec  0.0
2026-09-04 05:44:24       database_size_mb          0
2026-09-04 05:44:24       total_reads               708
2026-09-04 05:44:24       total_writes              511
2026-09-04 05:44:24       venta_locks               0
2026-09-04 05:44:24       detalle_venta_locks       0
2026-09-04 05:44:24       inventario_locks          0
2026-09-04 05:44:24       kardex_locks              0
2026-09-04 05:44:24       caja_locks                0
2026-09-04 05:44:24       movimiento_caja_locks     0
2026-09-04 05:44:24       auditoria_locks           0
2026-09-04 05:44:24       api_status                0
2026-09-04 05:44:24       api_latency_ms            5004
2026-09-04 05:44:24       products_count            0
2026-09-04 05:44:24       sales_count               0
2026-09-04 05:44:40       cpu_usr                   47.4
2026-09-04 05:44:40       cpu_sys                   16.7
2026-09-04 05:44:40       cpu_idl                   28.2
2026-09-04 05:44:40       cpu_wai                   0.1
2026-09-04 05:44:40       cpu_stl                   0.0
2026-09-04 05:44:40       memory_percent            53.4
2026-09-04 05:44:40       memory_used_mb            2093
2026-09-04 05:44:40       memory_available_mb       1823
2026-09-04 05:44:40       disk_read_per_sec         74369
2026-09-04 05:44:40       disk_write_per_sec        7477170
2026-09-04 05:44:40       net_send_per_sec          5808
2026-09-04 05:44:40       net_recv_per_sec          35366
2026-09-04 05:44:40       load1                     8.37
2026-09-04 05:44:40       load5                     5.37
2026-09-04 05:44:40       load15                    3.48
2026-09-04 05:44:40       active_sessions           35
2026-09-04 05:44:40       active_requests           23
2026-09-04 05:44:40       long_queries              21
2026-09-04 05:44:40       long_transactions         21
2026-09-04 05:44:40       idle_sessions             34
2026-09-04 05:44:40       lock_waits                0
2026-09-04 05:44:40       total_locks               13
2026-09-04 05:44:40       deadlocks_per_sec         0
2026-09-04 05:44:40       page_life_expectancy      326
2026-09-04 05:44:40       buffer_cache_hit_ratio    100.0
2026-09-04 05:44:40       transactions_per_sec      118.19
2026-09-04 05:44:40       page_reads_per_sec        0.0
2026-09-04 05:44:40       page_writes_per_sec       0.0
2026-09-04 05:44:40       rollbacks_per_sec         0.0
2026-09-04 05:44:40       batch_requests_per_sec    0.0
2026-09-04 05:44:40       sql_compilations_per_sec  0.0
2026-09-04 05:44:40       database_size_mb          0
2026-09-04 05:44:40       total_reads               708
2026-09-04 05:44:40       total_writes              514
2026-09-04 05:44:40       venta_locks               0
2026-09-04 05:44:40       detalle_venta_locks       0
2026-09-04 05:44:40       inventario_locks          0
2026-09-04 05:44:40       kardex_locks              0
2026-09-04 05:44:40       caja_locks                0
2026-09-04 05:44:40       movimiento_caja_locks     0
2026-09-04 05:44:40       auditoria_locks           0
2026-09-04 05:44:40       api_status                0
2026-09-04 05:44:40       api_latency_ms            5007
2026-09-04 05:44:40       products_count            0
2026-09-04 05:44:40       sales_count               0
2026-09-04 05:44:55       cpu_usr                   46.0
2026-09-04 05:44:55       cpu_sys                   17.3
2026-09-04 05:44:55       cpu_idl                   28.7
2026-09-04 05:44:55       cpu_wai                   0.4
2026-09-04 05:44:55       cpu_stl                   0.0
2026-09-04 05:44:55       memory_percent            53.9
2026-09-04 05:44:55       memory_used_mb            2109
2026-09-04 05:44:55       memory_available_mb       1807
2026-09-04 05:44:55       disk_read_per_sec         258321
2026-09-04 05:44:55       disk_write_per_sec        4365309
2026-09-04 05:44:55       net_send_per_sec          5678
2026-09-04 05:44:55       net_recv_per_sec          35433
2026-09-04 05:44:55       load1                     9.27
2026-09-04 05:44:55       load5                     5.71
2026-09-04 05:44:55       load15                    3.62
2026-09-04 05:44:55       active_sessions           36
2026-09-04 05:44:55       active_requests           23
2026-09-04 05:44:55       long_queries              21
2026-09-04 05:44:55       long_transactions         21
2026-09-04 05:44:55       idle_sessions             34
2026-09-04 05:44:55       lock_waits                0
2026-09-04 05:44:55       total_locks               29
2026-09-04 05:44:55       deadlocks_per_sec         0
2026-09-04 05:44:55       page_life_expectancy      342
2026-09-04 05:44:55       buffer_cache_hit_ratio    100.0
2026-09-04 05:44:55       transactions_per_sec      106.78
2026-09-04 05:44:55       page_reads_per_sec        0.0
2026-09-04 05:44:55       page_writes_per_sec       0.0
2026-09-04 05:44:55       rollbacks_per_sec         0.0
2026-09-04 05:44:55       batch_requests_per_sec    0.0
2026-09-04 05:44:55       sql_compilations_per_sec  0.0
2026-09-04 05:44:55       database_size_mb          0
2026-09-04 05:44:55       total_reads               708
2026-09-04 05:44:55       total_writes              518
2026-09-04 05:44:55       venta_locks               0
2026-09-04 05:44:55       detalle_venta_locks       0
2026-09-04 05:44:55       inventario_locks          0
2026-09-04 05:44:55       kardex_locks              0
2026-09-04 05:44:55       caja_locks                0
2026-09-04 05:44:55       movimiento_caja_locks     0
2026-09-04 05:44:55       auditoria_locks           0
2026-09-04 05:44:55       max_server_memory         4096
2026-09-04 05:44:55       user_connections_setting  0
2026-09-04 05:44:55       cost_threshold            5
2026-09-04 05:44:55       api_status                0
2026-09-04 05:44:55       api_latency_ms            5007
2026-09-04 05:44:55       products_count            0
2026-09-04 05:44:55       sales_count               0
2026-09-04 05:45:10       cpu_usr                   47.6
2026-09-04 05:45:10       cpu_sys                   16.4
2026-09-04 05:45:10       cpu_idl                   28.6
2026-09-04 05:45:10       cpu_wai                   0.1
2026-09-04 05:45:10       cpu_stl                   0.0
2026-09-04 05:45:10       memory_percent            54.1
2026-09-04 05:45:10       memory_used_mb            2118
2026-09-04 05:45:10       memory_available_mb       1798
2026-09-04 05:45:10       disk_read_per_sec         134841
2026-09-04 05:45:10       disk_write_per_sec        6175179
2026-09-04 05:45:10       net_send_per_sec          5628
2026-09-04 05:45:10       net_recv_per_sec          34828
2026-09-04 05:45:10       load1                     9.22
2026-09-04 05:45:10       load5                     5.87
2026-09-04 05:45:10       load15                    3.71
2026-09-04 05:45:10       active_sessions           36
2026-09-04 05:45:10       active_requests           23
2026-09-04 05:45:10       long_queries              21
2026-09-04 05:45:10       long_transactions         21
2026-09-04 05:45:10       idle_sessions             34
2026-09-04 05:45:10       lock_waits                0
2026-09-04 05:45:10       total_locks               13
2026-09-04 05:45:10       deadlocks_per_sec         0
2026-09-04 05:45:10       page_life_expectancy      357
2026-09-04 05:45:10       buffer_cache_hit_ratio    100.0
2026-09-04 05:45:10       transactions_per_sec      134.45
2026-09-04 05:45:10       page_reads_per_sec        0.0
2026-09-04 05:45:10       page_writes_per_sec       0.0
2026-09-04 05:45:10       rollbacks_per_sec         0.0
2026-09-04 05:45:10       batch_requests_per_sec    0.0
2026-09-04 05:45:10       sql_compilations_per_sec  0.0
2026-09-04 05:45:10       database_size_mb          0
2026-09-04 05:45:10       total_reads               708
2026-09-04 05:45:10       total_writes              524
2026-09-04 05:45:10       venta_locks               0
2026-09-04 05:45:10       detalle_venta_locks       0
2026-09-04 05:45:10       inventario_locks          0
2026-09-04 05:45:10       kardex_locks              0
2026-09-04 05:45:10       caja_locks                0
2026-09-04 05:45:10       movimiento_caja_locks     0
2026-09-04 05:45:10       auditoria_locks           0
2026-09-04 05:45:10       api_status                0
2026-09-04 05:45:10       api_latency_ms            5006
2026-09-04 05:45:10       products_count            0
2026-09-04 05:45:10       sales_count               0
2026-09-04 05:45:25       cpu_usr                   46.8
2026-09-04 05:45:25       cpu_sys                   16.9
2026-09-04 05:45:25       cpu_idl                   28.7
2026-09-04 05:45:25       cpu_wai                   0.1
2026-09-04 05:45:25       cpu_stl                   0.0
2026-09-04 05:45:25       memory_percent            54.2
2026-09-04 05:45:25       memory_used_mb            2122
2026-09-04 05:45:25       memory_available_mb       1794
2026-09-04 05:45:25       disk_read_per_sec         807
2026-09-04 05:45:25       disk_write_per_sec        3963139
2026-09-04 05:45:25       net_send_per_sec          5700
2026-09-04 05:45:25       net_recv_per_sec          35531
2026-09-04 05:45:25       load1                     9.56
2026-09-04 05:45:25       load5                     6.11
2026-09-04 05:45:25       load15                    3.82
2026-09-04 05:45:25       active_sessions           36
2026-09-04 05:45:25       active_requests           23
2026-09-04 05:45:25       long_queries              21
2026-09-04 05:45:25       long_transactions         21
2026-09-04 05:45:25       idle_sessions             34
2026-09-04 05:45:25       lock_waits                0
2026-09-04 05:45:25       total_locks               13
2026-09-04 05:45:25       deadlocks_per_sec         0
2026-09-04 05:45:25       page_life_expectancy      372
2026-09-04 05:45:25       buffer_cache_hit_ratio    100.0
2026-09-04 05:45:25       transactions_per_sec      171.21
2026-09-04 05:45:25       page_reads_per_sec        0.0
2026-09-04 05:45:25       page_writes_per_sec       0.0
2026-09-04 05:45:25       rollbacks_per_sec         0.0
2026-09-04 05:45:25       batch_requests_per_sec    0.0
2026-09-04 05:45:25       sql_compilations_per_sec  0.0
2026-09-04 05:45:25       database_size_mb          0
2026-09-04 05:45:25       total_reads               708
2026-09-04 05:45:25       total_writes              527
2026-09-04 05:45:25       venta_locks               0
2026-09-04 05:45:25       detalle_venta_locks       0
2026-09-04 05:45:25       inventario_locks          0
2026-09-04 05:45:25       kardex_locks              0
2026-09-04 05:45:25       caja_locks                0
2026-09-04 05:45:25       movimiento_caja_locks     0
2026-09-04 05:45:25       auditoria_locks           0
2026-09-04 05:45:25       api_status                0
2026-09-04 05:45:25       api_latency_ms            5007
2026-09-04 05:45:25       products_count            0
2026-09-04 05:45:25       sales_count               0
2026-09-04 05:45:40       cpu_usr                   44.2
2026-09-04 05:45:40       cpu_sys                   18.6
2026-09-04 05:45:40       cpu_idl                   29.5
2026-09-04 05:45:40       cpu_wai                   0.0
2026-09-04 05:45:40       cpu_stl                   0.0
2026-09-04 05:45:40       memory_percent            54.3
2026-09-04 05:45:40       memory_used_mb            2126
2026-09-04 05:45:40       memory_available_mb       1790
2026-09-04 05:45:40       disk_read_per_sec         131331
2026-09-04 05:45:40       disk_write_per_sec        3504678
2026-09-04 05:45:40       net_send_per_sec          5800
2026-09-04 05:45:40       net_recv_per_sec          34734
2026-09-04 05:45:40       load1                     10.18
2026-09-04 05:45:40       load5                     6.41
2026-09-04 05:45:40       load15                    3.96
2026-09-04 05:45:40       active_sessions           35
2026-09-04 05:45:40       active_requests           22
2026-09-04 05:45:40       long_queries              21
2026-09-04 05:45:40       long_transactions         21
2026-09-04 05:45:40       idle_sessions             34
2026-09-04 05:45:40       lock_waits                0
2026-09-04 05:45:40       total_locks               13
2026-09-04 05:45:40       deadlocks_per_sec         0
2026-09-04 05:45:40       page_life_expectancy      387
2026-09-04 05:45:40       buffer_cache_hit_ratio    100.0
2026-09-04 05:45:40       transactions_per_sec      119.3
2026-09-04 05:45:40       page_reads_per_sec        0.0
2026-09-04 05:45:40       page_writes_per_sec       0.0
2026-09-04 05:45:40       rollbacks_per_sec         0.0
2026-09-04 05:45:40       batch_requests_per_sec    0.0
2026-09-04 05:45:40       sql_compilations_per_sec  0.0
2026-09-04 05:45:40       database_size_mb          0
2026-09-04 05:45:40       total_reads               708
2026-09-04 05:45:40       total_writes              531
2026-09-04 05:45:40       venta_locks               0
2026-09-04 05:45:40       detalle_venta_locks       0
2026-09-04 05:45:40       inventario_locks          0
2026-09-04 05:45:40       kardex_locks              0
2026-09-04 05:45:40       caja_locks                0
2026-09-04 05:45:40       movimiento_caja_locks     0
2026-09-04 05:45:40       auditoria_locks           0
2026-09-04 05:45:40       api_status                0
2026-09-04 05:45:40       api_latency_ms            5006
2026-09-04 05:45:40       products_count            0
2026-09-04 05:45:40       sales_count               0
2026-09-04 05:45:56       cpu_usr                   45.8
2026-09-04 05:45:56       cpu_sys                   16.9
2026-09-04 05:45:56       cpu_idl                   29.2
2026-09-04 05:45:56       cpu_wai                   0.1
2026-09-04 05:45:56       cpu_stl                   0.0
2026-09-04 05:45:56       memory_percent            54.9
2026-09-04 05:45:56       memory_used_mb            2151
2026-09-04 05:45:56       memory_available_mb       1765
2026-09-04 05:45:56       disk_read_per_sec         97647
2026-09-04 05:45:56       disk_write_per_sec        4438070
2026-09-04 05:45:56       net_send_per_sec          5352
2026-09-04 05:45:56       net_recv_per_sec          32447
2026-09-04 05:45:56       load1                     10.08
2026-09-04 05:45:56       load5                     6.57
2026-09-04 05:45:56       load15                    4.05
2026-09-04 05:45:56       active_sessions           36
2026-09-04 05:45:56       active_requests           23
2026-09-04 05:45:56       long_queries              21
2026-09-04 05:45:56       long_transactions         21
2026-09-04 05:45:56       idle_sessions             34
2026-09-04 05:45:56       lock_waits                0
2026-09-04 05:45:56       total_locks               13
2026-09-04 05:45:56       deadlocks_per_sec         0
2026-09-04 05:45:56       page_life_expectancy      402
2026-09-04 05:45:56       buffer_cache_hit_ratio    100.0
2026-09-04 05:45:56       transactions_per_sec      149.1
2026-09-04 05:45:56       page_reads_per_sec        0.0
2026-09-04 05:45:56       page_writes_per_sec       0.0
2026-09-04 05:45:56       rollbacks_per_sec         0.0
2026-09-04 05:45:56       batch_requests_per_sec    0.0
2026-09-04 05:45:56       sql_compilations_per_sec  0.0
2026-09-04 05:45:56       database_size_mb          0
2026-09-04 05:45:56       total_reads               708
2026-09-04 05:45:56       total_writes              534
2026-09-04 05:45:56       venta_locks               0
2026-09-04 05:45:56       detalle_venta_locks       0
2026-09-04 05:45:56       inventario_locks          0
2026-09-04 05:45:56       kardex_locks              0
2026-09-04 05:45:56       caja_locks                0
2026-09-04 05:45:56       movimiento_caja_locks     0
2026-09-04 05:45:56       auditoria_locks           0
2026-09-04 05:45:56       max_server_memory         4096
2026-09-04 05:45:56       user_connections_setting  0
2026-09-04 05:45:56       cost_threshold            5
2026-09-04 05:45:56       api_status                0
2026-09-04 05:45:56       api_latency_ms            5008
2026-09-04 05:45:56       products_count            0
2026-09-04 05:45:56       sales_count               0
2026-09-04 05:46:11       cpu_usr                   46.0
2026-09-04 05:46:11       cpu_sys                   17.8
2026-09-04 05:46:11       cpu_idl                   28.5
2026-09-04 05:46:11       cpu_wai                   0.1
2026-09-04 05:46:11       cpu_stl                   0.0
2026-09-04 05:46:11       memory_percent            54.5
2026-09-04 05:46:11       memory_used_mb            2136
2026-09-04 05:46:11       memory_available_mb       1780
2026-09-04 05:46:11       disk_read_per_sec         954106
2026-09-04 05:46:11       disk_write_per_sec        2887951
2026-09-04 05:46:11       net_send_per_sec          5753
2026-09-04 05:46:11       net_recv_per_sec          37475
2026-09-04 05:46:11       load1                     9.83
2026-09-04 05:46:11       load5                     6.69
2026-09-04 05:46:11       load15                    4.13
2026-09-04 05:46:11       active_sessions           35
2026-09-04 05:46:11       active_requests           24
2026-09-04 05:46:11       long_queries              21
2026-09-04 05:46:11       long_transactions         21
2026-09-04 05:46:11       idle_sessions             33
2026-09-04 05:46:11       lock_waits                0
2026-09-04 05:46:11       total_locks               13
2026-09-04 05:46:11       deadlocks_per_sec         0
2026-09-04 05:46:11       page_life_expectancy      417
2026-09-04 05:46:11       buffer_cache_hit_ratio    100.0
2026-09-04 05:46:11       transactions_per_sec      192.23
2026-09-04 05:46:11       page_reads_per_sec        0.0
2026-09-04 05:46:11       page_writes_per_sec       0.0
2026-09-04 05:46:11       rollbacks_per_sec         0.0
2026-09-04 05:46:11       batch_requests_per_sec    0.0
2026-09-04 05:46:11       sql_compilations_per_sec  0.0
2026-09-04 05:46:11       database_size_mb          0
2026-09-04 05:46:11       total_reads               708
2026-09-04 05:46:11       total_writes              540
2026-09-04 05:46:11       venta_locks               0
2026-09-04 05:46:11       detalle_venta_locks       0
2026-09-04 05:46:11       inventario_locks          0
2026-09-04 05:46:11       kardex_locks              0
2026-09-04 05:46:11       caja_locks                0
2026-09-04 05:46:11       movimiento_caja_locks     0
2026-09-04 05:46:11       auditoria_locks           0
2026-09-04 05:46:11       api_status                0
2026-09-04 05:46:11       api_latency_ms            5008
2026-09-04 05:46:11       products_count            0
2026-09-04 05:46:11       sales_count               0
2026-09-04 05:46:26       cpu_usr                   45.6
2026-09-04 05:46:26       cpu_sys                   17.8
2026-09-04 05:46:26       cpu_idl                   28.6
2026-09-04 05:46:26       cpu_wai                   0.1
2026-09-04 05:46:26       cpu_stl                   0.0
2026-09-04 05:46:26       memory_percent            54.9
2026-09-04 05:46:26       memory_used_mb            2152
2026-09-04 05:46:26       memory_available_mb       1764
2026-09-04 05:46:26       disk_read_per_sec         138275
2026-09-04 05:46:26       disk_write_per_sec        5903445
2026-09-04 05:46:26       net_send_per_sec          5523
2026-09-04 05:46:26       net_recv_per_sec          33347
2026-09-04 05:46:26       load1                     10.42
2026-09-04 05:46:26       load5                     6.97
2026-09-04 05:46:26       load15                    4.26
2026-09-04 05:46:26       active_sessions           35
2026-09-04 05:46:26       active_requests           22
2026-09-04 05:46:26       long_queries              21
2026-09-04 05:46:26       long_transactions         21
2026-09-04 05:46:26       idle_sessions             34
2026-09-04 05:46:26       lock_waits                0
2026-09-04 05:46:26       total_locks               13
2026-09-04 05:46:26       deadlocks_per_sec         0
2026-09-04 05:46:26       page_life_expectancy      432
2026-09-04 05:46:26       buffer_cache_hit_ratio    100.0
2026-09-04 05:46:26       transactions_per_sec      142.22
2026-09-04 05:46:26       page_reads_per_sec        0.0
2026-09-04 05:46:26       page_writes_per_sec       0.0
2026-09-04 05:46:26       rollbacks_per_sec         0.0
2026-09-04 05:46:26       batch_requests_per_sec    0.0
2026-09-04 05:46:26       sql_compilations_per_sec  0.0
2026-09-04 05:46:26       database_size_mb          0
2026-09-04 05:46:26       total_reads               708
2026-09-04 05:46:26       total_writes              553
2026-09-04 05:46:26       venta_locks               0
2026-09-04 05:46:26       detalle_venta_locks       0
2026-09-04 05:46:26       inventario_locks          0
2026-09-04 05:46:26       kardex_locks              0
2026-09-04 05:46:26       caja_locks                0
2026-09-04 05:46:26       movimiento_caja_locks     0
2026-09-04 05:46:26       auditoria_locks           0
2026-09-04 05:46:26       api_status                0
2026-09-04 05:46:26       api_latency_ms            5009
2026-09-04 05:46:26       products_count            0
2026-09-04 05:46:26       sales_count               0
2026-09-04 05:46:41       cpu_usr                   45.7
2026-09-04 05:46:41       cpu_sys                   17.2
2026-09-04 05:46:41       cpu_idl                   29.0
2026-09-04 05:46:41       cpu_wai                   0.2
2026-09-04 05:46:41       cpu_stl                   0.0
2026-09-04 05:46:41       memory_percent            55.1
2026-09-04 05:46:41       memory_used_mb            2159
2026-09-04 05:46:41       memory_available_mb       1757
2026-09-04 05:46:41       disk_read_per_sec         355484
2026-09-04 05:46:41       disk_write_per_sec        5835114
2026-09-04 05:46:41       net_send_per_sec          5716
2026-09-04 05:46:41       net_recv_per_sec          38283
2026-09-04 05:46:41       load1                     9.48
2026-09-04 05:46:41       load5                     6.97
2026-09-04 05:46:41       load15                    4.32
2026-09-04 05:46:41       active_sessions           35
2026-09-04 05:46:41       active_requests           22
2026-09-04 05:46:41       long_queries              21
2026-09-04 05:46:41       long_transactions         21
2026-09-04 05:46:41       idle_sessions             34
2026-09-04 05:46:41       lock_waits                0
2026-09-04 05:46:41       total_locks               13
2026-09-04 05:46:41       deadlocks_per_sec         0
2026-09-04 05:46:41       page_life_expectancy      447
2026-09-04 05:46:41       buffer_cache_hit_ratio    100.0
2026-09-04 05:46:41       transactions_per_sec      154.33
2026-09-04 05:46:41       page_reads_per_sec        0.0
2026-09-04 05:46:41       page_writes_per_sec       0.0
2026-09-04 05:46:41       rollbacks_per_sec         0.0
2026-09-04 05:46:41       batch_requests_per_sec    0.0
2026-09-04 05:46:41       sql_compilations_per_sec  0.0
2026-09-04 05:46:41       database_size_mb          0
2026-09-04 05:46:41       total_reads               708
2026-09-04 05:46:41       total_writes              556
2026-09-04 05:46:41       venta_locks               0
2026-09-04 05:46:41       detalle_venta_locks       0
2026-09-04 05:46:41       inventario_locks          0
2026-09-04 05:46:41       kardex_locks              0
2026-09-04 05:46:41       caja_locks                0
2026-09-04 05:46:41       movimiento_caja_locks     0
2026-09-04 05:46:41       auditoria_locks           0
2026-09-04 05:46:41       api_status                0
2026-09-04 05:46:41       api_latency_ms            5006
2026-09-04 05:46:41       products_count            0
2026-09-04 05:46:41       sales_count               0
2026-09-04 05:46:56       cpu_usr                   46.4
2026-09-04 05:46:56       cpu_sys                   16.7
2026-09-04 05:46:56       cpu_idl                   29.1
2026-09-04 05:46:56       cpu_wai                   0.1
2026-09-04 05:46:56       cpu_stl                   0.0
2026-09-04 05:46:56       memory_percent            55.7
2026-09-04 05:46:56       memory_used_mb            2181
2026-09-04 05:46:56       memory_available_mb       1735
2026-09-04 05:46:56       disk_read_per_sec         225461
2026-09-04 05:46:56       disk_write_per_sec        4911009
2026-09-04 05:46:56       net_send_per_sec          5548
2026-09-04 05:46:56       net_recv_per_sec          33629
2026-09-04 05:46:56       load1                     9.14
2026-09-04 05:46:56       load5                     7.02
2026-09-04 05:46:56       load15                    4.38
2026-09-04 05:46:56       active_sessions           35
2026-09-04 05:46:56       active_requests           25
2026-09-04 05:46:56       long_queries              21
2026-09-04 05:46:56       long_transactions         21
2026-09-04 05:46:56       idle_sessions             33
2026-09-04 05:46:56       lock_waits                0
2026-09-04 05:46:56       total_locks               13
2026-09-04 05:46:56       deadlocks_per_sec         0
2026-09-04 05:46:56       page_life_expectancy      462
2026-09-04 05:46:56       buffer_cache_hit_ratio    100.0
2026-09-04 05:46:56       transactions_per_sec      129.73
2026-09-04 05:46:56       page_reads_per_sec        0.0
2026-09-04 05:46:56       page_writes_per_sec       0.0
2026-09-04 05:46:56       rollbacks_per_sec         0.0
2026-09-04 05:46:56       batch_requests_per_sec    0.0
2026-09-04 05:46:56       sql_compilations_per_sec  0.0
2026-09-04 05:46:56       database_size_mb          0
2026-09-04 05:46:56       total_reads               708
2026-09-04 05:46:56       total_writes              559
2026-09-04 05:46:56       venta_locks               0
2026-09-04 05:46:56       detalle_venta_locks       0
2026-09-04 05:46:56       inventario_locks          0
2026-09-04 05:46:56       kardex_locks              0
2026-09-04 05:46:56       caja_locks                0
2026-09-04 05:46:56       movimiento_caja_locks     0
2026-09-04 05:46:56       auditoria_locks           0
2026-09-04 05:46:56       api_status                0
2026-09-04 05:46:56       api_latency_ms            5010
2026-09-04 05:46:56       products_count            0
2026-09-04 05:46:56       sales_count               0
2026-09-04 05:47:12       cpu_usr                   46.4
2026-09-04 05:47:12       cpu_sys                   16.8
2026-09-04 05:47:12       cpu_idl                   29.2
2026-09-04 05:47:12       cpu_wai                   0.0
2026-09-04 05:47:12       cpu_stl                   0.0
2026-09-04 05:47:12       memory_percent            55.3
2026-09-04 05:47:12       memory_used_mb            2166
2026-09-04 05:47:12       memory_available_mb       1750
2026-09-04 05:47:12       disk_read_per_sec         171208
2026-09-04 05:47:12       disk_write_per_sec        2866323
2026-09-04 05:47:12       net_send_per_sec          5861
2026-09-04 05:47:12       net_recv_per_sec          36113
2026-09-04 05:47:12       load1                     9.16
2026-09-04 05:47:12       load5                     7.14
2026-09-04 05:47:12       load15                    4.46
2026-09-04 05:47:12       active_sessions           35
2026-09-04 05:47:12       active_requests           24
2026-09-04 05:47:12       long_queries              21
2026-09-04 05:47:12       long_transactions         21
2026-09-04 05:47:12       idle_sessions             34
2026-09-04 05:47:12       lock_waits                0
2026-09-04 05:47:12       total_locks               13
2026-09-04 05:47:12       deadlocks_per_sec         0
2026-09-04 05:47:12       page_life_expectancy      479
2026-09-04 05:47:12       buffer_cache_hit_ratio    100.0
2026-09-04 05:47:12       transactions_per_sec      108.15
2026-09-04 05:47:12       page_reads_per_sec        0.0
2026-09-04 05:47:12       page_writes_per_sec       0.0
2026-09-04 05:47:12       rollbacks_per_sec         0.0
2026-09-04 05:47:12       batch_requests_per_sec    0.0
2026-09-04 05:47:12       sql_compilations_per_sec  0.0
2026-09-04 05:47:12       database_size_mb          0
2026-09-04 05:47:12       total_reads               708
2026-09-04 05:47:12       total_writes              561
2026-09-04 05:47:12       venta_locks               0
2026-09-04 05:47:12       detalle_venta_locks       0
2026-09-04 05:47:12       inventario_locks          0
2026-09-04 05:47:12       kardex_locks              0
2026-09-04 05:47:12       caja_locks                0
2026-09-04 05:47:12       movimiento_caja_locks     0
2026-09-04 05:47:12       auditoria_locks           0
2026-09-04 05:47:12       api_status                0
2026-09-04 05:47:12       api_latency_ms            5005
2026-09-04 05:47:12       products_count            0
2026-09-04 05:47:12       sales_count               0
2026-09-04 05:47:27       cpu_usr                   46.0
2026-09-04 05:47:27       cpu_sys                   17.2
2026-09-04 05:47:27       cpu_idl                   28.4
2026-09-04 05:47:27       cpu_wai                   0.1
2026-09-04 05:47:27       cpu_stl                   0.0
2026-09-04 05:47:27       memory_percent            55.3
2026-09-04 05:47:27       memory_used_mb            2164
2026-09-04 05:47:27       memory_available_mb       1752
2026-09-04 05:47:27       disk_read_per_sec         17278
2026-09-04 05:47:27       disk_write_per_sec        7300654
2026-09-04 05:47:27       net_send_per_sec          5547
2026-09-04 05:47:27       net_recv_per_sec          33973
2026-09-04 05:47:27       load1                     9.52
2026-09-04 05:47:27       load5                     7.32
2026-09-04 05:47:27       load15                    4.57
2026-09-04 05:47:27       active_sessions           23
2026-09-04 05:47:27       active_requests           10
2026-09-04 05:47:27       long_queries              9
2026-09-04 05:47:27       long_transactions         9
2026-09-04 05:47:27       idle_sessions             22
2026-09-04 05:47:27       lock_waits                0
2026-09-04 05:47:27       total_locks               13
2026-09-04 05:47:27       deadlocks_per_sec         0
2026-09-04 05:47:27       page_life_expectancy      494
2026-09-04 05:47:27       buffer_cache_hit_ratio    100.0
2026-09-04 05:47:27       transactions_per_sec      100.71
2026-09-04 05:47:27       page_reads_per_sec        0.0
2026-09-04 05:47:27       page_writes_per_sec       0.0
2026-09-04 05:47:27       rollbacks_per_sec         0.0
2026-09-04 05:47:27       batch_requests_per_sec    0.0
2026-09-04 05:47:27       sql_compilations_per_sec  0.0
2026-09-04 05:47:27       database_size_mb          0
2026-09-04 05:47:27       total_reads               708
2026-09-04 05:47:27       total_writes              562
2026-09-04 05:47:27       venta_locks               0
2026-09-04 05:47:27       detalle_venta_locks       0
2026-09-04 05:47:27       inventario_locks          0
2026-09-04 05:47:27       kardex_locks              0
2026-09-04 05:47:27       caja_locks                0
2026-09-04 05:47:27       movimiento_caja_locks     0
2026-09-04 05:47:27       auditoria_locks           0
2026-09-04 05:47:27       api_status                0
2026-09-04 05:47:27       api_latency_ms            5005
2026-09-04 05:47:27       products_count            0
2026-09-04 05:47:27       sales_count               0
2026-09-04 05:47:42       cpu_usr                   46.4
2026-09-04 05:47:42       cpu_sys                   17.2
2026-09-04 05:47:42       cpu_idl                   28.4
2026-09-04 05:47:42       cpu_wai                   0.0
2026-09-04 05:47:42       cpu_stl                   0.0
2026-09-04 05:47:42       memory_percent            55.4
2026-09-04 05:47:42       memory_used_mb            2169
2026-09-04 05:47:42       memory_available_mb       1747
2026-09-04 05:47:42       disk_read_per_sec         43457
2026-09-04 05:47:42       disk_write_per_sec        2975311
2026-09-04 05:47:42       net_send_per_sec          5370
2026-09-04 05:47:42       net_recv_per_sec          34548
2026-09-04 05:47:42       load1                     9.54
2026-09-04 05:47:42       load5                     7.43
2026-09-04 05:47:42       load15                    4.64
2026-09-04 05:47:42       active_sessions           23
2026-09-04 05:47:42       active_requests           10
2026-09-04 05:47:42       long_queries              9
2026-09-04 05:47:42       long_transactions         9
2026-09-04 05:47:42       idle_sessions             21
2026-09-04 05:47:42       lock_waits                0
2026-09-04 05:47:42       total_locks               13
2026-09-04 05:47:42       deadlocks_per_sec         0
2026-09-04 05:47:42       page_life_expectancy      509
2026-09-04 05:47:42       buffer_cache_hit_ratio    100.0
2026-09-04 05:47:42       transactions_per_sec      103.39
2026-09-04 05:47:42       page_reads_per_sec        0.0
2026-09-04 05:47:42       page_writes_per_sec       0.0
2026-09-04 05:47:42       rollbacks_per_sec         0.0
2026-09-04 05:47:42       batch_requests_per_sec    0.0
2026-09-04 05:47:42       sql_compilations_per_sec  0.0
2026-09-04 05:47:42       database_size_mb          0
2026-09-04 05:47:42       total_reads               708
2026-09-04 05:47:42       total_writes              567
2026-09-04 05:47:42       venta_locks               0
2026-09-04 05:47:42       detalle_venta_locks       0
2026-09-04 05:47:42       inventario_locks          0
2026-09-04 05:47:42       kardex_locks              0
2026-09-04 05:47:42       caja_locks                0
2026-09-04 05:47:42       movimiento_caja_locks     0
2026-09-04 05:47:42       auditoria_locks           0
2026-09-04 05:47:42       api_status                0
2026-09-04 05:47:42       api_latency_ms            5009
2026-09-04 05:47:42       products_count            0
2026-09-04 05:47:42       sales_count               0
2026-09-04 05:47:57       cpu_usr                   44.5
2026-09-04 05:47:57       cpu_sys                   19.1
2026-09-04 05:47:57       cpu_idl                   28.4
2026-09-04 05:47:57       cpu_wai                   0.2
2026-09-04 05:47:57       cpu_stl                   0.0
2026-09-04 05:47:57       memory_percent            55.7
2026-09-04 05:47:57       memory_used_mb            2183
2026-09-04 05:47:57       memory_available_mb       1733
2026-09-04 05:47:57       disk_read_per_sec         275336
2026-09-04 05:47:57       disk_write_per_sec        8642422
2026-09-04 05:47:57       net_send_per_sec          5844
2026-09-04 05:47:57       net_recv_per_sec          34678
2026-09-04 05:47:57       load1                     10.04
2026-09-04 05:47:57       load5                     7.65
2026-09-04 05:47:57       load15                    4.76
2026-09-04 05:47:57       active_sessions           23
2026-09-04 05:47:57       active_requests           11
2026-09-04 05:47:57       long_queries              9
2026-09-04 05:47:57       long_transactions         9
2026-09-04 05:47:57       idle_sessions             21
2026-09-04 05:47:57       lock_waits                0
2026-09-04 05:47:57       total_locks               13
2026-09-04 05:47:57       deadlocks_per_sec         0
2026-09-04 05:47:57       page_life_expectancy      524
2026-09-04 05:47:57       buffer_cache_hit_ratio    100.0
2026-09-04 05:47:57       transactions_per_sec      196.99
2026-09-04 05:47:57       page_reads_per_sec        0.0
2026-09-04 05:47:57       page_writes_per_sec       0.0
2026-09-04 05:47:57       rollbacks_per_sec         0.0
2026-09-04 05:47:57       batch_requests_per_sec    0.0
2026-09-04 05:47:57       sql_compilations_per_sec  0.0
2026-09-04 05:47:57       database_size_mb          0
2026-09-04 05:47:57       total_reads               708
2026-09-04 05:47:57       total_writes              571
2026-09-04 05:47:57       venta_locks               0
2026-09-04 05:47:57       detalle_venta_locks       0
2026-09-04 05:47:57       inventario_locks          0
2026-09-04 05:47:57       kardex_locks              0
2026-09-04 05:47:57       caja_locks                0
2026-09-04 05:47:57       movimiento_caja_locks     0
2026-09-04 05:47:57       auditoria_locks           0
2026-09-04 05:47:57       api_status                0
2026-09-04 05:47:57       api_latency_ms            5007
2026-09-04 05:47:57       products_count            0
2026-09-04 05:47:57       sales_count               0
2026-09-04 05:48:12       cpu_usr                   45.2
2026-09-04 05:48:12       cpu_sys                   18.2
2026-09-04 05:48:12       cpu_idl                   28.7
2026-09-04 05:48:12       cpu_wai                   0.1
2026-09-04 05:48:12       cpu_stl                   0.0
2026-09-04 05:48:12       memory_percent            55.5
2026-09-04 05:48:12       memory_used_mb            2174
2026-09-04 05:48:12       memory_available_mb       1742
2026-09-04 05:48:12       disk_read_per_sec         158665
2026-09-04 05:48:12       disk_write_per_sec        3873298
2026-09-04 05:48:12       net_send_per_sec          5519
2026-09-04 05:48:12       net_recv_per_sec          37528
2026-09-04 05:48:12       load1                     9.47
2026-09-04 05:48:12       load5                     7.63
2026-09-04 05:48:12       load15                    4.80
2026-09-04 05:48:12       active_sessions           23
2026-09-04 05:48:12       active_requests           11
2026-09-04 05:48:12       long_queries              9
2026-09-04 05:48:12       long_transactions         9
2026-09-04 05:48:12       idle_sessions             22
2026-09-04 05:48:12       lock_waits                0
2026-09-04 05:48:12       total_locks               13
2026-09-04 05:48:12       deadlocks_per_sec         0
2026-09-04 05:48:12       page_life_expectancy      539
2026-09-04 05:48:12       buffer_cache_hit_ratio    100.0
2026-09-04 05:48:12       transactions_per_sec      169.13
2026-09-04 05:48:12       page_reads_per_sec        0.0
2026-09-04 05:48:12       page_writes_per_sec       0.0
2026-09-04 05:48:12       rollbacks_per_sec         0.0
2026-09-04 05:48:12       batch_requests_per_sec    0.0
2026-09-04 05:48:12       sql_compilations_per_sec  0.0
2026-09-04 05:48:12       database_size_mb          0
2026-09-04 05:48:12       total_reads               708
2026-09-04 05:48:12       total_writes              583
2026-09-04 05:48:12       venta_locks               0
2026-09-04 05:48:12       detalle_venta_locks       0
2026-09-04 05:48:12       inventario_locks          0
2026-09-04 05:48:12       kardex_locks              0
2026-09-04 05:48:12       caja_locks                0
2026-09-04 05:48:12       movimiento_caja_locks     0
2026-09-04 05:48:12       auditoria_locks           0
2026-09-04 05:48:12       api_status                0
2026-09-04 05:48:12       api_latency_ms            5007
2026-09-04 05:48:12       products_count            0
2026-09-04 05:48:12       sales_count               0
2026-09-04 05:48:27       cpu_usr                   45.5
2026-09-04 05:48:27       cpu_sys                   17.3
2026-09-04 05:48:27       cpu_idl                   29.3
2026-09-04 05:48:27       cpu_wai                   0.1
2026-09-04 05:48:27       cpu_stl                   0.0
2026-09-04 05:48:27       memory_percent            55.6
2026-09-04 05:48:27       memory_used_mb            2177
2026-09-04 05:48:27       memory_available_mb       1739
2026-09-04 05:48:27       disk_read_per_sec         1296981
2026-09-04 05:48:27       disk_write_per_sec        3782725
2026-09-04 05:48:27       net_send_per_sec          5640
2026-09-04 05:48:27       net_recv_per_sec          33654
2026-09-04 05:48:27       load1                     9.12
2026-09-04 05:48:27       load5                     7.64
2026-09-04 05:48:27       load15                    4.85
2026-09-04 05:48:27       active_sessions           24
2026-09-04 05:48:27       active_requests           12
2026-09-04 05:48:27       long_queries              9
2026-09-04 05:48:27       long_transactions         9
2026-09-04 05:48:27       idle_sessions             21
2026-09-04 05:48:27       lock_waits                0
2026-09-04 05:48:27       total_locks               13
2026-09-04 05:48:27       deadlocks_per_sec         0
2026-09-04 05:48:27       page_life_expectancy      554
2026-09-04 05:48:27       buffer_cache_hit_ratio    100.0
2026-09-04 05:48:27       transactions_per_sec      96.32
2026-09-04 05:48:27       page_reads_per_sec        0.0
2026-09-04 05:48:27       page_writes_per_sec       0.0
2026-09-04 05:48:27       rollbacks_per_sec         0.0
2026-09-04 05:48:27       batch_requests_per_sec    0.0
2026-09-04 05:48:27       sql_compilations_per_sec  0.0
2026-09-04 05:48:27       database_size_mb          0
2026-09-04 05:48:27       total_reads               708
2026-09-04 05:48:27       total_writes              586
2026-09-04 05:48:27       venta_locks               0
2026-09-04 05:48:27       detalle_venta_locks       0
2026-09-04 05:48:27       inventario_locks          0
2026-09-04 05:48:27       kardex_locks              0
2026-09-04 05:48:27       caja_locks                0
2026-09-04 05:48:27       movimiento_caja_locks     0
2026-09-04 05:48:27       auditoria_locks           0
2026-09-04 05:48:27       api_status                0
2026-09-04 05:48:27       api_latency_ms            5007
2026-09-04 05:48:27       products_count            0
2026-09-04 05:48:27       sales_count               0
2026-09-04 05:48:43       cpu_usr                   45.7
2026-09-04 05:48:43       cpu_sys                   17.8
2026-09-04 05:48:43       cpu_idl                   28.6
2026-09-04 05:48:43       cpu_wai                   0.1
2026-09-04 05:48:43       cpu_stl                   0.0
2026-09-04 05:48:43       memory_percent            55.7
2026-09-04 05:48:43       memory_used_mb            2183
2026-09-04 05:48:43       memory_available_mb       1733
2026-09-04 05:48:43       disk_read_per_sec         181908
2026-09-04 05:48:43       disk_write_per_sec        2967209
2026-09-04 05:48:43       net_send_per_sec          5679
2026-09-04 05:48:43       net_recv_per_sec          35401
2026-09-04 05:48:43       load1                     9.06
2026-09-04 05:48:43       load5                     7.70
2026-09-04 05:48:43       load15                    4.92
2026-09-04 05:48:43       active_sessions           24
2026-09-04 05:48:43       active_requests           12
2026-09-04 05:48:43       long_queries              9
2026-09-04 05:48:43       long_transactions         9
2026-09-04 05:48:43       idle_sessions             22
2026-09-04 05:48:43       lock_waits                0
2026-09-04 05:48:43       total_locks               13
2026-09-04 05:48:43       deadlocks_per_sec         0
2026-09-04 05:48:43       page_life_expectancy      569
2026-09-04 05:48:43       buffer_cache_hit_ratio    100.0
2026-09-04 05:48:43       transactions_per_sec      207.56
2026-09-04 05:48:43       page_reads_per_sec        0.0
2026-09-04 05:48:43       page_writes_per_sec       0.0
2026-09-04 05:48:43       rollbacks_per_sec         0.0
2026-09-04 05:48:43       batch_requests_per_sec    0.0
2026-09-04 05:48:43       sql_compilations_per_sec  0.0
2026-09-04 05:48:43       database_size_mb          0
2026-09-04 05:48:43       total_reads               710
2026-09-04 05:48:43       total_writes              588
2026-09-04 05:48:43       venta_locks               0
2026-09-04 05:48:43       detalle_venta_locks       0
2026-09-04 05:48:43       inventario_locks          0
2026-09-04 05:48:43       kardex_locks              0
2026-09-04 05:48:43       caja_locks                0
2026-09-04 05:48:43       movimiento_caja_locks     0
2026-09-04 05:48:43       auditoria_locks           0
2026-09-04 05:48:43       api_status                0
2026-09-04 05:48:43       api_latency_ms            5005
2026-09-04 05:48:43       products_count            0
2026-09-04 05:48:43       sales_count               0
2026-09-04 05:48:58       cpu_usr                   46.2
2026-09-04 05:48:58       cpu_sys                   17.6
2026-09-04 05:48:58       cpu_idl                   28.3
2026-09-04 05:48:58       cpu_wai                   0.2
2026-09-04 05:48:58       cpu_stl                   0.0
2026-09-04 05:48:58       memory_percent            56.3
2026-09-04 05:48:58       memory_used_mb            2204
2026-09-04 05:48:58       memory_available_mb       1713
2026-09-04 05:48:58       disk_read_per_sec         230103
2026-09-04 05:48:58       disk_write_per_sec        6567793
2026-09-04 05:48:58       net_send_per_sec          5874
2026-09-04 05:48:58       net_recv_per_sec          37809
2026-09-04 05:48:58       load1                     8.73
2026-09-04 05:48:58       load5                     7.70
2026-09-04 05:48:58       load15                    4.96
2026-09-04 05:48:58       active_sessions           23
2026-09-04 05:48:58       active_requests           11
2026-09-04 05:48:58       long_queries              9
2026-09-04 05:48:58       long_transactions         9
2026-09-04 05:48:58       idle_sessions             21
2026-09-04 05:48:58       lock_waits                0
2026-09-04 05:48:58       total_locks               13
2026-09-04 05:48:58       deadlocks_per_sec         0
2026-09-04 05:48:58       page_life_expectancy      584
2026-09-04 05:48:58       buffer_cache_hit_ratio    100.0
2026-09-04 05:48:58       transactions_per_sec      198.3
2026-09-04 05:48:58       page_reads_per_sec        0.0
2026-09-04 05:48:58       page_writes_per_sec       0.0
2026-09-04 05:48:58       rollbacks_per_sec         0.0
2026-09-04 05:48:58       batch_requests_per_sec    0.0
2026-09-04 05:48:58       sql_compilations_per_sec  0.0
2026-09-04 05:48:58       database_size_mb          0
2026-09-04 05:48:58       total_reads               713
2026-09-04 05:48:58       total_writes              594
2026-09-04 05:48:58       venta_locks               0
2026-09-04 05:48:58       detalle_venta_locks       0
2026-09-04 05:48:58       inventario_locks          0
2026-09-04 05:48:58       kardex_locks              0
2026-09-04 05:48:58       caja_locks                0
2026-09-04 05:48:58       movimiento_caja_locks     0
2026-09-04 05:48:58       auditoria_locks           0
2026-09-04 05:48:58       api_status                0
2026-09-04 05:48:58       api_latency_ms            5005
2026-09-04 05:48:58       products_count            0
2026-09-04 05:48:58       sales_count               0
2026-09-04 05:49:13       cpu_usr                   45.3
2026-09-04 05:49:13       cpu_sys                   17.2
2026-09-04 05:49:13       cpu_idl                   29.8
2026-09-04 05:49:13       cpu_wai                   0.1
2026-09-04 05:49:13       cpu_stl                   0.0
2026-09-04 05:49:13       memory_percent            55.8
2026-09-04 05:49:13       memory_used_mb            2186
2026-09-04 05:49:13       memory_available_mb       1730
2026-09-04 05:49:13       disk_read_per_sec         282627
2026-09-04 05:49:13       disk_write_per_sec        5487224
2026-09-04 05:49:13       net_send_per_sec          5564
2026-09-04 05:49:13       net_recv_per_sec          34495
2026-09-04 05:49:13       load1                     9.17
2026-09-04 05:49:13       load5                     7.85
2026-09-04 05:49:13       load15                    5.05
2026-09-04 05:49:13       active_sessions           23
2026-09-04 05:49:13       active_requests           10
2026-09-04 05:49:13       long_queries              9
2026-09-04 05:49:13       long_transactions         9
2026-09-04 05:49:13       idle_sessions             22
2026-09-04 05:49:13       lock_waits                0
2026-09-04 05:49:13       total_locks               13
2026-09-04 05:49:13       deadlocks_per_sec         0
2026-09-04 05:49:13       page_life_expectancy      600
2026-09-04 05:49:13       buffer_cache_hit_ratio    100.0
2026-09-04 05:49:13       transactions_per_sec      113.11
2026-09-04 05:49:13       page_reads_per_sec        0.0
2026-09-04 05:49:13       page_writes_per_sec       0.0
2026-09-04 05:49:13       rollbacks_per_sec         0.0
2026-09-04 05:49:13       batch_requests_per_sec    0.0
2026-09-04 05:49:13       sql_compilations_per_sec  0.0
2026-09-04 05:49:13       database_size_mb          0
2026-09-04 05:49:13       total_reads               713
2026-09-04 05:49:13       total_writes              597
2026-09-04 05:49:13       venta_locks               0
2026-09-04 05:49:13       detalle_venta_locks       0
2026-09-04 05:49:13       inventario_locks          0
2026-09-04 05:49:13       kardex_locks              0
2026-09-04 05:49:13       caja_locks                0
2026-09-04 05:49:13       movimiento_caja_locks     0
2026-09-04 05:49:13       auditoria_locks           0
2026-09-04 05:49:13       api_status                0
2026-09-04 05:49:13       api_latency_ms            5006
2026-09-04 05:49:13       products_count            0
2026-09-04 05:49:13       sales_count               0
2026-09-04 05:49:28       cpu_usr                   46.1
2026-09-04 05:49:28       cpu_sys                   16.6
2026-09-04 05:49:28       cpu_idl                   29.5
2026-09-04 05:49:28       cpu_wai                   0.1
2026-09-04 05:49:28       cpu_stl                   0.0
2026-09-04 05:49:28       memory_percent            56.2
2026-09-04 05:49:28       memory_used_mb            2202
2026-09-04 05:49:28       memory_available_mb       1714
2026-09-04 05:49:28       disk_read_per_sec         155773
2026-09-04 05:49:28       disk_write_per_sec        5312711
2026-09-04 05:49:28       net_send_per_sec          5943
2026-09-04 05:49:28       net_recv_per_sec          40915
2026-09-04 05:49:28       load1                     8.52
2026-09-04 05:49:28       load5                     7.77
2026-09-04 05:49:28       load15                    5.08
2026-09-04 05:49:28       active_sessions           31
2026-09-04 05:49:28       active_requests           18
2026-09-04 05:49:28       long_queries              9
2026-09-04 05:49:28       long_transactions         9
2026-09-04 05:49:28       idle_sessions             29
2026-09-04 05:49:28       lock_waits                0
2026-09-04 05:49:28       total_locks               13
2026-09-04 05:49:28       deadlocks_per_sec         0
2026-09-04 05:49:28       page_life_expectancy      615
2026-09-04 05:49:28       buffer_cache_hit_ratio    100.0
2026-09-04 05:49:28       transactions_per_sec      144.16
2026-09-04 05:49:28       page_reads_per_sec        0.0
2026-09-04 05:49:28       page_writes_per_sec       0.0
2026-09-04 05:49:28       rollbacks_per_sec         0.0
2026-09-04 05:49:28       batch_requests_per_sec    0.0
2026-09-04 05:49:28       sql_compilations_per_sec  0.0
2026-09-04 05:49:28       database_size_mb          0
2026-09-04 05:49:28       total_reads               713
2026-09-04 05:49:28       total_writes              606
2026-09-04 05:49:28       venta_locks               0
2026-09-04 05:49:28       detalle_venta_locks       0
2026-09-04 05:49:28       inventario_locks          0
2026-09-04 05:49:28       kardex_locks              0
2026-09-04 05:49:28       caja_locks                0
2026-09-04 05:49:28       movimiento_caja_locks     0
2026-09-04 05:49:28       auditoria_locks           0
2026-09-04 05:49:28       api_status                0
2026-09-04 05:49:28       api_latency_ms            5008
2026-09-04 05:49:28       products_count            0
2026-09-04 05:49:28       sales_count               0
2026-09-04 05:49:43       cpu_usr                   45.6
2026-09-04 05:49:43       cpu_sys                   16.6
2026-09-04 05:49:43       cpu_idl                   29.7
2026-09-04 05:49:43       cpu_wai                   0.1
2026-09-04 05:49:43       cpu_stl                   0.0
2026-09-04 05:49:43       memory_percent            56.3
2026-09-04 05:49:43       memory_used_mb            2206
2026-09-04 05:49:43       memory_available_mb       1710
2026-09-04 05:49:43       disk_read_per_sec         112624
2026-09-04 05:49:43       disk_write_per_sec        5040265
2026-09-04 05:49:43       net_send_per_sec          5542
2026-09-04 05:49:43       net_recv_per_sec          35431
2026-09-04 05:49:43       load1                     9.00
2026-09-04 05:49:43       load5                     7.91
2026-09-04 05:49:43       load15                    5.17
2026-09-04 05:49:43       active_sessions           31
2026-09-04 05:49:43       active_requests           18
2026-09-04 05:49:43       long_queries              17
2026-09-04 05:49:43       long_transactions         9
2026-09-04 05:49:43       idle_sessions             29
2026-09-04 05:49:43       lock_waits                0
2026-09-04 05:49:43       total_locks               13
2026-09-04 05:49:43       deadlocks_per_sec         0
2026-09-04 05:49:43       page_life_expectancy      630
2026-09-04 05:49:43       buffer_cache_hit_ratio    99.92
2026-09-04 05:49:43       transactions_per_sec      141.3
2026-09-04 05:49:43       page_reads_per_sec        0.0
2026-09-04 05:49:43       page_writes_per_sec       0.0
2026-09-04 05:49:43       rollbacks_per_sec         0.0
2026-09-04 05:49:43       batch_requests_per_sec    0.0
2026-09-04 05:49:43       sql_compilations_per_sec  0.0
2026-09-04 05:49:43       database_size_mb          0
2026-09-04 05:49:43       total_reads               714
2026-09-04 05:49:43       total_writes              612
2026-09-04 05:49:43       venta_locks               0
2026-09-04 05:49:43       detalle_venta_locks       0
2026-09-04 05:49:43       inventario_locks          0
2026-09-04 05:49:43       kardex_locks              0
2026-09-04 05:49:43       caja_locks                0
2026-09-04 05:49:43       movimiento_caja_locks     0
2026-09-04 05:49:43       auditoria_locks           0
2026-09-04 05:49:43       api_status                0
2026-09-04 05:49:43       api_latency_ms            5009
2026-09-04 05:49:43       products_count            0
2026-09-04 05:49:43       sales_count               0
2026-09-04 05:49:59       cpu_usr                   46.7
2026-09-04 05:49:59       cpu_sys                   16.2
2026-09-04 05:49:59       cpu_idl                   29.6
2026-09-04 05:49:59       cpu_wai                   0.0
2026-09-04 05:49:59       cpu_stl                   0.0
2026-09-04 05:49:59       memory_percent            56.6
2026-09-04 05:49:59       memory_used_mb            2218
2026-09-04 05:49:59       memory_available_mb       1698
2026-09-04 05:49:59       disk_read_per_sec         75094
2026-09-04 05:49:59       disk_write_per_sec        4577889
2026-09-04 05:49:59       net_send_per_sec          5627
2026-09-04 05:49:59       net_recv_per_sec          33988
2026-09-04 05:49:59       load1                     8.88
2026-09-04 05:49:59       load5                     7.94
2026-09-04 05:49:59       load15                    5.22
2026-09-04 05:49:59       active_sessions           31
2026-09-04 05:49:59       active_requests           18
2026-09-04 05:49:59       long_queries              17
2026-09-04 05:49:59       long_transactions         17
2026-09-04 05:49:59       idle_sessions             29
2026-09-04 05:49:59       lock_waits                0
2026-09-04 05:49:59       total_locks               13
2026-09-04 05:49:59       deadlocks_per_sec         0
2026-09-04 05:49:59       page_life_expectancy      645
2026-09-04 05:49:59       buffer_cache_hit_ratio    100.0
2026-09-04 05:49:59       transactions_per_sec      97.4
2026-09-04 05:49:59       page_reads_per_sec        0.0
2026-09-04 05:49:59       page_writes_per_sec       0.0
2026-09-04 05:49:59       rollbacks_per_sec         0.0
2026-09-04 05:49:59       batch_requests_per_sec    0.0
2026-09-04 05:49:59       sql_compilations_per_sec  0.0
2026-09-04 05:49:59       database_size_mb          0
2026-09-04 05:49:59       total_reads               714
2026-09-04 05:49:59       total_writes              613
2026-09-04 05:49:59       venta_locks               0
2026-09-04 05:49:59       detalle_venta_locks       0
2026-09-04 05:49:59       inventario_locks          0
2026-09-04 05:49:59       kardex_locks              0
2026-09-04 05:49:59       caja_locks                0
2026-09-04 05:49:59       movimiento_caja_locks     0
2026-09-04 05:49:59       auditoria_locks           0
2026-09-04 05:49:59       api_status                0
2026-09-04 05:49:59       api_latency_ms            5008
2026-09-04 05:49:59       products_count            0
2026-09-04 05:49:59       sales_count               0
2026-09-04 05:50:14       cpu_usr                   45.4
2026-09-04 05:50:14       cpu_sys                   16.7
2026-09-04 05:50:14       cpu_idl                   29.9
2026-09-04 05:50:14       cpu_wai                   0.1
2026-09-04 05:50:14       cpu_stl                   0.0
2026-09-04 05:50:14       memory_percent            56.9
2026-09-04 05:50:14       memory_used_mb            2227
2026-09-04 05:50:14       memory_available_mb       1689
2026-09-04 05:50:14       disk_read_per_sec         145083
2026-09-04 05:50:14       disk_write_per_sec        5831350
2026-09-04 05:50:14       net_send_per_sec          5833
2026-09-04 05:50:14       net_recv_per_sec          34649
2026-09-04 05:50:14       load1                     8.51
2026-09-04 05:50:14       load5                     7.91
2026-09-04 05:50:14       load15                    5.25
2026-09-04 05:50:14       active_sessions           31
2026-09-04 05:50:14       active_requests           18
2026-09-04 05:50:14       long_queries              17
2026-09-04 05:50:14       long_transactions         17
2026-09-04 05:50:14       idle_sessions             29
2026-09-04 05:50:14       lock_waits                0
2026-09-04 05:50:14       total_locks               13
2026-09-04 05:50:14       deadlocks_per_sec         0
2026-09-04 05:50:14       page_life_expectancy      660
2026-09-04 05:50:14       buffer_cache_hit_ratio    100.0
2026-09-04 05:50:14       transactions_per_sec      93.36
2026-09-04 05:50:14       page_reads_per_sec        0.0
2026-09-04 05:50:14       page_writes_per_sec       0.0
2026-09-04 05:50:14       rollbacks_per_sec         0.0
2026-09-04 05:50:14       batch_requests_per_sec    0.0
2026-09-04 05:50:14       sql_compilations_per_sec  0.0
2026-09-04 05:50:14       database_size_mb          0
2026-09-04 05:50:14       total_reads               714
2026-09-04 05:50:14       total_writes              613
2026-09-04 05:50:14       venta_locks               0
2026-09-04 05:50:14       detalle_venta_locks       0
2026-09-04 05:50:14       inventario_locks          0
2026-09-04 05:50:14       kardex_locks              0
2026-09-04 05:50:14       caja_locks                0
2026-09-04 05:50:14       movimiento_caja_locks     0
2026-09-04 05:50:14       auditoria_locks           0
2026-09-04 05:50:14       api_status                0
2026-09-04 05:50:14       api_latency_ms            5006
2026-09-04 05:50:14       products_count            0
2026-09-04 05:50:14       sales_count               0
2026-09-04 05:50:29       cpu_usr                   47.3
2026-09-04 05:50:29       cpu_sys                   17.3
2026-09-04 05:50:29       cpu_idl                   27.5
2026-09-04 05:50:29       cpu_wai                   0.0
2026-09-04 05:50:29       cpu_stl                   0.0
2026-09-04 05:50:29       memory_percent            57.0
2026-09-04 05:50:29       memory_used_mb            2231
2026-09-04 05:50:29       memory_available_mb       1685
2026-09-04 05:50:29       disk_read_per_sec         254162
2026-09-04 05:50:29       disk_write_per_sec        3919124
2026-09-04 05:50:29       net_send_per_sec          5667
2026-09-04 05:50:29       net_recv_per_sec          33740
2026-09-04 05:50:29       load1                     7.74
2026-09-04 05:50:29       load5                     7.76
2026-09-04 05:50:29       load15                    5.25
2026-09-04 05:50:29       active_sessions           31
2026-09-04 05:50:29       active_requests           18
2026-09-04 05:50:29       long_queries              17
2026-09-04 05:50:29       long_transactions         17
2026-09-04 05:50:29       idle_sessions             30
2026-09-04 05:50:29       lock_waits                0
2026-09-04 05:50:29       total_locks               13
2026-09-04 05:50:29       deadlocks_per_sec         0
2026-09-04 05:50:29       page_life_expectancy      675
2026-09-04 05:50:29       buffer_cache_hit_ratio    100.0
2026-09-04 05:50:29       transactions_per_sec      145.6
2026-09-04 05:50:29       page_reads_per_sec        0.0
2026-09-04 05:50:29       page_writes_per_sec       0.0
2026-09-04 05:50:29       rollbacks_per_sec         0.0
2026-09-04 05:50:29       batch_requests_per_sec    0.0
2026-09-04 05:50:29       sql_compilations_per_sec  0.0
2026-09-04 05:50:29       database_size_mb          0
2026-09-04 05:50:29       total_reads               714
2026-09-04 05:50:29       total_writes              622
2026-09-04 05:50:29       venta_locks               0
2026-09-04 05:50:29       detalle_venta_locks       0
2026-09-04 05:50:29       inventario_locks          0
2026-09-04 05:50:29       kardex_locks              0
2026-09-04 05:50:29       caja_locks                0
2026-09-04 05:50:29       movimiento_caja_locks     0
2026-09-04 05:50:29       auditoria_locks           0
2026-09-04 05:50:29       api_status                0
2026-09-04 05:50:29       api_latency_ms            5006
2026-09-04 05:50:29       products_count            0
2026-09-04 05:50:29       sales_count               0
2026-09-04 05:50:44       cpu_usr                   45.0
2026-09-04 05:50:44       cpu_sys                   17.4
2026-09-04 05:50:44       cpu_idl                   29.8
2026-09-04 05:50:44       cpu_wai                   0.1
2026-09-04 05:50:44       cpu_stl                   0.0
2026-09-04 05:50:44       memory_percent            57.2
2026-09-04 05:50:44       memory_used_mb            2239
2026-09-04 05:50:44       memory_available_mb       1677
2026-09-04 05:50:44       disk_read_per_sec         224668
2026-09-04 05:50:44       disk_write_per_sec        6727938
2026-09-04 05:50:44       net_send_per_sec          5327
2026-09-04 05:50:44       net_recv_per_sec          33775
2026-09-04 05:50:44       load1                     9.50
2026-09-04 05:50:44       load5                     8.15
2026-09-04 05:50:44       load15                    5.42
2026-09-04 05:50:44       active_sessions           31
2026-09-04 05:50:44       active_requests           18
2026-09-04 05:50:44       long_queries              17
2026-09-04 05:50:44       long_transactions         17
2026-09-04 05:50:44       idle_sessions             30
2026-09-04 05:50:44       lock_waits                0
2026-09-04 05:50:44       total_locks               13
2026-09-04 05:50:44       deadlocks_per_sec         0
2026-09-04 05:50:44       page_life_expectancy      690
2026-09-04 05:50:44       buffer_cache_hit_ratio    100.0
2026-09-04 05:50:44       transactions_per_sec      109.7
2026-09-04 05:50:44       page_reads_per_sec        0.0
2026-09-04 05:50:44       page_writes_per_sec       0.0
2026-09-04 05:50:44       rollbacks_per_sec         0.0
2026-09-04 05:50:44       batch_requests_per_sec    0.0
2026-09-04 05:50:44       sql_compilations_per_sec  0.0
2026-09-04 05:50:44       database_size_mb          0
2026-09-04 05:50:44       total_reads               715
2026-09-04 05:50:44       total_writes              627
2026-09-04 05:50:44       venta_locks               0
2026-09-04 05:50:44       detalle_venta_locks       0
2026-09-04 05:50:44       inventario_locks          0
2026-09-04 05:50:44       kardex_locks              0
2026-09-04 05:50:44       caja_locks                0
2026-09-04 05:50:44       movimiento_caja_locks     0
2026-09-04 05:50:44       auditoria_locks           0
2026-09-04 05:50:44       api_status                0
2026-09-04 05:50:44       api_latency_ms            5011
2026-09-04 05:50:44       products_count            0
2026-09-04 05:50:44       sales_count               0
2026-09-04 05:50:59       cpu_usr                   46.2
2026-09-04 05:50:59       cpu_sys                   16.8
2026-09-04 05:50:59       cpu_idl                   28.8
2026-09-04 05:50:59       cpu_wai                   0.0
2026-09-04 05:50:59       cpu_stl                   0.0
2026-09-04 05:50:59       memory_percent            57.1
2026-09-04 05:50:59       memory_used_mb            2236
2026-09-04 05:50:59       memory_available_mb       1680
2026-09-04 05:50:59       disk_read_per_sec         73663
2026-09-04 05:50:59       disk_write_per_sec        3344233
2026-09-04 05:50:59       net_send_per_sec          5822
2026-09-04 05:50:59       net_recv_per_sec          37877
2026-09-04 05:50:59       load1                     9.58
2026-09-04 05:50:59       load5                     8.23
2026-09-04 05:50:59       load15                    5.49
2026-09-04 05:50:59       active_sessions           31
2026-09-04 05:50:59       active_requests           18
2026-09-04 05:50:59       long_queries              17
2026-09-04 05:50:59       long_transactions         17
2026-09-04 05:50:59       idle_sessions             29
2026-09-04 05:50:59       lock_waits                0
2026-09-04 05:50:59       total_locks               13
2026-09-04 05:50:59       deadlocks_per_sec         0
2026-09-04 05:50:59       page_life_expectancy      705
2026-09-04 05:50:59       buffer_cache_hit_ratio    100.0
2026-09-04 05:50:59       transactions_per_sec      171.21
2026-09-04 05:50:59       page_reads_per_sec        0.0
2026-09-04 05:50:59       page_writes_per_sec       0.0
2026-09-04 05:50:59       rollbacks_per_sec         0.0
2026-09-04 05:50:59       batch_requests_per_sec    0.0
2026-09-04 05:50:59       sql_compilations_per_sec  0.0
2026-09-04 05:50:59       database_size_mb          0
2026-09-04 05:50:59       total_reads               715
2026-09-04 05:50:59       total_writes              630
2026-09-04 05:50:59       venta_locks               0
2026-09-04 05:50:59       detalle_venta_locks       0
2026-09-04 05:50:59       inventario_locks          0
2026-09-04 05:50:59       kardex_locks              0
2026-09-04 05:50:59       caja_locks                0
2026-09-04 05:50:59       movimiento_caja_locks     0
2026-09-04 05:50:59       auditoria_locks           0
2026-09-04 05:50:59       api_status                0
2026-09-04 05:50:59       api_latency_ms            5008
2026-09-04 05:50:59       products_count            0
2026-09-04 05:50:59       sales_count               0
2026-09-04 05:51:14       cpu_usr                   45.9
2026-09-04 05:51:14       cpu_sys                   17.1
2026-09-04 05:51:14       cpu_idl                   28.8
2026-09-04 05:51:14       cpu_wai                   0.3
2026-09-04 05:51:14       cpu_stl                   0.0
2026-09-04 05:51:14       memory_percent            57.0
2026-09-04 05:51:14       memory_used_mb            2230
2026-09-04 05:51:14       memory_available_mb       1686
2026-09-04 05:51:14       disk_read_per_sec         109068
2026-09-04 05:51:14       disk_write_per_sec        5034422
2026-09-04 05:51:14       net_send_per_sec          5529
2026-09-04 05:51:14       net_recv_per_sec          36700
2026-09-04 05:51:14       load1                     9.91
2026-09-04 05:51:14       load5                     8.38
2026-09-04 05:51:14       load15                    5.58
2026-09-04 05:51:14       active_sessions           31
2026-09-04 05:51:14       active_requests           18
2026-09-04 05:51:14       long_queries              17
2026-09-04 05:51:14       long_transactions         17
2026-09-04 05:51:14       idle_sessions             29
2026-09-04 05:51:14       lock_waits                0
2026-09-04 05:51:14       total_locks               13
2026-09-04 05:51:14       deadlocks_per_sec         0
2026-09-04 05:51:14       page_life_expectancy      722
2026-09-04 05:51:14       buffer_cache_hit_ratio    100.0
2026-09-04 05:51:14       transactions_per_sec      152.25
2026-09-04 05:51:14       page_reads_per_sec        0.0
2026-09-04 05:51:14       page_writes_per_sec       0.0
2026-09-04 05:51:14       rollbacks_per_sec         0.0
2026-09-04 05:51:14       batch_requests_per_sec    0.0
2026-09-04 05:51:14       sql_compilations_per_sec  0.0
2026-09-04 05:51:14       database_size_mb          0
2026-09-04 05:51:14       total_reads               715
2026-09-04 05:51:14       total_writes              641
2026-09-04 05:51:14       venta_locks               0
2026-09-04 05:51:14       detalle_venta_locks       0
2026-09-04 05:51:14       inventario_locks          0
2026-09-04 05:51:14       kardex_locks              0
2026-09-04 05:51:14       caja_locks                0
2026-09-04 05:51:14       movimiento_caja_locks     0
2026-09-04 05:51:14       auditoria_locks           0
2026-09-04 05:51:14       api_status                0
2026-09-04 05:51:14       api_latency_ms            5007
2026-09-04 05:51:14       products_count            0
2026-09-04 05:51:14       sales_count               0
2026-09-04 05:51:30       cpu_usr                   45.6
2026-09-04 05:51:30       cpu_sys                   16.9
2026-09-04 05:51:30       cpu_idl                   29.4
2026-09-04 05:51:30       cpu_wai                   0.1
2026-09-04 05:51:30       cpu_stl                   0.0
2026-09-04 05:51:30       memory_percent            57.3
2026-09-04 05:51:30       memory_used_mb            2243
2026-09-04 05:51:30       memory_available_mb       1673
2026-09-04 05:51:30       disk_read_per_sec         216803
2026-09-04 05:51:30       disk_write_per_sec        4277478
2026-09-04 05:51:30       net_send_per_sec          5719
2026-09-04 05:51:30       net_recv_per_sec          34898
2026-09-04 05:51:30       load1                     9.80
2026-09-04 05:51:30       load5                     8.42
2026-09-04 05:51:30       load15                    5.64
2026-09-04 05:51:30       active_sessions           31
2026-09-04 05:51:30       active_requests           18
2026-09-04 05:51:30       long_queries              17
2026-09-04 05:51:30       long_transactions         17
2026-09-04 05:51:30       idle_sessions             27
2026-09-04 05:51:30       lock_waits                0
2026-09-04 05:51:30       total_locks               13
2026-09-04 05:51:30       deadlocks_per_sec         0
2026-09-04 05:51:30       page_life_expectancy      737
2026-09-04 05:51:30       buffer_cache_hit_ratio    100.0
2026-09-04 05:51:30       transactions_per_sec      119.44
2026-09-04 05:51:30       page_reads_per_sec        0.0
2026-09-04 05:51:30       page_writes_per_sec       0.0
2026-09-04 05:51:30       rollbacks_per_sec         0.0
2026-09-04 05:51:30       batch_requests_per_sec    0.0
2026-09-04 05:51:30       sql_compilations_per_sec  0.0
2026-09-04 05:51:30       database_size_mb          0
2026-09-04 05:51:30       total_reads               715
2026-09-04 05:51:30       total_writes              644
2026-09-04 05:51:30       venta_locks               0
2026-09-04 05:51:30       detalle_venta_locks       0
2026-09-04 05:51:30       inventario_locks          0
2026-09-04 05:51:30       kardex_locks              0
2026-09-04 05:51:30       caja_locks                0
2026-09-04 05:51:30       movimiento_caja_locks     0
2026-09-04 05:51:30       auditoria_locks           0
2026-09-04 05:51:30       api_status                0
2026-09-04 05:51:30       api_latency_ms            5006
2026-09-04 05:51:30       products_count            0
2026-09-04 05:51:30       sales_count               0
2026-09-04 05:51:45       cpu_usr                   45.5
2026-09-04 05:51:45       cpu_sys                   16.9
2026-09-04 05:51:45       cpu_idl                   30.1
2026-09-04 05:51:45       cpu_wai                   0.1
2026-09-04 05:51:45       cpu_stl                   0.0
2026-09-04 05:51:45       memory_percent            57.4
2026-09-04 05:51:45       memory_used_mb            2248
2026-09-04 05:51:45       memory_available_mb       1669
2026-09-04 05:51:45       disk_read_per_sec         43966
2026-09-04 05:51:45       disk_write_per_sec        3071171
2026-09-04 05:51:45       net_send_per_sec          5664
2026-09-04 05:51:45       net_recv_per_sec          34127
2026-09-04 05:51:45       load1                     9.50
2026-09-04 05:51:45       load5                     8.42
2026-09-04 05:51:45       load15                    5.68
2026-09-04 05:51:45       active_sessions           31
2026-09-04 05:51:45       active_requests           18
2026-09-04 05:51:45       long_queries              17
2026-09-04 05:51:45       long_transactions         17
2026-09-04 05:51:45       idle_sessions             29
2026-09-04 05:51:45       lock_waits                0
2026-09-04 05:51:45       total_locks               13
2026-09-04 05:51:45       deadlocks_per_sec         0
2026-09-04 05:51:45       page_life_expectancy      752
2026-09-04 05:51:45       buffer_cache_hit_ratio    100.0
2026-09-04 05:51:45       transactions_per_sec      116.89
2026-09-04 05:51:45       page_reads_per_sec        0.0
2026-09-04 05:51:45       page_writes_per_sec       0.0
2026-09-04 05:51:45       rollbacks_per_sec         0.0
2026-09-04 05:51:45       batch_requests_per_sec    0.0
2026-09-04 05:51:45       sql_compilations_per_sec  0.0
2026-09-04 05:51:45       database_size_mb          0
2026-09-04 05:51:45       total_reads               715
2026-09-04 05:51:45       total_writes              645
2026-09-04 05:51:45       venta_locks               0
2026-09-04 05:51:45       detalle_venta_locks       0
2026-09-04 05:51:45       inventario_locks          0
2026-09-04 05:51:45       kardex_locks              0
2026-09-04 05:51:45       caja_locks                0
2026-09-04 05:51:45       movimiento_caja_locks     0
2026-09-04 05:51:45       auditoria_locks           0
2026-09-04 05:51:45       api_status                0
2026-09-04 05:51:45       api_latency_ms            5008
2026-09-04 05:51:45       products_count            0
2026-09-04 05:51:45       sales_count               0
2026-09-04 05:52:00       cpu_usr                   47.8
2026-09-04 05:52:00       cpu_sys                   16.5
2026-09-04 05:52:00       cpu_idl                   28.1
2026-09-04 05:52:00       cpu_wai                   0.1
2026-09-04 05:52:00       cpu_stl                   0.0
2026-09-04 05:52:00       memory_percent            57.3
2026-09-04 05:52:00       memory_used_mb            2243
2026-09-04 05:52:00       memory_available_mb       1673
2026-09-04 05:52:00       disk_read_per_sec         500037
2026-09-04 05:52:00       disk_write_per_sec        6174757
2026-09-04 05:52:00       net_send_per_sec          5621
2026-09-04 05:52:00       net_recv_per_sec          36700
2026-09-04 05:52:00       load1                     9.45
2026-09-04 05:52:00       load5                     8.47
2026-09-04 05:52:00       load15                    5.74
2026-09-04 05:52:00       active_sessions           31
2026-09-04 05:52:00       active_requests           19
2026-09-04 05:52:00       long_queries              17
2026-09-04 05:52:00       long_transactions         17
2026-09-04 05:52:00       idle_sessions             30
2026-09-04 05:52:00       lock_waits                0
2026-09-04 05:52:00       total_locks               13
2026-09-04 05:52:00       deadlocks_per_sec         0
2026-09-04 05:52:00       page_life_expectancy      767
2026-09-04 05:52:00       buffer_cache_hit_ratio    100.0
2026-09-04 05:52:00       transactions_per_sec      162.53
2026-09-04 05:52:00       page_reads_per_sec        0.0
2026-09-04 05:52:00       page_writes_per_sec       0.0
2026-09-04 05:52:00       rollbacks_per_sec         0.0
2026-09-04 05:52:00       batch_requests_per_sec    0.0
2026-09-04 05:52:00       sql_compilations_per_sec  0.0
2026-09-04 05:52:00       database_size_mb          0
2026-09-04 05:52:00       total_reads               715
2026-09-04 05:52:00       total_writes              655
2026-09-04 05:52:00       venta_locks               13
2026-09-04 05:52:00       detalle_venta_locks       0
2026-09-04 05:52:00       inventario_locks          0
2026-09-04 05:52:00       kardex_locks              0
2026-09-04 05:52:00       caja_locks                0
2026-09-04 05:52:00       movimiento_caja_locks     0
2026-09-04 05:52:00       auditoria_locks           0
2026-09-04 05:52:00       api_status                0
2026-09-04 05:52:00       api_latency_ms            5005
2026-09-04 05:52:00       products_count            0
2026-09-04 05:52:00       sales_count               0
2026-09-04 05:52:15       cpu_usr                   47.6
2026-09-04 05:52:15       cpu_sys                   16.6
2026-09-04 05:52:15       cpu_idl                   28.5
2026-09-04 05:52:15       cpu_wai                   0.1
2026-09-04 05:52:15       cpu_stl                   0.0
2026-09-04 05:52:15       memory_percent            57.7
2026-09-04 05:52:15       memory_used_mb            2261
2026-09-04 05:52:15       memory_available_mb       1655
2026-09-04 05:52:15       disk_read_per_sec         771395
2026-09-04 05:52:15       disk_write_per_sec        4597848
2026-09-04 05:52:15       net_send_per_sec          5685
2026-09-04 05:52:15       net_recv_per_sec          34484
2026-09-04 05:52:15       load1                     9.35
2026-09-04 05:52:15       load5                     8.49
2026-09-04 05:52:15       load15                    5.79
2026-09-04 05:52:15       active_sessions           31
2026-09-04 05:52:15       active_requests           19
2026-09-04 05:52:15       long_queries              17
2026-09-04 05:52:15       long_transactions         17
2026-09-04 05:52:15       idle_sessions             29
2026-09-04 05:52:15       lock_waits                0
2026-09-04 05:52:15       total_locks               13
2026-09-04 05:52:15       deadlocks_per_sec         0
2026-09-04 05:52:15       page_life_expectancy      782
2026-09-04 05:52:15       buffer_cache_hit_ratio    100.0
2026-09-04 05:52:15       transactions_per_sec      116.95
2026-09-04 05:52:15       page_reads_per_sec        0.0
2026-09-04 05:52:15       page_writes_per_sec       0.0
2026-09-04 05:52:15       rollbacks_per_sec         0.0
2026-09-04 05:52:15       batch_requests_per_sec    0.0
2026-09-04 05:52:15       sql_compilations_per_sec  0.0
2026-09-04 05:52:15       database_size_mb          0
2026-09-04 05:52:15       total_reads               715
2026-09-04 05:52:15       total_writes              661
2026-09-04 05:52:15       venta_locks               0
2026-09-04 05:52:15       detalle_venta_locks       0
2026-09-04 05:52:15       inventario_locks          0
2026-09-04 05:52:15       kardex_locks              0
2026-09-04 05:52:15       caja_locks                0
2026-09-04 05:52:15       movimiento_caja_locks     0
2026-09-04 05:52:15       auditoria_locks           0
2026-09-04 05:52:15       api_status                0
2026-09-04 05:52:15       api_latency_ms            5006
2026-09-04 05:52:15       products_count            0
2026-09-04 05:52:15       sales_count               0
2026-09-04 05:52:31       cpu_usr                   47.3
2026-09-04 05:52:31       cpu_sys                   16.3
2026-09-04 05:52:31       cpu_idl                   29.3
2026-09-04 05:52:31       cpu_wai                   0.1
2026-09-04 05:52:31       cpu_stl                   0.0
2026-09-04 05:52:31       memory_percent            57.8
2026-09-04 05:52:31       memory_used_mb            2263
2026-09-04 05:52:31       memory_available_mb       1653
2026-09-04 05:52:31       disk_read_per_sec         87943
2026-09-04 05:52:31       disk_write_per_sec        3466463
2026-09-04 05:52:31       net_send_per_sec          6063
2026-09-04 05:52:31       net_recv_per_sec          36604
2026-09-04 05:52:31       load1                     9.76
2026-09-04 05:52:31       load5                     8.63
2026-09-04 05:52:31       load15                    5.88
2026-09-04 05:52:31       active_sessions           23
2026-09-04 05:52:31       active_requests           10
2026-09-04 05:52:31       long_queries              9
2026-09-04 05:52:31       long_transactions         9
2026-09-04 05:52:31       idle_sessions             22
2026-09-04 05:52:31       lock_waits                0
2026-09-04 05:52:31       total_locks               13
2026-09-04 05:52:31       deadlocks_per_sec         0
2026-09-04 05:52:31       page_life_expectancy      797
2026-09-04 05:52:31       buffer_cache_hit_ratio    100.0
2026-09-04 05:52:31       transactions_per_sec      134.42
2026-09-04 05:52:31       page_reads_per_sec        0.0
2026-09-04 05:52:31       page_writes_per_sec       0.0
2026-09-04 05:52:31       rollbacks_per_sec         0.0
2026-09-04 05:52:31       batch_requests_per_sec    0.0
2026-09-04 05:52:31       sql_compilations_per_sec  0.0
2026-09-04 05:52:31       database_size_mb          0
2026-09-04 05:52:31       total_reads               715
2026-09-04 05:52:31       total_writes              667
2026-09-04 05:52:31       venta_locks               0
2026-09-04 05:52:31       detalle_venta_locks       0
2026-09-04 05:52:31       inventario_locks          0
2026-09-04 05:52:31       kardex_locks              0
2026-09-04 05:52:31       caja_locks                0
2026-09-04 05:52:31       movimiento_caja_locks     0
2026-09-04 05:52:31       auditoria_locks           0
2026-09-04 05:52:31       api_status                0
2026-09-04 05:52:31       api_latency_ms            5006
2026-09-04 05:52:31       products_count            0
2026-09-04 05:52:31       sales_count               0
2026-09-04 05:52:46       cpu_usr                   46.0
2026-09-04 05:52:46       cpu_sys                   16.9
2026-09-04 05:52:46       cpu_idl                   29.4
2026-09-04 05:52:46       cpu_wai                   0.1
2026-09-04 05:52:46       cpu_stl                   0.0
2026-09-04 05:52:46       memory_percent            57.9
2026-09-04 05:52:46       memory_used_mb            2269
2026-09-04 05:52:46       memory_available_mb       1647
2026-09-04 05:52:46       disk_read_per_sec         146989
2026-09-04 05:52:46       disk_write_per_sec        5386985
2026-09-04 05:52:46       net_send_per_sec          5511
2026-09-04 05:52:46       net_recv_per_sec          34450
2026-09-04 05:52:46       load1                     10.21
2026-09-04 05:52:46       load5                     8.78
2026-09-04 05:52:46       load15                    5.98
2026-09-04 05:52:46       active_sessions           23
2026-09-04 05:52:46       active_requests           12
2026-09-04 05:52:46       long_queries              9
2026-09-04 05:52:46       long_transactions         9
2026-09-04 05:52:46       idle_sessions             22
2026-09-04 05:52:46       lock_waits                0
2026-09-04 05:52:46       total_locks               13
2026-09-04 05:52:46       deadlocks_per_sec         0
2026-09-04 05:52:46       page_life_expectancy      812
2026-09-04 05:52:46       buffer_cache_hit_ratio    100.0
2026-09-04 05:52:46       transactions_per_sec      109.77
2026-09-04 05:52:46       page_reads_per_sec        0.0
2026-09-04 05:52:46       page_writes_per_sec       0.0
2026-09-04 05:52:46       rollbacks_per_sec         0.0
2026-09-04 05:52:46       batch_requests_per_sec    0.0
2026-09-04 05:52:46       sql_compilations_per_sec  0.0
2026-09-04 05:52:46       database_size_mb          0
2026-09-04 05:52:46       total_reads               715
2026-09-04 05:52:46       total_writes              673
2026-09-04 05:52:46       venta_locks               0
2026-09-04 05:52:46       detalle_venta_locks       0
2026-09-04 05:52:46       inventario_locks          0
2026-09-04 05:52:46       kardex_locks              0
2026-09-04 05:52:46       caja_locks                0
2026-09-04 05:52:46       movimiento_caja_locks     0
2026-09-04 05:52:46       auditoria_locks           0
2026-09-04 05:52:46       api_status                0
2026-09-04 05:52:46       api_latency_ms            5005
2026-09-04 05:52:46       products_count            0
2026-09-04 05:52:46       sales_count               0
2026-09-04 05:53:01       cpu_usr                   46.9
2026-09-04 05:53:01       cpu_sys                   16.2
2026-09-04 05:53:01       cpu_idl                   29.4
2026-09-04 05:53:01       cpu_wai                   0.1
2026-09-04 05:53:01       cpu_stl                   0.0
2026-09-04 05:53:01       memory_percent            58.0
2026-09-04 05:53:01       memory_used_mb            2270
2026-09-04 05:53:01       memory_available_mb       1646
2026-09-04 05:53:01       disk_read_per_sec         21874
2026-09-04 05:53:01       disk_write_per_sec        3387714
2026-09-04 05:53:01       net_send_per_sec          5907
2026-09-04 05:53:01       net_recv_per_sec          34726
2026-09-04 05:53:01       load1                     10.33
2026-09-04 05:53:01       load5                     8.87
2026-09-04 05:53:01       load15                    6.05
2026-09-04 05:53:01       active_sessions           23
2026-09-04 05:53:01       active_requests           12
2026-09-04 05:53:01       long_queries              9
2026-09-04 05:53:01       long_transactions         9
2026-09-04 05:53:01       idle_sessions             20
2026-09-04 05:53:01       lock_waits                0
2026-09-04 05:53:01       total_locks               13
2026-09-04 05:53:01       deadlocks_per_sec         0
2026-09-04 05:53:01       page_life_expectancy      827
2026-09-04 05:53:01       buffer_cache_hit_ratio    100.0
2026-09-04 05:53:01       transactions_per_sec      129.35
2026-09-04 05:53:01       page_reads_per_sec        0.0
2026-09-04 05:53:01       page_writes_per_sec       0.0
2026-09-04 05:53:01       rollbacks_per_sec         0.0
2026-09-04 05:53:01       batch_requests_per_sec    0.0
2026-09-04 05:53:01       sql_compilations_per_sec  0.0
2026-09-04 05:53:01       database_size_mb          0
2026-09-04 05:53:01       total_reads               715
2026-09-04 05:53:01       total_writes              675
2026-09-04 05:53:01       venta_locks               0
2026-09-04 05:53:01       detalle_venta_locks       0
2026-09-04 05:53:01       inventario_locks          0
2026-09-04 05:53:01       kardex_locks              0
2026-09-04 05:53:01       caja_locks                0
2026-09-04 05:53:01       movimiento_caja_locks     0
2026-09-04 05:53:01       auditoria_locks           0
2026-09-04 05:53:01       api_status                0
2026-09-04 05:53:01       api_latency_ms            5008
2026-09-04 05:53:01       products_count            0
2026-09-04 05:53:01       sales_count               0
2026-09-04 05:53:16       cpu_usr                   47.1
2026-09-04 05:53:16       cpu_sys                   16.4
2026-09-04 05:53:16       cpu_idl                   28.7
2026-09-04 05:53:16       cpu_wai                   0.1
2026-09-04 05:53:16       cpu_stl                   0.0
2026-09-04 05:53:16       memory_percent            57.8
2026-09-04 05:53:16       memory_used_mb            2265
2026-09-04 05:53:16       memory_available_mb       1651
2026-09-04 05:53:16       disk_read_per_sec         150535
2026-09-04 05:53:16       disk_write_per_sec        6119853
2026-09-04 05:53:16       net_send_per_sec          5746
2026-09-04 05:53:16       net_recv_per_sec          36920
2026-09-04 05:53:16       load1                     9.80
2026-09-04 05:53:16       load5                     8.83
2026-09-04 05:53:16       load15                    6.08
2026-09-04 05:53:16       active_sessions           23
2026-09-04 05:53:16       active_requests           11
2026-09-04 05:53:16       long_queries              9
2026-09-04 05:53:16       long_transactions         9
2026-09-04 05:53:16       idle_sessions             22
2026-09-04 05:53:16       lock_waits                0
2026-09-04 05:53:16       total_locks               13
2026-09-04 05:53:16       deadlocks_per_sec         0
2026-09-04 05:53:16       page_life_expectancy      843
2026-09-04 05:53:16       buffer_cache_hit_ratio    100.0
2026-09-04 05:53:16       transactions_per_sec      226.44
2026-09-04 05:53:16       page_reads_per_sec        0.0
2026-09-04 05:53:16       page_writes_per_sec       0.0
2026-09-04 05:53:16       rollbacks_per_sec         0.0
2026-09-04 05:53:16       batch_requests_per_sec    0.0
2026-09-04 05:53:16       sql_compilations_per_sec  0.0
2026-09-04 05:53:16       database_size_mb          0
2026-09-04 05:53:16       total_reads               715
2026-09-04 05:53:16       total_writes              684
2026-09-04 05:53:16       venta_locks               0
2026-09-04 05:53:16       detalle_venta_locks       0
2026-09-04 05:53:16       inventario_locks          0
2026-09-04 05:53:16       kardex_locks              0
2026-09-04 05:53:16       caja_locks                0
2026-09-04 05:53:16       movimiento_caja_locks     0
2026-09-04 05:53:16       auditoria_locks           0
2026-09-04 05:53:16       api_status                0
2026-09-04 05:53:16       api_latency_ms            5007
2026-09-04 05:53:16       products_count            0
2026-09-04 05:53:16       sales_count               0
2026-09-04 05:53:31       cpu_usr                   46.7
2026-09-04 05:53:31       cpu_sys                   17.0
2026-09-04 05:53:31       cpu_idl                   28.8
2026-09-04 05:53:31       cpu_wai                   0.1
2026-09-04 05:53:31       cpu_stl                   0.0
2026-09-04 05:53:31       memory_percent            58.1
2026-09-04 05:53:31       memory_used_mb            2276
2026-09-04 05:53:31       memory_available_mb       1641
2026-09-04 05:53:31       disk_read_per_sec         42459
2026-09-04 05:53:31       disk_write_per_sec        6306581
2026-09-04 05:53:31       net_send_per_sec          5647
2026-09-04 05:53:31       net_recv_per_sec          36090
2026-09-04 05:53:31       load1                     9.53
2026-09-04 05:53:31       load5                     8.81
2026-09-04 05:53:31       load15                    6.12
2026-09-04 05:53:31       active_sessions           23
2026-09-04 05:53:31       active_requests           10
2026-09-04 05:53:31       long_queries              9
2026-09-04 05:53:31       long_transactions         9
2026-09-04 05:53:31       idle_sessions             22
2026-09-04 05:53:31       lock_waits                0
2026-09-04 05:53:31       total_locks               13
2026-09-04 05:53:31       deadlocks_per_sec         0
2026-09-04 05:53:31       page_life_expectancy      858
2026-09-04 05:53:31       buffer_cache_hit_ratio    100.0
2026-09-04 05:53:31       transactions_per_sec      151.79
2026-09-04 05:53:31       page_reads_per_sec        0.0
2026-09-04 05:53:31       page_writes_per_sec       0.0
2026-09-04 05:53:31       rollbacks_per_sec         0.0
2026-09-04 05:53:31       batch_requests_per_sec    0.0
2026-09-04 05:53:31       sql_compilations_per_sec  0.0
2026-09-04 05:53:31       database_size_mb          0
2026-09-04 05:53:31       total_reads               715
2026-09-04 05:53:31       total_writes              688
2026-09-04 05:53:31       venta_locks               0
2026-09-04 05:53:31       detalle_venta_locks       0
2026-09-04 05:53:31       inventario_locks          0
2026-09-04 05:53:31       kardex_locks              0
2026-09-04 05:53:31       caja_locks                0
2026-09-04 05:53:31       movimiento_caja_locks     0
2026-09-04 05:53:31       auditoria_locks           0
2026-09-04 05:53:31       api_status                0
2026-09-04 05:53:31       api_latency_ms            5009
2026-09-04 05:53:31       products_count            0
2026-09-04 05:53:31       sales_count               0
